customerID,Contract,PaperlessBilling,PaymentMethod,MonthlyCharges,MonthlyChargeBand,TotalCharges,CustomerValue,IsMonthToMonth
7590-VHVEG,Month-to-month,Yes,Electronic check,29.85,Low,29.85,Low Value,Yes
5575-GNVDE,One year,No,Mailed check,56.95,Medium,1889.5,Medium Value,No
3668-QPYBK,Month-to-month,Yes,Mailed check,53.85,Medium,108.15,Low Value,Yes
7795-CFOCW,One year,No,Bank transfer (automatic),42.3,Medium,1840.75,Medium Value,No
9237-HQITU,Month-to-month,Yes,Electronic check,70.7,High,151.65,Low Value,Yes
9305-CDSKC,Month-to-month,Yes,Electronic check,99.65,Very High,820.5,Medium Value,Yes
1452-KIOVK,Month-to-month,Yes,Credit card (automatic),89.1,High,1949.4,Medium Value,Yes
6713-OKOMC,Month-to-month,No,Mailed check,29.75,Low,301.9,Low Value,Yes
7892-POOKP,Month-to-month,Yes,Electronic check,104.8,Very High,3046.05,High Value,Yes
6388-TABGU,One year,No,Bank transfer (automatic),56.15,Medium,3487.95,High Value,No
9763-GRSKD,Month-to-month,Yes,Mailed check,49.95,Medium,587.45,Low Value,Yes
7469-LKBCI,Two year,No,Credit card (automatic),18.95,Low,326.8,Low Value,No
8091-TTVAX,One year,No,Credit card (automatic),100.35,Very High,5681.1,High Value,No
0280-XJGEX,Month-to-month,Yes,Bank transfer (automatic),103.7,Very High,5036.3,High Value,Yes
5129-JLPIS,Month-to-month,Yes,Electronic check,105.5,Very High,2686.05,Medium Value,Yes
3655-SNQYZ,Two year,No,Credit card (automatic),113.25,Very High,7895.15,High Value,No
8191-XWSZG,One year,No,Mailed check,20.65,Low,1022.95,Medium Value,No
9959-WOFKT,Two year,No,Bank transfer (automatic),106.7,Very High,7382.25,High Value,No
4190-MFLUW,Month-to-month,No,Credit card (automatic),55.2,Medium,528.35,Low Value,Yes
4183-MYFRB,Month-to-month,Yes,Electronic check,90.05,Very High,1862.9,Medium Value,Yes
8779-QRDMV,Month-to-month,Yes,Electronic check,39.65,Medium,39.65,Low Value,Yes
1680-VDCWW,One year,No,Bank transfer (automatic),19.8,Low,202.25,Low Value,No
1066-JKSGK,Month-to-month,No,Mailed check,20.15,Low,20.15,Low Value,Yes
3638-WEABW,Two year,Yes,Credit card (automatic),59.9,Medium,3505.1,High Value,No
6322-HRPFA,Month-to-month,No,Credit card (automatic),59.6,Medium,2970.3,High Value,Yes
6865-JZNKO,Month-to-month,Yes,Bank transfer (automatic),55.3,Medium,1530.6,Medium Value,Yes
6467-CHFZW,Month-to-month,Yes,Electronic check,99.35,Very High,4749.15,High Value,Yes
8665-UTDHZ,Month-to-month,No,Electronic check,30.2,Low,30.2,Low Value,Yes
5248-YGIJN,Two year,Yes,Credit card (automatic),90.25,Very High,6369.45,High Value,No
8773-HHUOZ,Month-to-month,Yes,Mailed check,64.7,Medium,1093.1,Medium Value,Yes
3841-NFECX,Two year,Yes,Credit card (automatic),96.35,Very High,6766.95,High Value,No
4929-XIHVW,Month-to-month,Yes,Credit card (automatic),95.5,Very High,181.65,Low Value,Yes
6827-IEAUQ,One year,No,Mailed check,66.15,Medium,1874.45,Medium Value,No
7310-EGVHZ,Month-to-month,No,Bank transfer (automatic),20.2,Low,20.2,Low Value,Yes
3413-BMNZE,Month-to-month,No,Bank transfer (automatic),45.25,Medium,45.25,Low Value,Yes
6234-RAAPL,Two year,No,Bank transfer (automatic),99.9,Very High,7251.7,High Value,No
6047-YHPVI,Month-to-month,Yes,Electronic check,69.7,Medium,316.9,Low Value,Yes
6572-ADKRS,Month-to-month,Yes,Credit card (automatic),74.8,High,3548.3,High Value,Yes
5380-WJKOV,Month-to-month,Yes,Electronic check,106.35,Very High,3549.25,High Value,Yes
8168-UQWWF,Month-to-month,Yes,Bank transfer (automatic),97.85,Very High,1105.4,Medium Value,Yes
8865-TNMNX,One year,No,Mailed check,49.55,Medium,475.7,Low Value,No
9489-DEDVP,Two year,Yes,Credit card (automatic),69.2,Medium,4872.35,High Value,No
9867-JCZSP,One year,No,Mailed check,20.75,Low,418.25,Low Value,No
4671-VJLCL,Two year,Yes,Credit card (automatic),79.85,High,4861.45,High Value,No
4080-IIARD,Month-to-month,Yes,Electronic check,76.2,High,981.45,Medium Value,Yes
3714-NTNFO,Month-to-month,Yes,Electronic check,84.5,High,3906.7,High Value,Yes
5948-UJZLF,Month-to-month,No,Mailed check,49.25,Medium,97,Low Value,Yes
7760-OYPDY,Month-to-month,Yes,Electronic check,80.65,High,144.15,Low Value,Yes
7639-LIAYI,Two year,Yes,Credit card (automatic),79.75,High,4217.8,High Value,No
2954-PIBKO,Two year,Yes,Credit card (automatic),64.15,Medium,4254.1,High Value,No
8012-SOUDQ,Month-to-month,Yes,Electronic check,90.25,Very High,3838.75,High Value,Yes
9420-LOJKX,Month-to-month,Yes,Credit card (automatic),99.1,Very High,1426.4,Medium Value,Yes
6575-SUVOI,Month-to-month,Yes,Credit card (automatic),69.5,Medium,1752.65,Medium Value,Yes
7495-OOKFY,Month-to-month,Yes,Credit card (automatic),80.65,High,633.3,Low Value,Yes
4667-QONEA,One year,Yes,Credit card (automatic),74.85,High,4456.35,High Value,No
1658-BYGOY,Month-to-month,Yes,Electronic check,95.45,Very High,1752.55,Medium Value,Yes
8769-KKTPH,One year,Yes,Credit card (automatic),99.65,Very High,6311.2,High Value,No
5067-XJQFU,One year,Yes,Electronic check,108.45,Very High,7076.35,High Value,No
3957-SQXML,Two year,No,Credit card (automatic),24.95,Low,894.3,Medium Value,No
5954-BDFSG,Two year,Yes,Credit card (automatic),107.5,Very High,7853.7,High Value,No
0434-CSFON,Month-to-month,Yes,Electronic check,100.5,Very High,4707.1,High Value,Yes
1215-FIGMP,Month-to-month,Yes,Bank transfer (automatic),89.9,Very High,5450.7,High Value,Yes
0526-SXDJP,Two year,No,Bank transfer (automatic),42.1,Medium,2962,High Value,No
0557-ASKVU,One year,Yes,Credit card (automatic),54.4,Medium,957.1,Medium Value,No
5698-BQJOH,Month-to-month,No,Electronic check,94.4,Very High,857.25,Medium Value,Yes
5122-CYFXA,Month-to-month,Yes,Electronic check,75.3,High,244.1,Low Value,Yes
8627-ZYGSZ,One year,Yes,Electronic check,78.9,High,3650.35,High Value,No
3410-YOQBQ,Two year,No,Mailed check,79.2,High,2497.2,Medium Value,No
3170-NMYVV,Two year,No,Bank transfer (automatic),20.15,Low,930.9,Medium Value,No
7410-OIEDU,Month-to-month,Yes,Mailed check,79.85,High,887.35,Medium Value,Yes
2273-QCKXA,Month-to-month,No,Mailed check,49.05,Medium,49.05,Low Value,Yes
0731-EBJQB,One year,Yes,Electronic check,20.4,Low,1090.65,Medium Value,No
1891-QRQSA,Two year,Yes,Bank transfer (automatic),111.6,Very High,7099,High Value,No
8028-PNXHQ,Two year,Yes,Bank transfer (automatic),24.25,Low,1424.6,Medium Value,No
5630-AHZIL,Month-to-month,Yes,Bank transfer (automatic),64.5,Medium,177.4,Low Value,Yes
2673-CXQEU,One year,No,Electronic check,110.5,Very High,6139.5,High Value,No
6416-JNVRK,One year,No,Credit card (automatic),55.65,Medium,2688.85,Medium Value,No
5590-ZSKRV,Month-to-month,No,Mailed check,54.65,Medium,482.25,Low Value,Yes
0191-ZHSKZ,Month-to-month,Yes,Electronic check,74.75,High,2111.3,Medium Value,Yes
3887-PBQAO,One year,Yes,Credit card (automatic),25.9,Low,1216.6,Medium Value,No
5919-TMRGD,Month-to-month,Yes,Electronic check,79.35,High,79.35,Low Value,Yes
8108-UXRQN,Month-to-month,No,Electronic check,50.55,Medium,565.35,Low Value,Yes
9191-MYQKX,Month-to-month,Yes,Bank transfer (automatic),75.15,High,496.9,Low Value,Yes
9919-YLNNG,Month-to-month,Yes,Bank transfer (automatic),103.8,Very High,4327.5,High Value,Yes
0318-ZOPWS,Two year,Yes,Bank transfer (automatic),20.15,Low,973.35,Medium Value,No
4445-ZJNMU,Month-to-month,Yes,Credit card (automatic),99.3,Very High,918.75,Medium Value,Yes
4808-YNLEU,One year,Yes,Bank transfer (automatic),62.15,Medium,2215.45,Medium Value,No
1862-QRWPE,Two year,No,Bank transfer (automatic),20.65,Low,1057,Medium Value,No
2796-NNUFI,Two year,Yes,Mailed check,19.95,Low,927.1,Medium Value,No
3016-KSVCP,Month-to-month,No,Mailed check,33.75,Low,1009.25,Medium Value,Yes
4767-HZZHQ,Month-to-month,No,Bank transfer (automatic),82.05,High,2570.2,Medium Value,Yes
2424-WVHPL,Month-to-month,No,Electronic check,74.7,High,74.7,Low Value,Yes
7233-PAHHL,Two year,Yes,Mailed check,84,High,5714.25,High Value,No
6067-NGCEU,Month-to-month,Yes,Credit card (automatic),111.05,Very High,7107,High Value,Yes
9848-JQJTX,Two year,Yes,Bank transfer (automatic),100.9,Very High,7459.05,High Value,No
8637-XJIVR,Month-to-month,Yes,Electronic check,78.95,High,927.35,Medium Value,Yes
9803-FTJCG,One year,Yes,Credit card (automatic),66.85,Medium,4748.7,High Value,No
0278-YXOOG,Month-to-month,No,Mailed check,21.05,Low,113.85,Low Value,Yes
3212-KXOCR,Two year,No,Bank transfer (automatic),21,Low,1107.2,Medium Value,No
4598-XLKNJ,Month-to-month,Yes,Electronic check,98.5,Very High,2514.5,Medium Value,Yes
6380-ARCEH,Month-to-month,No,Mailed check,20.2,Low,20.2,Low Value,Yes
3679-XASPY,Month-to-month,No,Electronic check,19.45,Low,19.45,Low Value,Yes
7123-WQUHX,One year,No,Bank transfer (automatic),95,Very High,3605.6,High Value,No
5386-THSLQ,One year,No,Bank transfer (automatic),45.55,Medium,3027.25,High Value,No
3192-NQECA,Two year,Yes,Bank transfer (automatic),110,Very High,7611.85,High Value,No
6180-YBIQI,Month-to-month,No,Mailed check,24.3,Low,100.2,Low Value,Yes
6728-DKUCO,One year,Yes,Electronic check,104.15,Very High,7303.05,High Value,No
9750-BOOHV,One year,No,Mailed check,30.15,Low,927.65,Medium Value,No
8597-CWYHH,One year,No,Mailed check,94.35,Very High,3921.3,High Value,No
2848-YXSMW,Two year,No,Credit card (automatic),19.4,Low,1363.25,Medium Value,No
0486-HECZI,Month-to-month,Yes,Electronic check,96.75,Very High,5238.9,High Value,Yes
4549-ZDQYY,One year,No,Credit card (automatic),57.95,Medium,3042.25,High Value,No
5712-AHQNN,Month-to-month,Yes,Electronic check,91.65,Very High,3954.1,High Value,Yes
4846-WHAFZ,Month-to-month,Yes,Electronic check,76.5,High,2868.15,High Value,Yes
5256-SKJGO,Two year,Yes,Electronic check,54.6,Medium,3423.5,High Value,No
3071-VBYPO,Month-to-month,No,Electronic check,89.85,High,248.4,Low Value,Yes
9560-BBZXK,Two year,No,Bank transfer (automatic),31.05,Low,1126.35,Medium Value,No
5299-RULOA,Month-to-month,Yes,Electronic check,100.25,Very High,1064.65,Medium Value,Yes
8402-OOOHJ,Two year,No,Mailed check,20.65,Low,835.15,Medium Value,No
9445-ZUEQE,Month-to-month,Yes,Credit card (automatic),85.2,High,2151.6,Medium Value,Yes
1091-SOZGA,One year,Yes,Credit card (automatic),99.8,Very High,5515.45,High Value,No
2928-HLDBA,Month-to-month,No,Mailed check,20.7,Low,112.75,Low Value,Yes
0404-SWRVG,Month-to-month,Yes,Electronic check,74.4,High,229.55,Low Value,Yes
6497-TILVL,Month-to-month,No,Mailed check,50.7,Medium,350.35,Low Value,Yes
7219-TLZHO,Month-to-month,No,Mailed check,20.85,Low,62.9,Low Value,Yes
4622-YNKIJ,Two year,Yes,Electronic check,88.95,High,3027.65,High Value,No
4412-YLTKF,Month-to-month,Yes,Electronic check,78.05,High,2135.5,Medium Value,Yes
6734-PSBAW,Two year,Yes,Bank transfer (automatic),23.55,Low,1723.95,Medium Value,No
3930-ZGWVE,Month-to-month,No,Mailed check,19.75,Low,19.75,Low Value,Yes
2639-UGMAZ,One year,Yes,Electronic check,56.45,Medium,3985.35,High Value,No
2876-GZYZC,Month-to-month,Yes,Electronic check,85.95,High,1215.65,Medium Value,Yes
6207-WIOLX,Month-to-month,Yes,Credit card (automatic),58.6,Medium,1502.65,Medium Value,Yes
8587-XYZSF,Two year,No,Bank transfer (automatic),50.55,Medium,3260.1,High Value,No
3091-FYHKI,Month-to-month,Yes,Electronic check,35.45,Low,35.45,Low Value,Yes
2372-HWUHI,Month-to-month,No,Electronic check,44.35,Medium,81.25,Low Value,Yes
7799-LGRDP,Two year,Yes,Credit card (automatic),25.7,Low,1188.2,Medium Value,No
7850-VWJUU,Month-to-month,Yes,Bank transfer (automatic),75,High,1778.5,Medium Value,Yes
3774-VBNXY,Two year,No,Mailed check,20.2,Low,1277.75,Medium Value,No
6217-KDYWC,Two year,Yes,Mailed check,19.6,Low,1170.55,Medium Value,No
0390-DCFDQ,Month-to-month,Yes,Mailed check,70.45,High,70.45,Low Value,Yes
3146-MSEGF,Two year,Yes,Credit card (automatic),88.05,High,6425.65,High Value,No
4080-OGPJL,Month-to-month,No,Electronic check,71.15,High,563.65,Low Value,Yes
1095-WGNGG,Two year,Yes,Bank transfer (automatic),101.05,Very High,5971.25,High Value,No
2636-SJDOU,One year,Yes,Credit card (automatic),84.3,High,5289.05,High Value,No
1131-QQZEB,Two year,No,Bank transfer (automatic),23.95,Low,1756.2,Medium Value,No
5716-EZXZN,Two year,Yes,Credit card (automatic),99.05,Very High,6416.7,High Value,No
6837-BJYDQ,One year,No,Mailed check,19.6,Low,61.35,Low Value,No
2135-RXIHG,Month-to-month,Yes,Electronic check,45.65,Medium,45.65,Low Value,Yes
6440-DKQGE,One year,No,Credit card (automatic),64.5,Medium,1929.95,Medium Value,No
3466-BYAVD,Month-to-month,Yes,Mailed check,69.5,Medium,1071.4,Medium Value,Yes
3780-YVMFA,Month-to-month,Yes,Electronic check,68.55,Medium,564.35,Low Value,Yes
3874-EQOEP,Month-to-month,No,Mailed check,95,Very High,655.5,Low Value,Yes
1679-JRFBR,One year,Yes,Credit card (automatic),108.15,Very High,7930.55,High Value,No
9073-ZZIAY,Two year,No,Electronic check,86.1,High,5215.25,High Value,No
3077-RSNTJ,Month-to-month,No,Mailed check,19.7,Low,113.5,Low Value,Yes
6551-GNYDG,Month-to-month,Yes,Bank transfer (automatic),80.9,High,1152.8,Medium Value,Yes
9167-APMXZ,Month-to-month,Yes,Bank transfer (automatic),84.15,High,1821.95,Medium Value,Yes
2749-CTKAJ,One year,No,Mailed check,20.15,Low,419.9,Low Value,No
6371-NZYEG,Two year,No,Mailed check,64.25,Medium,1024,Medium Value,No
7554-NEWDD,Two year,No,Bank transfer (automatic),25.7,Low,251.6,Low Value,No
8992-VONJD,Month-to-month,Yes,Electronic check,56,Medium,764.55,Medium Value,Yes
0867-MKZVY,Month-to-month,No,Electronic check,82.4,High,1592.35,Medium Value,Yes
4482-EWFMI,Month-to-month,Yes,Electronic check,69.7,Medium,135.2,Low Value,Yes
4648-YPBTM,Two year,Yes,Bank transfer (automatic),73.9,High,3958.25,High Value,No
2907-ILJBN,One year,No,Mailed check,20.6,Low,233.9,Low Value,No
6345-FZOQH,Two year,No,Mailed check,19.9,Low,1363.45,Medium Value,No
3376-BMGFE,Month-to-month,Yes,Bank transfer (automatic),70.9,High,273,Low Value,Yes
5997-OPVFA,Two year,Yes,Bank transfer (automatic),89.05,High,6254.45,High Value,No
3445-HXXGF,Month-to-month,Yes,Electronic check,45.3,Medium,2651.2,Medium Value,Yes
1159-WFSGR,Month-to-month,No,Electronic check,20.4,Low,321.4,Low Value,Yes
7654-YWJUF,One year,Yes,Bank transfer (automatic),84.25,High,3539.25,High Value,No
1875-QIVME,Month-to-month,Yes,Electronic check,104.4,Very High,242.8,Low Value,Yes
6727-IOTLZ,Two year,No,Mailed check,81.95,High,1181.75,Medium Value,No
0691-JVSYA,One year,Yes,Bank transfer (automatic),94.85,Very High,5000.2,High Value,No
5918-VUKWP,One year,No,Bank transfer (automatic),20.55,Low,654.55,Low Value,No
1744-JHKYS,Month-to-month,No,Electronic check,24.7,Low,780.2,Medium Value,Yes
2656-FMOKZ,Month-to-month,Yes,Mailed check,74.45,High,1145.7,Medium Value,Yes
2070-FNEXE,Month-to-month,No,Bank transfer (automatic),76.45,High,503.6,Low Value,Yes
5947-SGKCL,Month-to-month,Yes,Bank transfer (automatic),105.35,Very High,1559.25,Medium Value,Yes
3712-PKXZA,One year,Yes,Credit card (automatic),20.55,Low,1252,Medium Value,No
6317-YPKDH,Month-to-month,No,Bank transfer (automatic),29.95,Low,29.95,Low Value,Yes
6582-OIVSP,Month-to-month,No,Mailed check,45.3,Medium,45.3,Low Value,Yes
9367-WXLCH,Month-to-month,No,Bank transfer (automatic),84.5,High,662.65,Low Value,Yes
5524-KHNJP,One year,No,Credit card (automatic),74.75,High,2453.3,Medium Value,No
1918-ZBFQJ,Month-to-month,Yes,Electronic check,79.25,High,1111.65,Medium Value,Yes
1024-GUALD,Month-to-month,Yes,Electronic check,24.8,Low,24.8,Low Value,Yes
4827-USJHP,Month-to-month,Yes,Mailed check,51.8,Medium,1023.85,Medium Value,Yes
8167-GJLRN,Month-to-month,No,Electronic check,30.4,Low,82.15,Low Value,Yes
0956-SYCWG,One year,No,Electronic check,19.65,Low,244.8,Low Value,No
8017-UVSZU,Month-to-month,No,Credit card (automatic),56.6,Medium,2379.1,Medium Value,Yes
7100-FQPRV,One year,Yes,Credit card (automatic),71.9,High,3173.35,High Value,No
2472-OVKUP,Month-to-month,Yes,Electronic check,91,Very High,531,Low Value,Yes
2984-RGEYA,Two year,No,Bank transfer (automatic),19.75,Low,1375.4,Medium Value,No
9680-NIAUV,Two year,No,Credit card (automatic),109.7,Very High,8129.3,High Value,No
2146-EGVDT,Two year,No,Credit card (automatic),19.3,Low,1192.7,Medium Value,No
2604-IJPDU,Month-to-month,Yes,Electronic check,96.55,Very High,1901.65,Medium Value,Yes
9178-JHUVJ,Two year,Yes,Bank transfer (automatic),24.1,Low,587.4,Low Value,No
6168-YBYNP,Month-to-month,Yes,Electronic check,111.35,Very High,6519.75,High Value,Yes
7255-SSFBC,Two year,Yes,Bank transfer (automatic),112.25,Very High,8041.65,High Value,No
3645-DEYGF,Month-to-month,No,Mailed check,20.75,Low,20.75,Low Value,Yes
9323-HGFWY,One year,Yes,Credit card (automatic),101.9,Very High,2681.15,Medium Value,No
8544-GOQSH,Month-to-month,Yes,Credit card (automatic),80.05,High,1112.3,Medium Value,Yes
3363-DTIVD,Two year,No,Electronic check,105.55,Very High,7405.5,High Value,No
7018-WBJNK,Month-to-month,Yes,Credit card (automatic),78.3,High,1033.95,Medium Value,Yes
9142-KZXOP,Month-to-month,No,Credit card (automatic),68.85,Medium,2958.95,High Value,Yes
7674-YTAFD,One year,Yes,Bank transfer (automatic),79.95,High,2684.85,Medium Value,No
6348-SNFUS,Two year,Yes,Credit card (automatic),55.45,Medium,4179.2,High Value,No
1285-OKIPP,Month-to-month,No,Electronic check,79.9,High,79.9,Low Value,Yes
7825-ECJRF,Month-to-month,Yes,Electronic check,106.6,Very High,1934.45,Medium Value,Yes
1347-KTTTA,One year,Yes,Credit card (automatic),102.45,Very High,6654.1,High Value,No
7841-TZDMQ,Month-to-month,Yes,Credit card (automatic),46,Medium,84.5,Low Value,Yes
4195-NZGTA,Month-to-month,No,Electronic check,25.25,Low,25.25,Low Value,Yes
7157-SMCFK,Two year,No,Mailed check,19.75,Low,1124.2,Medium Value,No
4709-LKHYG,One year,No,Electronic check,20,Low,540.05,Low Value,No
2504-DSHIH,Month-to-month,No,Electronic check,86.8,High,1975.85,Medium Value,Yes
0699-NDKJM,Month-to-month,Yes,Bank transfer (automatic),58.75,Medium,3437.45,High Value,Yes
9286-BHDQG,Two year,No,Credit card (automatic),45.25,Medium,3139.8,High Value,No
0230-WEQUW,Two year,Yes,Bank transfer (automatic),56.6,Medium,3789.2,High Value,No
2040-LDIWQ,Two year,Yes,Bank transfer (automatic),84.2,High,5324.5,High Value,No
6496-JDSSB,Month-to-month,Yes,Bank transfer (automatic),80,High,624.6,Low Value,Yes
9408-SSNVZ,Month-to-month,Yes,Electronic check,70.15,Medium,268.35,Low Value,Yes
4443-EMBNA,Two year,No,Bank transfer (automatic),24.75,Low,1836.9,Medium Value,No
6469-MRVET,One year,Yes,Electronic check,20.2,Low,20.2,Low Value,No
0742-MOABM,Month-to-month,No,Mailed check,50.05,Medium,179.35,Low Value,Yes
5961-VUSRV,One year,Yes,Bank transfer (automatic),19.35,Low,219.35,Low Value,No
6778-JFCMK,One year,Yes,Mailed check,50.6,Medium,1288.75,Medium Value,No
6341-JVQGF,One year,Yes,Mailed check,81.15,High,2545.75,Medium Value,No
2232-DMLXU,Month-to-month,No,Mailed check,55.2,Medium,55.2,Low Value,Yes
4811-JBUVU,Month-to-month,Yes,Credit card (automatic),89.9,Very High,2723.15,Medium Value,Yes
0945-TSONX,Two year,Yes,Credit card (automatic),85.3,High,4107.25,High Value,No
2651-ZCBXV,Two year,Yes,Credit card (automatic),108,Very High,5760.65,High Value,No
3316-UWXUY,Month-to-month,Yes,Credit card (automatic),93.5,Very High,4747.5,High Value,Yes
8937-RDTHP,Month-to-month,Yes,Mailed check,84.6,High,84.6,Low Value,Yes
7083-MIOPC,Two year,No,Credit card (automatic),20.25,Low,1566.9,Medium Value,No
1984-GPTEH,Month-to-month,No,Electronic check,25.15,Low,702,Medium Value,Yes
1251-KRREG,Month-to-month,Yes,Mailed check,54.4,Medium,114.1,Low Value,Yes
0621-JFHOL,Two year,Yes,Mailed check,29.6,Low,299.05,Low Value,No
9903-LYSAB,Month-to-month,Yes,Electronic check,73.15,High,1305.95,Medium Value,Yes
0094-OIFMO,Month-to-month,Yes,Electronic check,95,Very High,1120.3,Medium Value,Yes
9227-UAQFT,Two year,No,Mailed check,19.75,Low,284.35,Low Value,No
7301-ABVAD,Two year,No,Bank transfer (automatic),86.6,High,6350.5,High Value,No
6614-FHDBO,Two year,No,Bank transfer (automatic),109.2,Very High,7878.3,High Value,No
7576-ASEJU,One year,Yes,Credit card (automatic),74.7,High,3187.65,High Value,No
9058-HRZSV,Month-to-month,No,Electronic check,94.4,Very High,6126.15,High Value,Yes
4522-AKYLR,Month-to-month,Yes,Electronic check,54.8,Medium,731.3,Medium Value,Yes
0221-WMXNQ,Month-to-month,No,Electronic check,75.35,High,273.4,Low Value,Yes
0303-UNCIP,One year,No,Mailed check,65,Medium,2531.8,Medium Value,No
9947-OTFQU,Month-to-month,Yes,Electronic check,74.4,High,1074.3,Medium Value,Yes
0322-YINQP,Month-to-month,Yes,Mailed check,48.55,Medium,48.55,Low Value,Yes
0959-WHOKV,One year,Yes,Electronic check,99,Very High,4298.45,High Value,No
4075-JFPGR,One year,Yes,Electronic check,93.5,Very High,4619.55,High Value,No
4629-NRXKX,Month-to-month,No,Electronic check,70.4,High,147.15,Low Value,Yes
9514-JDSKI,Month-to-month,No,Electronic check,40.2,Medium,40.2,Low Value,Yes
3282-ZISZV,One year,No,Credit card (automatic),83.7,High,2633.3,Medium Value,No
3675-YDUPJ,Month-to-month,Yes,Mailed check,19.85,Low,193.05,Low Value,Yes
4111-BNXIF,Two year,Yes,Electronic check,59.55,Medium,4103.9,High Value,No
7017-VFHAY,Two year,No,Credit card (automatic),115.1,Very High,7008.15,High Value,No
6655-LHBYW,One year,No,Credit card (automatic),114.35,Very High,5791.1,High Value,No
4959-JOSRX,Month-to-month,Yes,Credit card (automatic),44.6,Medium,80.55,Low Value,Yes
5046-NUHWD,Month-to-month,Yes,Electronic check,45,Medium,1228.65,Medium Value,Yes
7273-TEFQD,Month-to-month,Yes,Electronic check,41.15,Medium,132.2,Low Value,Yes
3606-TWKGI,Month-to-month,Yes,Electronic check,106.9,Very High,1364.3,Medium Value,Yes
7529-ZDFXI,Month-to-month,Yes,Electronic check,89.85,High,4925.35,High Value,Yes
7605-BDWDC,Two year,Yes,Bank transfer (automatic),49.85,Medium,1520.1,Medium Value,No
1950-KSVVJ,One year,No,Mailed check,113.3,Very High,5032.25,High Value,No
0123-CRBRT,Two year,No,Mailed check,88.1,High,5526.75,High Value,No
6292-TOSSS,Two year,No,Bank transfer (automatic),24.9,Low,1195.25,Medium Value,No
3197-ARFOY,Month-to-month,Yes,Mailed check,105,Very High,2007.25,Medium Value,Yes
6323-AYBRX,Two year,No,Mailed check,19.35,Low,1099.6,Medium Value,No
7014-ZZXAW,Two year,Yes,Credit card (automatic),24.25,Low,1732.95,Medium Value,No
4385-GZQXV,Month-to-month,Yes,Electronic check,94.45,Very High,1511.2,Medium Value,Yes
7633-MVPUY,Two year,Yes,Electronic check,59.75,Medium,3450.15,High Value,No
6366-ZGQGL,Month-to-month,No,Bank transfer (automatic),24.8,Low,24.8,Low Value,Yes
4716-HHKQH,Month-to-month,No,Electronic check,107.05,Very High,2172.05,Medium Value,Yes
5940-AHUHD,Month-to-month,No,Mailed check,70.6,High,70.6,Low Value,Yes
6432-TWQLB,Month-to-month,Yes,Electronic check,85.4,High,401.1,Low Value,Yes
4484-GLZOU,Month-to-month,Yes,Electronic check,105.05,Very High,5624.85,High Value,Yes
3179-GBRWV,Month-to-month,Yes,Bank transfer (automatic),64.95,Medium,1339.8,Medium Value,Yes
8645-KWHJO,Month-to-month,Yes,Electronic check,55,Medium,771.95,Medium Value,Yes
4130-MZLCC,Month-to-month,No,Bank transfer (automatic),50.55,Medium,244.75,Low Value,Yes
0314-TKOSI,Month-to-month,No,Mailed check,55.15,Medium,322.9,Low Value,Yes
8229-MYEJZ,Month-to-month,No,Electronic check,51.2,Medium,498.25,Low Value,Yes
2080-SRCDE,Month-to-month,No,Mailed check,25.4,Low,25.4,Low Value,Yes
9577-WJVCQ,Month-to-month,No,Mailed check,54.45,Medium,3687.75,High Value,Yes
9512-UIBFX,Month-to-month,No,Mailed check,95.15,Very High,1779.95,Medium Value,Yes
6202-DYYFX,One year,Yes,Credit card (automatic),76,High,1783.6,Medium Value,No
3808-HFKDE,Month-to-month,Yes,Electronic check,44.35,Medium,927.15,Medium Value,Yes
5583-SXDAG,Month-to-month,No,Electronic check,70,Medium,70,Low Value,Yes
3488-PGMQJ,Month-to-month,Yes,Electronic check,74.5,High,606.55,Low Value,Yes
3580-REOAC,Month-to-month,Yes,Credit card (automatic),44.85,Medium,435.4,Low Value,Yes
7534-BFESC,Month-to-month,Yes,Electronic check,76.1,High,1712.7,Medium Value,Yes
3727-OWVYD,One year,No,Mailed check,61.2,Medium,2021.2,Medium Value,No
2294-SALNE,One year,No,Mailed check,86.8,High,1940.8,Medium Value,No
4847-TAJYI,Month-to-month,Yes,Electronic check,89.35,High,567.8,Low Value,Yes
1563-IWQEX,Month-to-month,No,Mailed check,19.7,Low,220.35,Low Value,Yes
8203-XJZRC,Month-to-month,No,Mailed check,20.25,Low,20.25,Low Value,Yes
6556-DBKZF,Two year,No,Electronic check,76.05,High,5436.45,High Value,No
6851-WEFYX,Month-to-month,Yes,Electronic check,100.8,Very High,3437.5,High Value,Yes
2985-JUUBZ,Month-to-month,Yes,Electronic check,74.55,High,3015.75,High Value,Yes
6390-DSAZX,Month-to-month,Yes,Mailed check,73.6,High,73.6,Low Value,Yes
0895-LMRSF,One year,Yes,Bank transfer (automatic),64.9,Medium,1509.8,Medium Value,No
8098-LLAZX,Month-to-month,Yes,Electronic check,95.45,Very High,396.1,Low Value,Yes
8266-VBFQL,Month-to-month,Yes,Electronic check,90.4,Very High,356.65,Low Value,Yes
8181-YHCMF,Two year,No,Credit card (automatic),60.3,Medium,4109,High Value,No
2240-HSJQD,Month-to-month,Yes,Mailed check,81.85,High,3141.7,High Value,Yes
1248-DYXUB,Two year,No,Mailed check,24.8,Low,1229.1,Medium Value,No
0265-EDXBD,Month-to-month,Yes,Electronic check,74.9,High,2303.35,Medium Value,Yes
4115-BNPJY,Two year,No,Mailed check,75.55,High,2054.4,Medium Value,No
3167-SNQPL,Month-to-month,No,Electronic check,101.15,Very High,3741.85,High Value,Yes
4091-TVOCN,One year,Yes,Credit card (automatic),78.75,High,3682.45,High Value,No
1098-TDVUQ,Month-to-month,Yes,Bank transfer (automatic),19.25,Low,19.25,Low Value,Yes
7277-OZCGZ,Month-to-month,Yes,Electronic check,89.05,High,1886.25,Medium Value,Yes
1557-EMYVT,Two year,No,Credit card (automatic),115.05,Very High,4895.1,High Value,No
2799-ARNLO,Month-to-month,Yes,Electronic check,69.35,Medium,341.6,Low Value,Yes
7563-BIUPC,Month-to-month,Yes,Electronic check,80.6,High,415.55,Low Value,Yes
5027-YOCXN,One year,No,Credit card (automatic),110.05,Very High,5686.4,High Value,No
3973-SKMLN,Two year,Yes,Credit card (automatic),19.9,Low,1355.1,Medium Value,No
2321-OMBXY,One year,No,Credit card (automatic),80.3,High,3058.65,High Value,No
2840-XANRC,Month-to-month,Yes,Electronic check,93.15,Very High,2231.05,Medium Value,Yes
6745-JEFZB,Month-to-month,Yes,Credit card (automatic),91.5,Very High,3236.35,High Value,Yes
5020-ZSTTY,One year,No,Bank transfer (automatic),82.45,High,4350.1,High Value,No
9880-TDQAC,Two year,Yes,Electronic check,60,Medium,4264,High Value,No
8705-WZCYL,Month-to-month,Yes,Electronic check,44.8,Medium,44.8,Low Value,Yes
7102-JJVTX,One year,No,Mailed check,48.6,Medium,422.3,Low Value,No
8626-PTQGE,Two year,Yes,Bank transfer (automatic),60.05,Medium,4176.7,High Value,No
4983-CLMLV,Month-to-month,Yes,Credit card (automatic),102.7,Very High,5138.1,High Value,Yes
5701-YVSVF,Month-to-month,Yes,Electronic check,82.9,High,880.05,Medium Value,Yes
5804-LEPIM,Month-to-month,Yes,Electronic check,70.35,Medium,139.05,Low Value,Yes
5697-GOMBF,Month-to-month,Yes,Electronic check,35.9,Medium,973.65,Medium Value,Yes
2739-CACDQ,Month-to-month,Yes,Credit card (automatic),82.65,High,1470.05,Medium Value,Yes
9385-EHGDO,Two year,Yes,Mailed check,19.85,Low,739.35,Medium Value,No
9498-FIMXL,One year,Yes,Mailed check,19.2,Low,161.95,Low Value,No
2379-GYFLQ,One year,Yes,Credit card (automatic),94.9,Very High,4422.95,High Value,No
0122-OAHPZ,Month-to-month,Yes,Electronic check,73.85,High,511.25,Low Value,Yes
2868-SNELZ,Month-to-month,No,Mailed check,80.6,High,155.8,Low Value,Yes
4322-RCYMT,One year,Yes,Bank transfer (automatic),75.8,High,5293.95,High Value,No
6680-NENYN,Two year,Yes,Electronic check,104.6,Very High,4759.85,High Value,No
2088-IEBAU,Two year,Yes,Electronic check,88.15,High,6148.45,High Value,No
7982-VCELR,Month-to-month,Yes,Credit card (automatic),94.8,Very High,3565.65,High Value,Yes
1343-EHPYB,Month-to-month,Yes,Electronic check,103.4,Very High,6603,High Value,Yes
6035-BXTTY,Month-to-month,No,Bank transfer (automatic),54.65,Medium,1830.1,Medium Value,Yes
6885-PKOAM,Two year,No,Credit card (automatic),85.75,High,6223.8,High Value,No
7520-HQWJU,Month-to-month,Yes,Bank transfer (automatic),67.45,Medium,4508.65,High Value,Yes
9639-BUJXT,One year,No,Mailed check,20.5,Low,1328.15,Medium Value,No
5924-SNGKP,One year,Yes,Credit card (automatic),20.25,Low,865,Medium Value,No
0021-IKXGC,Month-to-month,Yes,Electronic check,72.1,High,72.1,Low Value,Yes
2034-GDRCN,Month-to-month,Yes,Electronic check,90.4,Very High,168.2,Low Value,Yes
8966-SNIZF,Two year,No,Bank transfer (automatic),19.45,Low,1303.5,Medium Value,No
6243-OZGFH,Month-to-month,Yes,Electronic check,44.95,Medium,996.85,Medium Value,Yes
4654-DLAMQ,One year,No,Bank transfer (automatic),97,Very High,6430.9,High Value,No
0513-RBGPE,Two year,Yes,Credit card (automatic),62.8,Medium,2278.75,Medium Value,No
5160-UXJED,One year,No,Mailed check,44.6,Medium,681.4,Medium Value,No
4115-NZRKS,Month-to-month,Yes,Electronic check,89.15,High,574.35,Low Value,Yes
0219-YTZUE,Month-to-month,Yes,Bank transfer (automatic),84.8,High,371.9,Low Value,Yes
0623-IIHUG,Month-to-month,Yes,Electronic check,41.9,Medium,840.1,Medium Value,Yes
4572-DVCGN,Month-to-month,Yes,Bank transfer (automatic),80.25,High,846,Medium Value,Yes
3351-NGXYI,Month-to-month,Yes,Electronic check,54.1,Medium,889,Medium Value,Yes
8984-EYLLL,Two year,Yes,Electronic check,105.25,Very High,6823.4,High Value,No
9057-MSWCO,Month-to-month,No,Credit card (automatic),30.75,Low,805.1,Medium Value,Yes
9833-TGFHX,One year,No,Electronic check,97.1,Very High,4016.75,High Value,No
9294-TDIPC,Month-to-month,No,Mailed check,20.2,Low,83.75,Low Value,Yes
5229-DTFYB,Two year,Yes,Bank transfer (automatic),98.8,Very High,3959.15,High Value,No
0104-PPXDV,One year,No,Credit card (automatic),50.3,Medium,2878.55,High Value,No
5176-LMJXE,Two year,Yes,Mailed check,20.55,Low,945.7,Medium Value,No
3583-KRKMD,Month-to-month,Yes,Bank transfer (automatic),75.9,High,1373.05,Medium Value,Yes
1010-DIAUQ,Month-to-month,No,Bank transfer (automatic),96.5,Very High,492.55,Low Value,Yes
9069-LGEUL,Month-to-month,Yes,Bank transfer (automatic),59.95,Medium,1406,Medium Value,Yes
7302-ZHMHP,Month-to-month,No,Mailed check,19.15,Low,19.15,Low Value,Yes
9571-EDEBV,One year,Yes,Credit card (automatic),98.65,Very High,6962.85,High Value,No
3520-FJGCV,Two year,Yes,Credit card (automatic),112.6,Very High,8126.65,High Value,No
6563-VRERX,One year,No,Mailed check,20.6,Low,690.25,Medium Value,No
0259-GBZSH,Month-to-month,Yes,Electronic check,85.65,High,181.5,Low Value,Yes
6122-EFVKN,Two year,No,Mailed check,35.75,Medium,830.8,Medium Value,No
2805-EDJPQ,One year,Yes,Credit card (automatic),99.75,Very High,5608.4,High Value,No
6862-CQUMB,Month-to-month,Yes,Credit card (automatic),96.1,Very High,3646.8,High Value,Yes
7156-MXBJE,One year,No,Credit card (automatic),85.1,High,3662.25,High Value,No
6158-HDPXZ,Month-to-month,No,Mailed check,25.35,Low,25.35,Low Value,Yes
9601-BRXPO,Month-to-month,Yes,Bank transfer (automatic),104.95,Very High,2566.5,Medium Value,Yes
2863-IMQDR,Two year,No,Electronic check,89.65,High,5308.7,High Value,No
5686-CMAWK,One year,No,Electronic check,86.75,High,1410.25,Medium Value,No
5651-CRHKQ,One year,Yes,Bank transfer (automatic),86.2,High,3339.05,High Value,No
6905-NIQIN,Month-to-month,No,Mailed check,50.65,Medium,50.65,Low Value,Yes
8204-YJCLA,Two year,Yes,Bank transfer (automatic),64.8,Medium,4732.35,High Value,No
5167-ZFFMM,Month-to-month,Yes,Credit card (automatic),90.85,Very High,90.85,Low Value,Yes
6583-SZVGP,Two year,Yes,Bank transfer (automatic),108.1,Very High,5067.45,High Value,No
4895-TMWIR,Month-to-month,No,Mailed check,19.95,Low,214.75,Low Value,Yes
0533-BNWKF,Month-to-month,Yes,Electronic check,85.45,High,4874.7,High Value,Yes
1708-PBBOA,One year,Yes,Electronic check,54.75,Medium,2348.45,Medium Value,No
8782-LKFPK,Month-to-month,Yes,Mailed check,90.4,Very High,4063,High Value,Yes
5522-JBWMO,Month-to-month,No,Electronic check,44,Medium,44,Low Value,Yes
3597-MVHJT,Month-to-month,Yes,Bank transfer (automatic),95.6,Very High,2595.25,Medium Value,Yes
9774-NRNAU,Month-to-month,Yes,Bank transfer (automatic),84.8,High,2309.55,Medium Value,Yes
0224-RLWWD,Month-to-month,Yes,Electronic check,44.3,Medium,89.3,Low Value,Yes
9967-ATRFS,Month-to-month,No,Mailed check,19.9,Low,367.55,Low Value,Yes
3951-NJCVI,Month-to-month,Yes,Electronic check,95.05,Very High,3944.5,High Value,Yes
2977-CEBSX,Two year,Yes,Credit card (automatic),90.05,Very High,5965.95,High Value,No
0177-PXBAT,Month-to-month,Yes,Bank transfer (automatic),109.9,Very High,3694.7,High Value,Yes
6599-CEBNN,Month-to-month,Yes,Credit card (automatic),73.95,High,2524.45,Medium Value,Yes
2519-ERQOJ,Month-to-month,Yes,Electronic check,54.6,Medium,1803.7,Medium Value,Yes
5876-QMYLD,One year,No,Mailed check,20.05,Low,415.1,Low Value,No
2277-AXSDC,One year,No,Bank transfer (automatic),19.75,Low,624.15,Low Value,No
9442-JTWDL,One year,No,Credit card (automatic),20.05,Low,237.7,Low Value,No
0979-PHULV,Month-to-month,Yes,Credit card (automatic),99.45,Very High,7007.6,High Value,Yes
3067-SVMTC,One year,No,Bank transfer (automatic),55.9,Medium,3848.8,High Value,No
5495-GPSRW,Two year,Yes,Mailed check,19.7,Low,419.4,Low Value,No
7606-BPHHN,Two year,Yes,Credit card (automatic),19.8,Low,1468.75,Medium Value,No
4742-DRORA,One year,Yes,Bank transfer (automatic),95.4,Very High,5812,High Value,No
0111-KLBQG,Month-to-month,Yes,Mailed check,93.95,Very High,2861.45,High Value,Yes
4800-VHZKI,Month-to-month,Yes,Mailed check,19.9,Low,19.9,Low Value,Yes
7989-CHGTL,Month-to-month,Yes,Mailed check,19.6,Low,19.6,Low Value,Yes
0334-GDDSO,Month-to-month,Yes,Electronic check,81.35,High,233.7,Low Value,Yes
4163-NCJAK,One year,Yes,Bank transfer (automatic),24.45,Low,1066.15,Medium Value,No
5233-AOZUF,Month-to-month,Yes,Electronic check,74.95,High,2149.05,Medium Value,Yes
5973-EJGDP,Month-to-month,Yes,Electronic check,87.35,High,4473,High Value,Yes
1996-DBMUS,Month-to-month,Yes,Bank transfer (automatic),70.65,High,3545.05,High Value,Yes
7916-VCCPB,Month-to-month,No,Bank transfer (automatic),73.25,High,1195.75,Medium Value,Yes
4686-GEFRM,Two year,Yes,Bank transfer (automatic),98.7,Very High,6858.9,High Value,No
5249-QYHEX,Two year,Yes,Mailed check,24.8,Low,1024.7,Medium Value,No
0578-SKVMF,Month-to-month,No,Electronic check,83.3,High,1845.9,Medium Value,Yes
5564-NEMQO,Month-to-month,Yes,Bank transfer (automatic),75.3,High,75.3,Low Value,Yes
2233-FAGXV,Month-to-month,Yes,Mailed check,24.3,Low,132.25,Low Value,Yes
5605-IYGFG,Month-to-month,Yes,Bank transfer (automatic),69.85,Medium,515.45,Low Value,Yes
7663-ZTEGJ,One year,No,Credit card (automatic),100.55,Very High,2830.45,High Value,No
3935-TBRZZ,One year,No,Mailed check,25.7,Low,1110.5,Medium Value,No
8111-BKVDS,Month-to-month,No,Bank transfer (automatic),40.7,Medium,449.3,Low Value,Yes
2055-SIFSS,Month-to-month,No,Bank transfer (automatic),51.65,Medium,2838.55,High Value,Yes
2806-MLNTI,One year,Yes,Bank transfer (automatic),105.1,Very High,5376.4,High Value,No
8734-DKSTZ,Month-to-month,No,Electronic check,85.95,High,858.6,Medium Value,Yes
4360-PNRQB,Month-to-month,Yes,Bank transfer (automatic),75.6,High,1395.05,Medium Value,Yes
6152-ONASV,One year,No,Bank transfer (automatic),58.25,Medium,3975.7,High Value,No
9063-ZGTUY,Month-to-month,Yes,Mailed check,19.4,Low,1182.55,Medium Value,Yes
7781-HVGMK,Two year,Yes,Credit card (automatic),65.2,Medium,4784.45,High Value,No
2181-UAESM,Month-to-month,No,Electronic check,53.45,Medium,119.5,Low Value,Yes
2957-LOLHO,Month-to-month,Yes,Bank transfer (automatic),45.4,Medium,518.9,Low Value,Yes
6048-NJXHX,Two year,Yes,Electronic check,19.75,Low,899.45,Medium Value,No
2320-SLKMB,Month-to-month,Yes,Credit card (automatic),44.45,Medium,1183.8,Medium Value,Yes
4980-URKXC,One year,No,Bank transfer (automatic),20.85,Low,720.05,Medium Value,No
4376-KFVRS,Two year,Yes,Credit card (automatic),114.05,Very High,8468.2,High Value,No
5886-VLQVU,Month-to-month,Yes,Bank transfer (automatic),89.85,High,3161.2,High Value,Yes
3577-AMVUX,Month-to-month,No,Mailed check,55.05,Medium,55.05,Low Value,Yes
0771-WLCLA,Month-to-month,Yes,Electronic check,112.95,Very High,1882.55,Medium Value,Yes
5628-RKIFK,Month-to-month,No,Credit card (automatic),101.55,Very High,5070.4,High Value,Yes
0206-TBWLC,One year,Yes,Mailed check,114.65,Very High,6049.5,High Value,No
2937-FTHUR,Month-to-month,No,Electronic check,64.8,Medium,1166.7,Medium Value,Yes
1910-FMXJM,Month-to-month,No,Electronic check,80.4,High,2937.65,High Value,Yes
7752-XUSCI,Month-to-month,Yes,Electronic check,105.9,Very High,6396.45,High Value,Yes
4110-PFEUZ,Month-to-month,No,Mailed check,69.55,Medium,69.55,Low Value,Yes
0732-OCQOC,Two year,Yes,Bank transfer (automatic),25.05,Low,1270.25,Medium Value,No
5168-MSWXT,Month-to-month,Yes,Electronic check,94.75,Very High,759.55,Medium Value,Yes
1090-ESELR,Two year,No,Bank transfer (automatic),105.5,Very High,7611.55,High Value,No
8592-PLTMQ,One year,No,Mailed check,24.7,Low,1642.75,Medium Value,No
5760-WRAHC,Month-to-month,Yes,Mailed check,69.75,Medium,1545.4,Medium Value,Yes
8847-GEOOQ,Month-to-month,Yes,Bank transfer (automatic),60.2,Medium,3582.4,High Value,Yes
0256-LTHVJ,Month-to-month,Yes,Electronic check,81.05,High,2227.1,Medium Value,Yes
4785-FCIFB,Two year,No,Mailed check,24.4,Low,1417.9,Medium Value,No
8313-NDOIA,Month-to-month,Yes,Electronic check,104.15,Very High,2494.65,Medium Value,Yes
5149-CUZUJ,One year,No,Bank transfer (automatic),92.9,Very High,2768.35,High Value,No
0942-KOWSM,Two year,No,Bank transfer (automatic),80.8,High,2369.3,Medium Value,No
4237-CLSMM,Month-to-month,No,Mailed check,20,Low,38,Low Value,Yes
1452-VOQCH,Month-to-month,Yes,Electronic check,75.1,High,75.1,Low Value,Yes
4719-UMSIY,Month-to-month,No,Mailed check,19.65,Low,100.9,Low Value,Yes
6614-VBEGU,Month-to-month,Yes,Bank transfer (automatic),69.45,Medium,1614.05,Medium Value,Yes
0880-TKATG,Month-to-month,No,Electronic check,101.15,Very High,385.9,Low Value,Yes
3811-VBYBZ,Month-to-month,Yes,Electronic check,99.8,Very High,673.25,Low Value,Yes
1480-BKXGA,Two year,Yes,Bank transfer (automatic),116.05,Very High,8404.9,High Value,No
2996-XAUVF,Two year,Yes,Mailed check,40.05,Medium,2799.75,High Value,No
9076-AXYIK,Two year,No,Electronic check,102.1,Very High,6538.45,High Value,No
5968-XQIVE,One year,Yes,Electronic check,89.7,High,6588.95,High Value,No
8896-RAZCR,Two year,No,Mailed check,19.9,Low,868.1,Medium Value,No
4640-UHDOS,Month-to-month,No,Electronic check,55.95,Medium,734.35,Medium Value,Yes
4933-IKULF,One year,No,Mailed check,20.65,Low,330.6,Low Value,No
3583-EKAPL,Month-to-month,Yes,Electronic check,55,Medium,55,Low Value,Yes
1304-BCCFO,Month-to-month,Yes,Mailed check,70.05,Medium,564.4,Low Value,Yes
4104-PVRPS,Month-to-month,No,Mailed check,53.6,Medium,1315.35,Medium Value,Yes
9399-APLBT,Month-to-month,Yes,Electronic check,74.7,High,74.7,Low Value,Yes
2359-KMGLI,Month-to-month,Yes,Electronic check,80.25,High,1861.5,Medium Value,Yes
3780-DDGSE,Month-to-month,Yes,Electronic check,76.05,High,2747.2,High Value,Yes
4431-EDMIQ,Month-to-month,Yes,Electronic check,75.7,High,554.05,Low Value,Yes
0306-JAELE,Month-to-month,Yes,Electronic check,96.1,Very High,453.4,Low Value,Yes
6227-HWPWX,Month-to-month,No,Bank transfer (automatic),69,Medium,994.8,Medium Value,Yes
0486-LGCCH,Two year,No,Mailed check,19.65,Low,225.75,Low Value,No
0447-BEMNG,Month-to-month,Yes,Bank transfer (automatic),45.3,Medium,2145,Medium Value,Yes
4612-SSVHJ,Month-to-month,Yes,Electronic check,81.45,High,1671.6,Medium Value,Yes
5168-MQQCA,One year,Yes,Bank transfer (automatic),108.5,Very High,8003.8,High Value,No
5949-XIKAE,Month-to-month,Yes,Electronic check,83.55,High,680.05,Medium Value,Yes
7971-HLVXI,Two year,Yes,Credit card (automatic),84.5,High,6130.85,High Value,No
9094-AZPHK,Month-to-month,Yes,Electronic check,100.15,Very High,1415,Medium Value,Yes
3649-JPUGY,Two year,Yes,Bank transfer (automatic),88.6,High,6201.95,High Value,No
4472-LVYGI,Two year,Yes,Bank transfer (automatic),52.55,Medium,,,No
8372-JUXUI,Month-to-month,Yes,Electronic check,74.35,High,74.35,Low Value,Yes
3552-CTCYF,Two year,Yes,Bank transfer (automatic),104.8,Very High,6597.25,High Value,No
6778-YSNIH,Month-to-month,Yes,Electronic check,59,Medium,114.15,Low Value,Yes
0388-EOPEX,Month-to-month,Yes,Electronic check,74.4,High,139.4,Low Value,Yes
5756-OZRIO,One year,No,Bank transfer (automatic),64.05,Medium,3902.6,High Value,No
6579-JPICP,Month-to-month,No,Mailed check,20.4,Low,20.4,Low Value,Yes
8205-OTCHB,One year,Yes,Bank transfer (automatic),43.75,Medium,903.6,Medium Value,No
4134-BSXLX,Month-to-month,No,Mailed check,60.9,Medium,1785.65,Medium Value,Yes
0505-SPOOW,Two year,No,Bank transfer (automatic),19.8,Low,1397.65,Medium Value,No
6235-VDHOM,Month-to-month,No,Electronic check,28.45,Low,131.05,Low Value,Yes
7783-YKGDV,Month-to-month,Yes,Bank transfer (automatic),99.7,Very High,1238.45,Medium Value,Yes
4374-YMUSQ,One year,No,Credit card (automatic),116.25,Very High,3899.05,High Value,No
4513-CXYIX,Two year,Yes,Credit card (automatic),80.7,High,5676,High Value,No
3957-HHLMR,One year,No,Bank transfer (automatic),65.2,Medium,4543.15,High Value,No
7803-XOCCZ,Month-to-month,Yes,Bank transfer (automatic),84.05,High,4326.8,High Value,Yes
5736-YEJAX,Two year,Yes,Credit card (automatic),79.45,High,5502.55,High Value,No
5609-CEBID,Month-to-month,Yes,Electronic check,94.1,Very High,1782.4,Medium Value,Yes
8981-FJGLA,Month-to-month,Yes,Mailed check,78,High,851.8,Medium Value,Yes
7218-HKQFK,Month-to-month,Yes,Electronic check,94.2,Very High,167.5,Low Value,Yes
4636-QRJKY,Month-to-month,Yes,Electronic check,80.5,High,502.85,Low Value,Yes
1135-LMECX,Month-to-month,No,Mailed check,19.85,Low,19.85,Low Value,Yes
4332-MUOEZ,One year,No,Credit card (automatic),94.3,Very High,1818.3,Medium Value,No
8535-SFUTN,Month-to-month,Yes,Electronic check,106.45,Very High,6300.15,High Value,Yes
5956-VKDTT,Month-to-month,Yes,Electronic check,74.35,High,334.8,Low Value,Yes
8677-HDZEE,Month-to-month,Yes,Bank transfer (automatic),105.45,Very High,5916.95,High Value,Yes
2475-MROZF,Month-to-month,Yes,Credit card (automatic),95,Very High,2852.4,High Value,Yes
9412-GHEEC,Month-to-month,No,Bank transfer (automatic),104.8,Very High,4131.95,High Value,Yes
3482-ABPKK,One year,No,Mailed check,54.3,Medium,1546.3,Medium Value,No
6705-LXORM,Month-to-month,No,Electronic check,70.05,Medium,302.6,Low Value,Yes
0257-ZESQC,Month-to-month,Yes,Bank transfer (automatic),75.2,High,1929.35,Medium Value,Yes
7531-GQHME,Month-to-month,No,Credit card (automatic),20.05,Low,265.45,Low Value,Yes
5174-ITUMV,One year,Yes,Electronic check,105.4,Very High,6989.45,High Value,No
4109-CYRBD,Month-to-month,Yes,Electronic check,51.6,Medium,1442,Medium Value,Yes
0913-XWSCN,Month-to-month,No,Bank transfer (automatic),85.5,High,4713.4,High Value,Yes
6825-UYPFK,Month-to-month,No,Bank transfer (automatic),75.6,High,1758.6,Medium Value,Yes
8397-MVTAZ,Month-to-month,Yes,Electronic check,100.05,Very High,3480,High Value,Yes
0750-EBAIU,One year,No,Electronic check,91.25,Very High,4738.3,High Value,No
8606-CIQUL,Two year,Yes,Credit card (automatic),115.75,Very High,8399.15,High Value,No
3571-DPYUH,One year,Yes,Credit card (automatic),94.7,Very High,5430.35,High Value,No
7601-GNDYK,Two year,No,Mailed check,19.6,Low,686.95,Medium Value,No
0356-OBMAC,Two year,Yes,Bank transfer (automatic),99.9,Very High,5706.3,High Value,No
8067-NIOYM,Two year,Yes,Credit card (automatic),21.1,Low,490.65,Low Value,No
1403-GYAFU,Two year,No,Credit card (automatic),20.05,Low,1360.25,Medium Value,No
4234-XTNEA,Month-to-month,Yes,Electronic check,79.95,High,174.45,Low Value,Yes
1297-VQDRP,One year,Yes,Credit card (automatic),107.15,Very High,7379.8,High Value,No
9282-IZGQK,Month-to-month,Yes,Electronic check,85,High,85,Low Value,Yes
5348-CAGXB,Month-to-month,Yes,Electronic check,89.55,High,1021.75,Medium Value,Yes
0621-HJWXJ,Month-to-month,Yes,Bank transfer (automatic),81.55,High,5029.05,High Value,Yes
5844-QVTAT,One year,Yes,Mailed check,58.45,Medium,1955.4,Medium Value,No
8905-IAZPF,One year,Yes,Credit card (automatic),95.65,Very High,6744.2,High Value,No
5394-MEITZ,Two year,Yes,Bank transfer (automatic),80.6,High,4946.7,High Value,No
6859-QNXIQ,Two year,Yes,Bank transfer (automatic),113.1,Very High,8248.5,High Value,No
2782-LFZVW,Month-to-month,Yes,Mailed check,58.95,Medium,601.6,Low Value,Yes
2866-IKBTM,Month-to-month,No,Mailed check,19.55,Low,19.55,Low Value,Yes
1342-JPNKI,Month-to-month,Yes,Bank transfer (automatic),86.05,High,834.1,Medium Value,Yes
2817-NTQDO,Month-to-month,Yes,Credit card (automatic),45.55,Medium,597,Low Value,Yes
7129-AZJDE,One year,Yes,Bank transfer (automatic),78.95,High,2647.2,Medium Value,No
6986-IJDHX,Month-to-month,Yes,Mailed check,86.3,High,3266,High Value,Yes
2560-PPCHE,One year,Yes,Bank transfer (automatic),105.05,Very High,6744.25,High Value,No
4676-MQUEA,One year,Yes,Bank transfer (automatic),101.9,Very High,5265.5,High Value,No
8138-EALND,Month-to-month,No,Mailed check,19.75,Low,311.6,Low Value,Yes
3580-HYCSP,Two year,Yes,Bank transfer (automatic),110.3,Very High,7966.9,High Value,No
1352-HNSAW,Two year,Yes,Bank transfer (automatic),115.6,Very High,8220.4,High Value,No
2075-PUEPR,Two year,No,Bank transfer (automatic),19.35,Low,1153.25,Medium Value,No
1982-FEBTD,Two year,Yes,Credit card (automatic),25.6,Low,514.75,Low Value,No
5301-GAUUY,Month-to-month,Yes,Bank transfer (automatic),80.35,High,2596.15,Medium Value,Yes
5791-KAJFD,One year,Yes,Bank transfer (automatic),68.75,Medium,3808,High Value,No
2654-VBVPB,Month-to-month,No,Bank transfer (automatic),19.9,Low,19.9,Low Value,Yes
1154-HYWWO,One year,No,Mailed check,70.6,High,2708.2,Medium Value,No
2501-XWWTZ,Month-to-month,No,Electronic check,70.2,Medium,760.05,Medium Value,Yes
3716-UVSPD,Month-to-month,Yes,Electronic check,49.3,Medium,49.3,Low Value,Yes
6815-ABQFQ,One year,Yes,Electronic check,107.25,Very High,6033.3,High Value,No
7343-EOBEU,Month-to-month,Yes,Mailed check,23.6,Low,89.05,Low Value,Yes
3701-SFMUH,Month-to-month,No,Credit card (automatic),69.7,Medium,516.15,Low Value,Yes
6103-LIANB,Two year,Yes,Credit card (automatic),99.5,Very High,5861.75,High Value,No
7319-VENRZ,Month-to-month,No,Bank transfer (automatic),64.3,Medium,445.95,Low Value,Yes
5846-NEQVZ,Two year,Yes,Credit card (automatic),70.85,High,4973.4,High Value,No
6967-QIQRV,One year,No,Electronic check,101.9,Very High,1667.25,Medium Value,No
5781-RFZRP,Two year,No,Credit card (automatic),73.5,High,5357.75,High Value,No
0939-YAPAF,Month-to-month,Yes,Electronic check,100.25,Very High,3527.6,High Value,Yes
0308-IVGOK,One year,Yes,Credit card (automatic),40.4,Medium,422.6,Low Value,No
7293-LSCDV,Two year,Yes,Credit card (automatic),19.25,Low,1103.25,Medium Value,No
7025-WCBNE,Two year,No,Bank transfer (automatic),59.6,Medium,2754,High Value,No
5756-JYOJT,One year,No,Credit card (automatic),64.9,Medium,697.25,Medium Value,No
4710-FDUIZ,One year,No,Credit card (automatic),100.3,Very High,5614.45,High Value,No
6030-REHUX,Month-to-month,Yes,Electronic check,110.85,Very High,3204.4,High Value,Yes
9548-LIGTA,Two year,Yes,Mailed check,81.05,High,4747.65,High Value,No
5150-LJNSR,One year,No,Bank transfer (automatic),98.05,Very High,3082.1,High Value,No
8270-RKSAP,Month-to-month,Yes,Electronic check,70.5,High,597.9,Low Value,Yes
6522-YRBXD,Month-to-month,Yes,Electronic check,94.55,Very High,3365.4,High Value,Yes
2640-LYMOV,Month-to-month,Yes,Mailed check,19.65,Low,38.8,Low Value,Yes
1218-VKFPE,Month-to-month,No,Mailed check,19,Low,233.55,Low Value,Yes
3627-FHKBK,Month-to-month,No,Mailed check,75.3,High,75.3,Low Value,Yes
2865-TCHJW,Month-to-month,Yes,Electronic check,89.2,High,346.2,Low Value,Yes
1423-BMPBQ,Month-to-month,Yes,Mailed check,19,Low,19,Low Value,Yes
2393-DIVAI,Month-to-month,Yes,Mailed check,20,Low,61.7,Low Value,Yes
5192-EBGOV,Month-to-month,Yes,Electronic check,85.7,High,85.7,Low Value,Yes
4568-KNYWR,Two year,Yes,Credit card (automatic),63.25,Medium,3342.45,High Value,No
8752-IMQOS,One year,No,Mailed check,20.1,Low,85.1,Low Value,No
0742-LAFQK,Two year,Yes,Electronic check,99.15,Very High,7422.1,High Value,No
0795-LAFGP,Two year,No,Electronic check,90.4,Very High,6668.05,High Value,No
0619-OLYUR,Two year,Yes,Credit card (automatic),111.9,Very High,8071.05,High Value,No
5512-IDZEI,One year,No,Electronic check,24.9,Low,1174.8,Medium Value,No
0459-SPZHJ,Two year,No,Credit card (automatic),83.5,High,5435,High Value,No
0215-BQKGS,Month-to-month,Yes,Credit card (automatic),84.3,High,2438.6,Medium Value,Yes
9244-ZVAPM,Month-to-month,No,Mailed check,45.6,Medium,45.6,Low Value,Yes
0719-SYFRB,Month-to-month,Yes,Mailed check,61.65,Medium,713.75,Medium Value,Yes
8208-EUMTE,Two year,No,Mailed check,54.85,Medium,916.15,Medium Value,No
5172-MIGPM,Month-to-month,No,Mailed check,65.55,Medium,237.2,Low Value,Yes
1710-RCXUS,One year,Yes,Credit card (automatic),90.35,Very High,4614.55,High Value,No
0374-FIUCA,Two year,Yes,Credit card (automatic),20.4,Low,1414.45,Medium Value,No
5839-SUYVZ,Month-to-month,Yes,Credit card (automatic),74.55,High,1170.5,Medium Value,Yes
5173-ZXXXL,One year,No,Mailed check,19.95,Low,47.7,Low Value,No
1096-ADRUX,One year,Yes,Bank transfer (automatic),74.25,High,4859.25,High Value,No
2001-MCUUW,Two year,No,Electronic check,108.65,Very High,4903.2,High Value,No
2731-GJRDG,One year,Yes,Bank transfer (automatic),109.55,Very High,3608,High Value,No
4723-BEGSG,Two year,No,Credit card (automatic),86.65,High,6094.25,High Value,No
6516-NKQBO,Two year,No,Credit card (automatic),81,High,3084.9,High Value,No
8672-OAUPW,One year,No,Credit card (automatic),47.85,Medium,2356.75,Medium Value,No
8207-DMRVL,Two year,No,Bank transfer (automatic),114.55,Very High,8306.05,High Value,No
3419-SNJJD,Month-to-month,No,Bank transfer (automatic),105.25,Very High,6786.4,High Value,Yes
6543-CPZMK,Month-to-month,Yes,Electronic check,29.95,Low,248.95,Low Value,Yes
4765-OXPPD,Month-to-month,No,Mailed check,65,Medium,663.05,Low Value,Yes
2804-ETQDK,Two year,No,Mailed check,20.55,Low,1357.1,Medium Value,No
6689-VRRTK,One year,Yes,Credit card (automatic),109.8,Very High,4860.35,High Value,No
7138-GIRSH,Two year,No,Bank transfer (automatic),69.5,Medium,3418.2,High Value,No
9396-ZSFLL,Month-to-month,No,Mailed check,48.85,Medium,631.4,Low Value,Yes
6464-KEXXH,Month-to-month,Yes,Credit card (automatic),25.25,Low,186.3,Low Value,Yes
7134-MJPDY,One year,Yes,Credit card (automatic),102.85,Very High,6976.75,High Value,No
5240-CAOYT,Month-to-month,Yes,Bank transfer (automatic),87.55,High,4884.85,High Value,Yes
4059-IIEBK,Month-to-month,Yes,Bank transfer (automatic),78.55,High,522.95,Low Value,Yes
4881-JVQOD,Month-to-month,Yes,Bank transfer (automatic),34.55,Low,362.6,Low Value,Yes
0516-UXRMT,One year,Yes,Electronic check,92.05,Very High,5755.8,High Value,No
4851-BQDNX,One year,Yes,Electronic check,85.05,High,3355.65,High Value,No
5148-HKFIR,Two year,No,Mailed check,19.7,Low,406.95,Low Value,No
1009-IRMNA,Month-to-month,No,Bank transfer (automatic),20,Low,137.6,Low Value,Yes
3003-CMDUU,Month-to-month,Yes,Electronic check,95.15,Very High,2395.7,Medium Value,Yes
5016-IBERQ,Month-to-month,No,Electronic check,84.25,High,1968.1,Medium Value,Yes
6797-UCJHZ,One year,No,Credit card (automatic),104.6,Very High,6819.45,High Value,No
2469-DTSGX,Two year,No,Electronic check,111.65,Very High,7943.45,High Value,No
4554-YGZIH,Month-to-month,No,Credit card (automatic),90.05,Very High,4547.25,High Value,Yes
5099-BAILX,Month-to-month,Yes,Bank transfer (automatic),110.75,Very High,4687.9,High Value,Yes
9931-KGHOA,Month-to-month,No,Bank transfer (automatic),55,Medium,2473.95,Medium Value,Yes
1775-KWJKQ,Two year,No,Credit card (automatic),89.85,High,6562.9,High Value,No
7665-VIGUD,One year,No,Mailed check,20.35,Low,176.3,Low Value,No
9411-TPQQV,One year,Yes,Bank transfer (automatic),54.55,Medium,2236.2,Medium Value,No
7207-RMRDB,Month-to-month,Yes,Electronic check,105.5,Very High,6985.65,High Value,Yes
7954-MLBUN,Two year,No,Bank transfer (automatic),99.45,Very High,3109.9,High Value,No
2077-DDHJK,Two year,No,Credit card (automatic),70.9,High,4911.35,High Value,No
4913-EHYUI,One year,Yes,Bank transfer (automatic),104.55,Very High,5794.65,High Value,No
0195-IESCP,Month-to-month,Yes,Electronic check,85.25,High,855.3,Medium Value,Yes
9574-BOSMD,Two year,No,Bank transfer (automatic),25.4,Low,1620.2,Medium Value,No
4580-TMHJU,Month-to-month,No,Electronic check,56.15,Medium,2499.3,Medium Value,Yes
0970-ETWGE,Month-to-month,Yes,Electronic check,89.55,High,89.55,Low Value,Yes
4908-XAXAY,One year,Yes,Bank transfer (automatic),89.85,High,4287.2,High Value,No
8404-VLQFB,Month-to-month,Yes,Electronic check,25.25,Low,394.85,Low Value,Yes
1626-ERCMM,Month-to-month,Yes,Electronic check,94.55,Very High,1899.65,Medium Value,Yes
0887-HJGAR,Month-to-month,Yes,Mailed check,45.7,Medium,45.7,Low Value,Yes
2391-IPLOP,One year,Yes,Electronic check,69.65,Medium,3442.15,High Value,No
5644-PDMZC,Month-to-month,No,Electronic check,89.5,High,161.5,Low Value,Yes
3509-GWQGF,Month-to-month,No,Credit card (automatic),70,Medium,1732.6,Medium Value,Yes
9576-ANLXO,Month-to-month,Yes,Bank transfer (automatic),69.55,Medium,222.3,Low Value,Yes
2024-BASKD,Month-to-month,Yes,Mailed check,74.6,High,74.6,Low Value,Yes
5845-BZZIB,Two year,No,Mailed check,20.1,Low,655.3,Low Value,No
1140-UKVZG,Month-to-month,No,Mailed check,24.8,Low,475.25,Low Value,Yes
4160-AMJTL,Month-to-month,No,Electronic check,19.65,Low,164.3,Low Value,Yes
5183-SNMJQ,Month-to-month,Yes,Credit card (automatic),95.1,Very High,865.1,Medium Value,Yes
8100-PNJMH,Two year,Yes,Credit card (automatic),88.85,High,6132.7,High Value,No
7838-LAZFO,One year,No,Bank transfer (automatic),78.8,High,3597.5,High Value,No
4464-JCOLN,One year,No,Mailed check,19.85,Low,35.9,Low Value,No
2085-JVGAD,Month-to-month,No,Bank transfer (automatic),20.35,Low,697.65,Medium Value,Yes
5650-VDUDS,Month-to-month,Yes,Mailed check,24.25,Low,96.05,Low Value,Yes
8095-WANWK,Month-to-month,No,Mailed check,45.25,Medium,428.7,Low Value,Yes
3030-ZKIWL,Month-to-month,No,Mailed check,20.05,Low,20.05,Low Value,Yes
9565-FLVCG,Two year,Yes,Mailed check,69.55,Medium,4459.15,High Value,No
8755-OGKNA,Two year,No,Bank transfer (automatic),19.5,Low,1167.6,Medium Value,No
2800-VEQXM,Month-to-month,Yes,Mailed check,74.75,High,238.1,Low Value,Yes
7538-GWHML,Month-to-month,No,Electronic check,69.65,Medium,145.15,Low Value,Yes
5533-RJFTJ,Month-to-month,Yes,Bank transfer (automatic),30.2,Low,1453.1,Medium Value,Yes
3859-CVCET,Month-to-month,No,Mailed check,45.65,Medium,191.05,Low Value,Yes
0214-JHPFW,Two year,No,Bank transfer (automatic),57.8,Medium,4039.3,High Value,No
5642-MHDQT,One year,Yes,Bank transfer (automatic),19.85,Low,1039.45,Medium Value,No
3088-FVYWK,Two year,No,Credit card (automatic),25.55,Low,1336.1,Medium Value,No
3276-HDUEG,Month-to-month,Yes,Mailed check,75.05,High,75.05,Low Value,Yes
9092-GDZKO,Month-to-month,Yes,Credit card (automatic),24.85,Low,493.4,Low Value,Yes
0823-HSCDJ,Month-to-month,Yes,Electronic check,49.15,Medium,2550.9,Medium Value,Yes
3729-OWRVL,Two year,Yes,Electronic check,110.35,Very High,7246.15,High Value,No
2324-AALNO,One year,No,Bank transfer (automatic),24.55,Low,1203.95,Medium Value,No
0822-GAVAP,Month-to-month,Yes,Electronic check,34.7,Low,62.25,Low Value,Yes
5760-IFJOZ,Month-to-month,No,Mailed check,107.95,Very High,313.6,Low Value,Yes
2826-UWHIS,Month-to-month,No,Bank transfer (automatic),81.4,High,3775.85,High Value,Yes
1448-PWKYE,Month-to-month,No,Electronic check,80,High,80,Low Value,Yes
7501-IWUNG,Two year,Yes,Bank transfer (automatic),73.8,High,4616.05,High Value,No
4957-TREIR,Month-to-month,Yes,Credit card (automatic),64.4,Medium,195.65,Low Value,Yes
7251-LJBQN,One year,Yes,Credit card (automatic),103.75,Very High,4188.4,High Value,No
8040-MNRTF,Month-to-month,No,Mailed check,71.1,High,71.1,Low Value,Yes
1536-HBSWP,Month-to-month,Yes,Electronic check,49.9,Medium,49.9,Low Value,Yes
5313-FPXWG,One year,Yes,Bank transfer (automatic),24.6,Low,1266.4,Medium Value,No
0067-DKWBL,Month-to-month,Yes,Electronic check,49.25,Medium,91.1,Low Value,Yes
0946-FKYTX,One year,No,Mailed check,30.1,Low,1623.4,Medium Value,No
5076-YVXCM,Month-to-month,No,Bank transfer (automatic),83.4,High,4149.45,High Value,Yes
8262-COGGB,Month-to-month,Yes,Mailed check,20.45,Low,20.45,Low Value,Yes
6663-JOCQO,One year,Yes,Bank transfer (automatic),75.25,High,2344.5,Medium Value,No
9620-QJREV,One year,No,Credit card (automatic),20.55,Low,1013.05,Medium Value,No
2276-YDAVZ,Month-to-month,Yes,Credit card (automatic),75.1,High,270.7,Low Value,Yes
2682-KEVRP,One year,Yes,Mailed check,20.05,Low,417,Low Value,No
2480-JZOSN,Month-to-month,Yes,Mailed check,20.65,Low,20.65,Low Value,Yes
0078-XZMHT,Two year,Yes,Bank transfer (automatic),85.15,High,6316.2,High Value,No
5896-NPFWW,Month-to-month,Yes,Electronic check,50.15,Medium,168.15,Low Value,Yes
9978-HYCIN,One year,Yes,Bank transfer (automatic),84.95,High,4018.05,High Value,No
8338-QIUNR,Two year,Yes,Credit card (automatic),66.5,Medium,4811.6,High Value,No
1525-LNLOJ,Two year,Yes,Bank transfer (automatic),63.3,Medium,4189.7,High Value,No
9450-TRJUU,Month-to-month,No,Electronic check,83.15,High,2848.45,High Value,Yes
1766-GKNMI,Month-to-month,Yes,Electronic check,84.9,High,2516.2,Medium Value,Yes
6942-LBFDP,Month-to-month,Yes,Mailed check,20.55,Low,33.6,Low Value,Yes
1456-TWCGB,Month-to-month,No,Mailed check,49.25,Medium,208.45,Low Value,Yes
7133-VBDCG,Month-to-month,Yes,Bank transfer (automatic),79.85,High,2015.35,Medium Value,Yes
7596-ZYWBB,Two year,Yes,Mailed check,59.6,Medium,3739.8,High Value,No
8329-UTMVM,One year,Yes,Bank transfer (automatic),104.65,Very High,2964,High Value,No
3014-WJKSM,Month-to-month,Yes,Credit card (automatic),75.3,High,2263.4,Medium Value,Yes
3347-YJZZE,Month-to-month,No,Credit card (automatic),80.1,High,2211.8,Medium Value,Yes
1029-QFBEN,Month-to-month,No,Mailed check,19.55,Low,19.55,Low Value,Yes
7929-DMBCV,Month-to-month,Yes,Mailed check,81,High,1683.7,Medium Value,Yes
9661-JALZV,Two year,Yes,Credit card (automatic),24.7,Low,1519,Medium Value,No
5433-KYGHE,Month-to-month,Yes,Mailed check,86,High,1164.05,Medium Value,Yes
4312-KFRXN,Two year,No,Mailed check,25.4,Low,1710.9,Medium Value,No
5575-TPIZQ,Month-to-month,Yes,Credit card (automatic),89.15,High,4245.55,High Value,Yes
0114-IGABW,Two year,No,Bank transfer (automatic),58.25,Medium,4145.9,High Value,No
9944-AEXBM,Month-to-month,Yes,Bank transfer (automatic),85.65,High,2664.3,Medium Value,Yes
1853-ARAAQ,Month-to-month,Yes,Credit card (automatic),50.35,Medium,1277.5,Medium Value,Yes
6952-OMNWB,Month-to-month,Yes,Credit card (automatic),80.35,High,5589.3,High Value,Yes
4697-LUPSU,One year,No,Mailed check,20.2,Low,34.75,Low Value,No
8434-VGEQQ,Two year,No,Credit card (automatic),20.55,Low,1305.95,Medium Value,No
4952-YSOGZ,Month-to-month,Yes,Electronic check,85.95,High,381.3,Low Value,Yes
1589-AGTLK,Month-to-month,Yes,Electronic check,45.35,Medium,141.5,Low Value,Yes
5244-IRFIH,Month-to-month,Yes,Electronic check,94.5,Very High,3105.55,High Value,Yes
6549-YMFAW,Month-to-month,Yes,Mailed check,21.25,Low,204.55,Low Value,Yes
4950-HKQTE,Two year,No,Mailed check,26.25,Low,605.9,Low Value,No
6786-OBWQR,Month-to-month,Yes,Electronic check,80.85,High,356.1,Low Value,Yes
2684-EIWEO,Month-to-month,No,Credit card (automatic),91.7,Very High,2758.15,High Value,Yes
2753-JMMCV,Two year,Yes,Credit card (automatic),74.2,High,4805.65,High Value,No
6439-GTPCA,Month-to-month,Yes,Electronic check,87.25,High,3941.7,High Value,Yes
6621-YOBKI,Month-to-month,No,Mailed check,20.35,Low,92.75,Low Value,Yes
1216-JWVUX,Month-to-month,Yes,Electronic check,75.5,High,1901.05,Medium Value,Yes
7564-GHCVB,Two year,No,Bank transfer (automatic),79.05,High,5730.7,High Value,No
1173-NOEYG,Month-to-month,No,Bank transfer (automatic),90.15,Very High,2423.4,Medium Value,Yes
7595-EHCDL,Month-to-month,No,Credit card (automatic),50.6,Medium,1653.45,Medium Value,Yes
6647-ZEDXT,One year,No,Credit card (automatic),110.45,Very High,3327.05,High Value,No
2521-NPUZR,Two year,No,Credit card (automatic),101,Very High,7085.5,High Value,No
1307-TVUFB,Month-to-month,Yes,Bank transfer (automatic),79.35,High,3344.1,High Value,Yes
7503-MIOGA,Two year,Yes,Bank transfer (automatic),89.85,High,6697.35,High Value,No
4381-MHQDC,Two year,Yes,Mailed check,65,Medium,2879.9,High Value,No
6923-JHPMP,Month-to-month,Yes,Electronic check,80.45,High,137.1,Low Value,Yes
5138-WVKYJ,Month-to-month,No,Electronic check,98.55,Very High,1008.55,Medium Value,Yes
4018-PPNDW,Two year,Yes,Mailed check,24.1,Low,1551.6,Medium Value,No
1635-FJFCC,Month-to-month,Yes,Credit card (automatic),44.05,Medium,202.15,Low Value,Yes
2499-AJYUA,Two year,Yes,Credit card (automatic),110.8,Very High,7882.25,High Value,No
6919-ELBGL,Two year,Yes,Bank transfer (automatic),114.95,Very High,8196.4,High Value,No
3966-HRMZA,Month-to-month,No,Mailed check,75.05,High,202.9,Low Value,Yes
6425-JWTDV,Two year,No,Mailed check,19.25,Low,855.1,Medium Value,No
8405-IGQFX,One year,Yes,Credit card (automatic),90.05,Very High,5817,High Value,No
8224-IVVPA,Month-to-month,Yes,Mailed check,56.7,Medium,1652.95,Medium Value,Yes
9477-LGWQI,Two year,Yes,Credit card (automatic),80.15,High,5600.15,High Value,No
1410-RSCMR,Month-to-month,Yes,Credit card (automatic),71.35,High,515.75,Low Value,Yes
3115-CZMZD,Two year,No,Mailed check,20.25,Low,,,No
0139-IVFJG,Month-to-month,No,Electronic check,90.35,Very High,190.5,Low Value,Yes
6683-VLCTZ,Month-to-month,Yes,Electronic check,98.55,Very High,1842.8,Medium Value,Yes
5730-DBDSI,Two year,No,Bank transfer (automatic),19.7,Low,1253.8,Medium Value,No
0030-FNXPP,Month-to-month,No,Mailed check,19.85,Low,57.2,Low Value,Yes
2189-WWOEW,Month-to-month,Yes,Bank transfer (automatic),85.9,High,1269.55,Medium Value,Yes
5684-FJVYR,Two year,Yes,Bank transfer (automatic),90.35,Very High,6563.4,High Value,No
4013-GUXND,Month-to-month,No,Mailed check,20.8,Low,20.8,Low Value,Yes
1894-IGFSG,Month-to-month,No,Electronic check,89.25,High,1907.85,Medium Value,Yes
7379-POKDZ,Month-to-month,Yes,Electronic check,70.3,Medium,208.85,Low Value,Yes
1266-NZYUI,Two year,No,Bank transfer (automatic),66.85,Medium,4758.8,High Value,No
7969-FFOWG,Two year,No,Mailed check,19.9,Low,1292.6,Medium Value,No
4718-DHSMV,Month-to-month,Yes,Mailed check,35.8,Medium,363.15,Low Value,Yes
5175-WLYXL,Month-to-month,Yes,Mailed check,78.85,High,1600.25,Medium Value,Yes
7817-OMJNA,One year,No,Bank transfer (automatic),20.4,Low,275.7,Low Value,No
8728-SKJLR,Month-to-month,Yes,Electronic check,74.25,High,3089.1,High Value,Yes
3137-NYQQI,One year,No,Mailed check,64.8,Medium,1175.6,Medium Value,No
7706-DZNKK,Month-to-month,Yes,Credit card (automatic),20.45,Low,237.3,Low Value,Yes
0236-HFWSV,Month-to-month,Yes,Electronic check,93.35,Very High,1444.65,Medium Value,Yes
3900-AQPHZ,Month-to-month,No,Mailed check,19.9,Low,19.9,Low Value,Yes
5842-POCOP,Month-to-month,Yes,Mailed check,88.9,High,454.15,Low Value,Yes
2037-XJFUP,One year,Yes,Electronic check,95.8,Very High,3036.75,High Value,No
8823-RLPWL,Two year,Yes,Credit card (automatic),110.65,Very High,8065.65,High Value,No
9505-SQFSW,Month-to-month,No,Mailed check,40.3,Medium,92.5,Low Value,Yes
7314-OXENN,Month-to-month,Yes,Electronic check,82,High,184.65,Low Value,Yes
3758-CKOQL,One year,Yes,Credit card (automatic),107,Very High,6152.3,High Value,No
0322-CHQRU,Month-to-month,No,Electronic check,45.35,Medium,89.5,Low Value,Yes
5676-CFLYY,Two year,Yes,Credit card (automatic),73.35,High,5154.5,High Value,No
7521-AFHAB,Month-to-month,No,Mailed check,44.8,Medium,220.45,Low Value,Yes
0285-INHLN,Month-to-month,Yes,Credit card (automatic),54.75,Medium,1510.3,Medium Value,Yes
4678-DVQEO,Month-to-month,Yes,Electronic check,52.2,Medium,52.2,Low Value,Yes
5125-CNDSP,One year,Yes,Bank transfer (automatic),40.6,Medium,2588.95,Medium Value,No
0691-IFBQW,One year,Yes,Electronic check,110,Very High,4874.8,High Value,No
4992-LTJNE,Two year,No,Bank transfer (automatic),55.3,Medium,3983.6,High Value,No
2202-OUTMO,Month-to-month,Yes,Bank transfer (automatic),60.85,Medium,2003.6,Medium Value,Yes
0810-BDHAW,One year,No,Electronic check,78.4,High,1832.4,Medium Value,No
0229-LFJAF,Two year,No,Bank transfer (automatic),69.65,Medium,4908.25,High Value,No
7131-ZQZNK,Two year,No,Credit card (automatic),59.85,Medium,3590.2,High Value,No
3442-ZHHCC,One year,Yes,Credit card (automatic),76.9,High,5023,High Value,No
5726-CVNYA,Two year,Yes,Mailed check,19.85,Low,146.6,Low Value,No
9871-ELEYA,Two year,No,Credit card (automatic),67.65,Medium,2339.3,Medium Value,No
4257-GAESD,Month-to-month,No,Credit card (automatic),45,Medium,298.7,Low Value,Yes
5173-WXOQV,Month-to-month,Yes,Mailed check,64.2,Medium,143.65,Low Value,Yes
2040-OBMLJ,One year,No,Credit card (automatic),81.7,High,2548.65,Medium Value,No
6286-ZHAOK,Month-to-month,Yes,Bank transfer (automatic),25.55,Low,507.4,Low Value,Yes
3807-XHCJH,Month-to-month,No,Electronic check,20,Low,20,Low Value,Yes
3009-JWMPU,One year,Yes,Electronic check,96.75,Very High,6125.4,High Value,No
5671-RQRLP,Two year,Yes,Credit card (automatic),75.65,High,5411.4,High Value,No
1450-GALXR,Month-to-month,Yes,Electronic check,98.5,Very High,1058.25,Medium Value,Yes
8859-AXJZP,Two year,Yes,Mailed check,23.8,Low,903.8,Medium Value,No
3174-AKMAS,Two year,Yes,Credit card (automatic),64.2,Medium,3009.5,High Value,No
3138-BKYAV,Month-to-month,Yes,Electronic check,85.35,High,489.45,Low Value,Yes
9926-PJHDQ,Two year,Yes,Bank transfer (automatic),76.8,High,5468.45,High Value,No
7382-DFJTU,Month-to-month,No,Credit card (automatic),55.2,Medium,1058.1,Medium Value,Yes
2798-NYLMZ,Two year,Yes,Credit card (automatic),108.55,Very High,7616,High Value,No
4289-DTDKW,Month-to-month,Yes,Electronic check,101.3,Very High,4113.1,High Value,Yes
1820-TQVEV,Month-to-month,Yes,Electronic check,69.55,Medium,69.55,Low Value,Yes
2239-JALAW,One year,Yes,Bank transfer (automatic),103.25,Very High,6017.65,High Value,No
4853-RULSV,Two year,Yes,Credit card (automatic),104,Very High,7250.15,High Value,No
8098-TDCBU,Two year,No,Electronic check,25.25,Low,1108.2,Medium Value,No
3551-GAEGL,One year,No,Bank transfer (automatic),30.4,Low,938.65,Medium Value,No
4785-NKHCX,Month-to-month,No,Bank transfer (automatic),20.05,Low,94.15,Low Value,Yes
3196-NVXLZ,Month-to-month,Yes,Mailed check,84.6,High,2088.05,Medium Value,Yes
6275-YDUVO,Month-to-month,Yes,Mailed check,86.2,High,178.7,Low Value,Yes
0036-IHMOT,One year,Yes,Bank transfer (automatic),103.7,Very High,5656.75,High Value,No
0115-TFERT,Month-to-month,Yes,Electronic check,111.2,Very High,2317.1,Medium Value,Yes
4178-EGMON,Two year,Yes,Credit card (automatic),88,High,5986.45,High Value,No
4220-TINQT,Month-to-month,Yes,Electronic check,106.35,Very High,6751.35,High Value,Yes
5318-YKDPV,Two year,Yes,Credit card (automatic),79.15,High,3566.6,High Value,No
7975-TZMLR,One year,Yes,Electronic check,103.1,Very High,4889.3,High Value,No
0295-QVKPB,Month-to-month,Yes,Credit card (automatic),63.95,Medium,318.1,Low Value,Yes
4335-BSMJS,Two year,Yes,Credit card (automatic),25.8,Low,1563.95,Medium Value,No
2311-QYMUQ,Month-to-month,Yes,Credit card (automatic),89.45,High,1430.25,Medium Value,Yes
3643-AHCFP,Month-to-month,Yes,Bank transfer (automatic),95.6,Very High,644.35,Low Value,Yes
9146-JRIOX,Month-to-month,No,Mailed check,25.55,Low,372.45,Low Value,Yes
3104-OWCGK,One year,No,Electronic check,90.95,Very High,5453.4,High Value,No
5337-IIWKZ,Month-to-month,Yes,Electronic check,44.85,Medium,1442.6,Medium Value,Yes
9101-BWFSS,One year,No,Electronic check,108.55,Very High,5610.7,High Value,No
9650-VBUOG,Two year,No,Credit card (automatic),25.05,Low,963.95,Medium Value,No
3487-EARAT,One year,No,Credit card (automatic),74.1,High,5222.3,High Value,No
2672-TGEFF,Month-to-month,Yes,Electronic check,88.8,High,3340.55,High Value,Yes
9231-ZJYAM,Month-to-month,Yes,Electronic check,78.85,High,292.8,Low Value,Yes
4250-WAROZ,Month-to-month,Yes,Electronic check,93.25,Very High,5774.55,High Value,Yes
8184-WMOFI,One year,No,Credit card (automatic),71.4,High,4487.3,High Value,No
6982-SSHFK,Month-to-month,No,Mailed check,44.4,Medium,44.4,Low Value,Yes
6092-QZVPP,Month-to-month,Yes,Credit card (automatic),79.2,High,2854.95,High Value,Yes
4625-LAMOB,Two year,No,Credit card (automatic),20.4,Low,905.55,Medium Value,No
0727-BMPLR,One year,Yes,Electronic check,100,Very High,5509.3,High Value,No
0392-BZIUW,Two year,Yes,Credit card (automatic),105,Very High,7589.8,High Value,No
1038-ZAGBI,One year,No,Bank transfer (automatic),19.8,Low,229.6,Low Value,No
6549-NNDYT,Month-to-month,Yes,Bank transfer (automatic),30.85,Low,394.1,Low Value,Yes
3027-ZTDHO,Month-to-month,Yes,Electronic check,89.9,Very High,89.9,Low Value,Yes
0422-OHQHQ,One year,No,Mailed check,20.55,Low,295.95,Low Value,No
6916-HIJSE,Two year,Yes,Bank transfer (automatic),84.85,High,5459.2,High Value,No
2316-ESMLS,One year,No,Credit card (automatic),33.15,Low,444.75,Low Value,No
9778-OGKQZ,Two year,Yes,Credit card (automatic),92,Very High,6782.15,High Value,No
7408-OFWXJ,Two year,No,Credit card (automatic),89.8,High,6510.45,High Value,No
6007-TCTST,Two year,Yes,Bank transfer (automatic),115.8,Very High,8476.5,High Value,No
2252-NKNSI,Two year,Yes,Mailed check,85.15,High,4461.85,High Value,No
8713-IGZSO,Month-to-month,No,Mailed check,24.85,Low,62,Low Value,Yes
7905-TVXTA,Month-to-month,Yes,Electronic check,64.35,Medium,352.65,Low Value,Yes
7695-PKLCZ,Two year,No,Credit card (automatic),20.5,Low,1424.9,Medium Value,No
2382-BCKQJ,One year,Yes,Electronic check,100.15,Very High,6413.65,High Value,No
8374-UULRV,Two year,No,Credit card (automatic),86.05,High,6309.65,High Value,No
2207-NHRJK,Month-to-month,No,Electronic check,50.8,Medium,50.8,Low Value,Yes
3224-DFQNQ,One year,No,Electronic check,89,High,5898.6,High Value,No
5275-PMFUT,Two year,Yes,Credit card (automatic),64.8,Medium,4719.75,High Value,No
4795-UXVCJ,One year,No,Credit card (automatic),19.8,Low,457.3,Low Value,No
9777-IQHWP,Two year,No,Bank transfer (automatic),93.4,Very High,5822.3,High Value,No
0947-MUGVO,Month-to-month,Yes,Electronic check,73.65,High,1463.5,Medium Value,Yes
9944-HKVVB,Month-to-month,Yes,Electronic check,95.1,Very High,307.4,Low Value,Yes
4124-MMETB,Month-to-month,Yes,Credit card (automatic),94.65,Very High,2104.55,Medium Value,Yes
3671-SHRSP,Month-to-month,Yes,Mailed check,80.6,High,319.15,Low Value,Yes
0979-MOZQI,Two year,Yes,Bank transfer (automatic),39,Medium,2337.45,Medium Value,No
2732-ISEZX,Month-to-month,Yes,Mailed check,20.5,Low,104.3,Low Value,Yes
3313-QKNKB,One year,No,Electronic check,85.55,High,5084.65,High Value,No
0323-XWWTN,Two year,Yes,Mailed check,26.4,Low,121.25,Low Value,No
1937-OTUKY,Two year,Yes,Bank transfer (automatic),98.2,Very High,7015.9,High Value,No
1573-LGXBA,One year,Yes,Credit card (automatic),97.55,Very High,5598,High Value,No
1764-VUUMT,Two year,No,Credit card (automatic),19.95,Low,1269.1,Medium Value,No
5073-WXOYN,Month-to-month,Yes,Electronic check,50.8,Medium,3027.4,High Value,Yes
4713-ZBURT,Two year,No,Bank transfer (automatic),99.7,Very High,4634.35,High Value,No
3050-GBUSH,Month-to-month,Yes,Credit card (automatic),34.8,Low,113.95,Low Value,Yes
0207-MDKNV,Month-to-month,No,Electronic check,105.1,Very High,1582.75,Medium Value,Yes
7876-AEHIG,One year,No,Bank transfer (automatic),60.15,Medium,3077,High Value,No
7945-HLKEA,One year,No,Electronic check,64.75,Medium,4039.5,High Value,No
9342-VNIMQ,Month-to-month,Yes,Bank transfer (automatic),54.65,Medium,1665.2,Medium Value,Yes
9851-KIELU,Month-to-month,Yes,Electronic check,110.1,Very High,1043.3,Medium Value,Yes
3523-BRGUW,One year,No,Credit card (automatic),19.3,Low,504.2,Low Value,No
3908-BLSYF,Month-to-month,No,Electronic check,83.9,High,497.55,Low Value,Yes
3199-NPKCN,One year,Yes,Electronic check,111.25,Very High,7511.65,High Value,No
5170-PTRKA,One year,Yes,Credit card (automatic),35.8,Medium,1782,Medium Value,No
4661-NJEUX,Month-to-month,Yes,Mailed check,20.05,Low,20.05,Low Value,Yes
2123-AGEEN,Month-to-month,Yes,Electronic check,84.35,High,609.65,Low Value,Yes
1258-YMZNM,One year,Yes,Bank transfer (automatic),110.5,Very High,2857.6,High Value,No
0048-LUMLS,One year,No,Credit card (automatic),91.2,Very High,3247.55,High Value,No
7549-MYGPK,Month-to-month,Yes,Electronic check,100.55,Very High,6215.35,High Value,Yes
5898-IGSLP,Month-to-month,No,Electronic check,89.3,High,2823,High Value,Yes
3804-RVTGV,Month-to-month,Yes,Bank transfer (automatic),103.85,Very High,5017.9,High Value,Yes
6259-WJQLC,Month-to-month,Yes,Credit card (automatic),81.1,High,2619.25,Medium Value,Yes
9227-LUNBG,Month-to-month,No,Electronic check,24.6,Low,24.6,Low Value,Yes
7997-EASSD,One year,Yes,Credit card (automatic),81.2,High,4965.1,High Value,No
0730-KOAVE,Month-to-month,Yes,Credit card (automatic),94.3,Very High,2679.7,Medium Value,Yes
8975-SKGRX,Two year,Yes,Bank transfer (automatic),116.1,Very High,8310.55,High Value,No
0678-RLHVP,Two year,No,Electronic check,105.55,Very High,5682.25,High Value,No
4315-MURBD,Month-to-month,Yes,Bank transfer (automatic),98.9,Very High,1120.95,Medium Value,Yes
2267-FPIMA,Month-to-month,Yes,Credit card (automatic),94.4,Very High,4914.9,High Value,Yes
1051-GEJLJ,Month-to-month,No,Mailed check,19.5,Low,27.55,Low Value,Yes
9734-YWGEX,Month-to-month,No,Credit card (automatic),98.3,Very High,923.5,Medium Value,Yes
2719-BDAQO,Month-to-month,No,Electronic check,93.85,Very High,1625.65,Medium Value,Yes
5285-MVEHD,One year,Yes,Credit card (automatic),105.6,Very High,6068.65,High Value,No
0379-DJQHR,Two year,No,Credit card (automatic),81.35,High,5398.6,High Value,No
0781-LKXBR,Month-to-month,Yes,Electronic check,100.5,Very High,918.6,Medium Value,Yes
5543-QDCRY,Month-to-month,Yes,Electronic check,56.4,Medium,234.85,Low Value,Yes
0297-RBCSG,One year,Yes,Bank transfer (automatic),65.35,Medium,1231.85,Medium Value,No
4694-PHWFW,Month-to-month,No,Mailed check,19.95,Low,170.9,Low Value,Yes
0835-JKADZ,Two year,Yes,Electronic check,111.25,Very High,7984.15,High Value,No
1907-UBQFC,Month-to-month,Yes,Electronic check,72.85,High,688.65,Medium Value,Yes
7508-SMHXL,Month-to-month,No,Credit card (automatic),89,High,1288.3,Medium Value,Yes
3865-YIOTT,One year,Yes,Bank transfer (automatic),106.1,Very High,7848.5,High Value,No
5993-BQHEA,One year,No,Credit card (automatic),20.05,Low,267,Low Value,No
6024-RUGGH,Two year,Yes,Bank transfer (automatic),25.2,Low,1798.9,Medium Value,No
6513-EECDB,Month-to-month,Yes,Electronic check,73.55,High,73.55,Low Value,Yes
3956-CJUST,Month-to-month,Yes,Bank transfer (automatic),75.4,High,1643.55,Medium Value,Yes
4079-WWQQQ,Two year,Yes,Bank transfer (automatic),65.55,Medium,4807.45,High Value,No
6103-BOCOU,Month-to-month,Yes,Electronic check,80.7,High,2193,Medium Value,Yes
5149-TGWDZ,One year,Yes,Mailed check,104.55,Very High,2239.4,Medium Value,No
7471-WNSUF,One year,No,Bank transfer (automatic),24.15,Low,1505.9,Medium Value,No
8942-DBMHZ,Month-to-month,No,Mailed check,20.45,Low,255.35,Low Value,Yes
4301-VVZKA,Month-to-month,Yes,Electronic check,75.4,High,1189.4,Medium Value,Yes
9199-PWQVC,One year,Yes,Credit card (automatic),79.7,High,4786.15,High Value,No
4824-GUCBY,Month-to-month,No,Electronic check,81.7,High,1820.9,Medium Value,Yes
5393-HJZSM,Month-to-month,No,Bank transfer (automatic),76.3,High,2404.15,Medium Value,Yes
7074-IEVOJ,Month-to-month,Yes,Electronic check,79.4,High,205.05,Low Value,Yes
9625-QSTYE,Month-to-month,Yes,Electronic check,81.15,High,952.3,Medium Value,Yes
0862-PRCBS,Two year,Yes,Credit card (automatic),103.75,Very High,7039.45,High Value,No
8812-ZRHFP,One year,No,Electronic check,86.45,High,2538.05,Medium Value,No
5146-CBVOE,Month-to-month,No,Bank transfer (automatic),75.1,High,1212.85,Medium Value,Yes
0454-OKRCT,Two year,No,Bank transfer (automatic),80.6,High,2651.1,Medium Value,No
5787-KXGIY,Two year,No,Credit card (automatic),19.3,Low,1304.8,Medium Value,No
4750-ZRXIU,Month-to-month,Yes,Electronic check,84.6,High,360.1,Low Value,Yes
4198-VFOEA,One year,Yes,Mailed check,33.6,Low,435.45,Low Value,No
6630-UJZMY,Month-to-month,Yes,Electronic check,83.25,High,308.05,Low Value,Yes
5709-LVOEQ,Two year,No,Mailed check,80.85,High,,,No
6400-BWQKW,Month-to-month,Yes,Electronic check,79.05,High,434.5,Low Value,Yes
2692-AQCPF,One year,Yes,Credit card (automatic),108.05,Very High,7118.9,High Value,No
0347-UBKUZ,Month-to-month,No,Mailed check,19.9,Low,320.45,Low Value,Yes
0835-DUUIQ,One year,No,Bank transfer (automatic),21.05,Low,531.55,Low Value,No
0811-GSDTP,Month-to-month,No,Electronic check,30.15,Low,382.2,Low Value,Yes
7567-ECMCM,Month-to-month,Yes,Credit card (automatic),79.85,High,2001,Medium Value,Yes
6115-ZTBFQ,Two year,No,Bank transfer (automatic),65.5,Medium,4919.7,High Value,No
6353-BRMMA,Month-to-month,Yes,Bank transfer (automatic),104.1,Very High,5645.8,High Value,Yes
6680-WKXRZ,Month-to-month,No,Bank transfer (automatic),74.4,High,215.8,Low Value,Yes
6231-WFGFH,Month-to-month,Yes,Mailed check,20.5,Low,77.6,Low Value,Yes
9904-EHEVJ,Month-to-month,Yes,Mailed check,91.35,Very High,2896.55,High Value,Yes
7028-DVOIQ,Month-to-month,Yes,Electronic check,99.05,Very High,3395.8,High Value,Yes
6169-PPETC,Two year,No,Bank transfer (automatic),20.5,Low,759.35,Medium Value,No
4208-UFFGW,Month-to-month,No,Mailed check,44.95,Medium,85.15,Low Value,Yes
8584-KMVXD,Month-to-month,No,Electronic check,75.6,High,535.55,Low Value,Yes
8467-WYNSR,Month-to-month,No,Mailed check,55.1,Medium,1253.15,Medium Value,Yes
0851-DFJKB,Month-to-month,No,Electronic check,58.95,Medium,955.15,Medium Value,Yes
5382-SOYZL,Month-to-month,Yes,Electronic check,95.1,Very High,2162.6,Medium Value,Yes
9448-REEVD,Month-to-month,No,Credit card (automatic),44.7,Medium,44.7,Low Value,Yes
3261-CQXOL,Two year,No,Bank transfer (automatic),25.45,Low,1813.35,Medium Value,No
8388-FYNPZ,Month-to-month,No,Electronic check,56.75,Medium,245.15,Low Value,Yes
4002-BQWPQ,Month-to-month,No,Bank transfer (automatic),81.75,High,2028.8,Medium Value,Yes
5651-YLPRD,Month-to-month,Yes,Electronic check,86.1,High,2723.75,Medium Value,Yes
2826-DXLQO,Month-to-month,No,Bank transfer (automatic),29.8,Low,220.45,Low Value,Yes
4378-BZYFP,One year,Yes,Mailed check,20.5,Low,365.8,Low Value,No
9489-UTFKA,Month-to-month,No,Bank transfer (automatic),60.9,Medium,551.95,Low Value,Yes
4849-PYRLQ,Two year,No,Bank transfer (automatic),73.25,High,4054.2,High Value,No
9117-SHLZX,Month-to-month,Yes,Mailed check,45.7,Medium,45.7,Low Value,Yes
9889-TMAHG,Month-to-month,No,Credit card (automatic),100.3,Very High,832.35,Medium Value,Yes
4541-RMRLG,Month-to-month,No,Electronic check,19.25,Low,112.3,Low Value,Yes
7764-BDPEE,Month-to-month,No,Mailed check,20.85,Low,60.65,Low Value,Yes
3429-IFLEM,Two year,No,Credit card (automatic),77.35,High,5550.1,High Value,No
3158-MOERK,Month-to-month,Yes,Electronic check,96,Very High,174.8,Low Value,Yes
7294-TMAOP,Month-to-month,No,Electronic check,90.55,Very High,90.55,Low Value,Yes
5002-GCQFH,Month-to-month,Yes,Bank transfer (automatic),93.85,Very High,4733.1,High Value,Yes
0556-FJEGU,Two year,No,Bank transfer (automatic),70.1,Medium,4048.95,High Value,No
8919-FYFQZ,Month-to-month,Yes,Electronic check,30.35,Low,1359.7,Medium Value,Yes
0604-THJFP,Two year,Yes,Credit card (automatic),75.95,High,4542.35,High Value,No
2834-JRTUA,Two year,Yes,Electronic check,108.05,Very High,7532.15,High Value,No
5875-YPQFJ,Month-to-month,Yes,Electronic check,69.9,Medium,69.9,Low Value,Yes
5879-SESNB,Month-to-month,No,Electronic check,75.25,High,888.65,Medium Value,Yes
6646-QVXLR,One year,Yes,Electronic check,103.75,Very High,6383.35,High Value,No
6461-PPAXN,One year,Yes,Bank transfer (automatic),54.95,Medium,1916,Medium Value,No
3318-ISQFQ,Month-to-month,Yes,Bank transfer (automatic),19.5,Low,413,Low Value,Yes
1106-HRLKZ,Two year,No,Mailed check,19.6,Low,808.95,Medium Value,No
2483-XSSMZ,One year,Yes,Electronic check,47.85,Medium,1886.4,Medium Value,No
8603-IJWDN,Month-to-month,Yes,Electronic check,86.6,High,86.6,Low Value,Yes
8165-ZJRNM,Two year,No,Bank transfer (automatic),23.75,Low,1679.25,Medium Value,No
9369-XFEHK,Month-to-month,Yes,Bank transfer (automatic),80.6,High,2656.5,Medium Value,Yes
2604-XVDAM,Month-to-month,No,Bank transfer (automatic),43.8,Medium,540.95,Low Value,Yes
3717-OFRTN,Month-to-month,No,Bank transfer (automatic),19.75,Low,19.75,Low Value,Yes
9046-JBFWA,Month-to-month,No,Mailed check,19.15,Low,537.35,Low Value,Yes
3280-NMUVX,One year,No,Credit card (automatic),19.6,Low,678.8,Medium Value,No
1206-EHBDD,Two year,No,Bank transfer (automatic),80.3,High,4513.65,High Value,No
8361-LBRDI,Two year,No,Credit card (automatic),24.35,Low,1423.85,Medium Value,No
4883-KCPZJ,Two year,No,Credit card (automatic),25.25,Low,555.4,Low Value,No
9108-EQPNQ,Two year,No,Credit card (automatic),26.1,Low,225.55,Low Value,No
7277-KAMWT,Two year,No,Credit card (automatic),20,Low,268.45,Low Value,No
3842-IYKUE,Month-to-month,No,Credit card (automatic),85.3,High,2917.5,High Value,Yes
6641-XRPSU,Month-to-month,Yes,Credit card (automatic),70,Medium,2416.1,Medium Value,Yes
1374-DMZUI,Month-to-month,Yes,Electronic check,94.3,Very High,424.45,Low Value,Yes
2545-LXYVJ,Two year,No,Bank transfer (automatic),20.7,Low,1492.1,Medium Value,No
3234-VKACU,Month-to-month,No,Electronic check,70.3,Medium,132.4,Low Value,Yes
8357-EQXFO,Month-to-month,Yes,Electronic check,95.35,Very High,660.9,Low Value,Yes
1989-PRJHP,Month-to-month,Yes,Electronic check,75.5,High,1893.95,Medium Value,Yes
8120-JDCAM,Month-to-month,Yes,Mailed check,69.55,Medium,284.9,Low Value,Yes
8917-FAEMR,Two year,No,Mailed check,19.85,Low,784.25,Medium Value,No
7047-YXDMZ,Month-to-month,No,Mailed check,20,Low,417.7,Low Value,Yes
2858-EIMXH,One year,Yes,Credit card (automatic),95.85,Very High,5016.25,High Value,No
9524-EGPJC,Month-to-month,Yes,Electronic check,90.1,Very High,1612.75,Medium Value,Yes
6993-OHLXR,Month-to-month,No,Electronic check,68.95,Medium,119.75,Low Value,Yes
8818-XYFCQ,Month-to-month,Yes,Credit card (automatic),99.55,Very High,3204.65,High Value,Yes
6419-ZTTLE,One year,Yes,Electronic check,20.75,Low,485.2,Low Value,No
0929-HYQEW,Month-to-month,Yes,Mailed check,50.15,Medium,160.85,Low Value,Yes
6614-YOLAC,Two year,No,Mailed check,58.65,Medium,4145.25,High Value,No
7426-RHZGU,Month-to-month,Yes,Bank transfer (automatic),95.9,Very High,827.45,Medium Value,Yes
4065-JJAVA,Month-to-month,No,Electronic check,49.5,Medium,49.5,Low Value,Yes
4695-VADHF,Month-to-month,No,Electronic check,57.45,Medium,990.85,Medium Value,Yes
3863-IUBJR,One year,No,Credit card (automatic),53.65,Medium,696.35,Medium Value,No
7649-SIJJF,Two year,Yes,Mailed check,80.1,High,5585.4,High Value,No
9361-YNQWJ,One year,Yes,Bank transfer (automatic),24.4,Low,1601.2,Medium Value,No
3748-FVMZZ,Month-to-month,Yes,Electronic check,40.05,Medium,162.45,Low Value,Yes
9391-TTOYH,Month-to-month,Yes,Mailed check,19.5,Low,470.2,Low Value,Yes
1452-XRSJV,Month-to-month,No,Credit card (automatic),51.05,Medium,2066,Medium Value,Yes
3422-WJOYD,One year,No,Mailed check,54.35,Medium,1426.45,Medium Value,No
8242-SOQUO,Month-to-month,Yes,Electronic check,84.7,High,392.5,Low Value,Yes
7460-ITWWP,Month-to-month,Yes,Electronic check,86.1,High,3861.45,High Value,Yes
7147-AYBAA,Month-to-month,Yes,Mailed check,70.35,Medium,2552.9,Medium Value,Yes
7868-TMWMZ,Two year,Yes,Bank transfer (automatic),110,Very High,6668.35,High Value,No
4822-RVYBB,Month-to-month,Yes,Electronic check,100.6,Very High,819.4,Medium Value,Yes
6732-FZUGP,One year,No,Credit card (automatic),94.9,Very High,4615.25,High Value,No
8436-BJUMM,Month-to-month,Yes,Electronic check,83.75,High,2070.6,Medium Value,Yes
4184-TJFAN,Month-to-month,Yes,Mailed check,88.3,High,273.75,Low Value,Yes
8329-GWVPJ,Month-to-month,Yes,Bank transfer (automatic),69.75,Medium,3557.7,High Value,Yes
1352-VHKAJ,Month-to-month,No,Bank transfer (automatic),71.6,High,1957.1,Medium Value,Yes
4145-UQXUQ,Month-to-month,Yes,Electronic check,92.1,Very High,729.95,Medium Value,Yes
2632-TACXW,Two year,No,Bank transfer (automatic),23.65,Low,1416.75,Medium Value,No
8146-QQKZH,Two year,No,Bank transfer (automatic),81.85,High,5924.4,High Value,No
1767-CJKBA,Two year,No,Mailed check,25.1,Low,1697.7,Medium Value,No
6445-TNRXS,Two year,Yes,Bank transfer (automatic),114.7,Very High,7849.85,High Value,No
4581-LNWUM,Month-to-month,No,Electronic check,49.15,Medium,649.4,Low Value,Yes
4869-EPIUS,One year,Yes,Electronic check,80.9,High,4557.5,High Value,No
9948-YPTDG,Month-to-month,Yes,Electronic check,79.45,High,3013.05,High Value,Yes
1236-WFCDV,Month-to-month,No,Credit card (automatic),90.45,Very High,1266.1,Medium Value,Yes
1915-OAKWD,One year,Yes,Bank transfer (automatic),19.3,Low,360.35,Low Value,No
7296-PIXQY,Month-to-month,No,Electronic check,70.2,Medium,1046.5,Medium Value,Yes
4883-QICIH,Month-to-month,Yes,Bank transfer (automatic),69.75,Medium,2347.9,Medium Value,Yes
3354-OADJP,One year,No,Bank transfer (automatic),54.25,Medium,447.75,Low Value,No
3524-WQDSG,Month-to-month,Yes,Bank transfer (automatic),99.3,Very High,4209.95,High Value,Yes
0810-DHDBD,One year,No,Credit card (automatic),74,High,3877.65,High Value,No
4026-SKKHW,Month-to-month,Yes,Mailed check,50.25,Medium,152.3,Low Value,Yes
2829-HYVZP,One year,Yes,Mailed check,19.8,Low,572.2,Low Value,No
8329-IBCTI,Month-to-month,No,Mailed check,19.65,Low,19.65,Low Value,Yes
1271-SJBGZ,Month-to-month,Yes,Electronic check,43.65,Medium,526.95,Low Value,Yes
3845-JHAMY,Month-to-month,Yes,Credit card (automatic),35.5,Low,552.7,Low Value,Yes
7013-PSXHK,One year,Yes,Mailed check,80.75,High,3208.65,High Value,No
5669-SRAIP,Month-to-month,No,Electronic check,39.5,Medium,210.75,Low Value,Yes
5981-ITEMU,Month-to-month,Yes,Bank transfer (automatic),97.1,Very High,3706.95,High Value,Yes
3486-NPGST,One year,No,Mailed check,19.55,Low,620.75,Low Value,No
6941-PMGEP,Month-to-month,Yes,Electronic check,80,High,412.5,Low Value,Yes
1624-WOIWJ,Month-to-month,Yes,Mailed check,84.7,High,832.05,Medium Value,Yes
2074-GKOWZ,Month-to-month,Yes,Bank transfer (automatic),89.55,High,185.55,Low Value,Yes
0376-YMCJC,Month-to-month,Yes,Electronic check,90.6,Very High,1943.2,Medium Value,Yes
6100-FJZDG,One year,Yes,Bank transfer (automatic),20.05,Low,505.9,Low Value,No
4829-ZLJTK,Two year,Yes,Electronic check,112.4,Very High,8046.85,High Value,No
1730-VFMWO,Month-to-month,No,Bank transfer (automatic),50.2,Medium,1815.3,Medium Value,Yes
7143-BQIBA,Month-to-month,No,Bank transfer (automatic),62.25,Medium,612.95,Low Value,Yes
3800-LYTRK,One year,No,Mailed check,55.7,Medium,795.15,Medium Value,No
0634-SZPQA,Month-to-month,Yes,Bank transfer (automatic),90.05,Very High,2169.8,Medium Value,Yes
9646-NMHXE,Two year,No,Mailed check,19.65,Low,973.1,Medium Value,No
7030-NJVDP,Month-to-month,Yes,Electronic check,89.25,High,2210.2,Medium Value,Yes
5536-RTPWK,Month-to-month,Yes,Bank transfer (automatic),99.05,Very High,4853.75,High Value,Yes
8883-GRDWQ,One year,No,Mailed check,54,Medium,1055.9,Medium Value,No
6166-ILMNY,Month-to-month,No,Bank transfer (automatic),69.75,Medium,144.55,Low Value,Yes
3097-NNSPB,Month-to-month,Yes,Credit card (automatic),49.05,Medium,91.1,Low Value,Yes
7771-ZONAT,Two year,No,Bank transfer (automatic),56.75,Medium,1304.85,Medium Value,No
0655-RBDUG,Month-to-month,Yes,Bank transfer (automatic),98.05,Very High,713,Medium Value,Yes
2111-DWYHN,Month-to-month,No,Mailed check,21.1,Low,21.1,Low Value,Yes
4194-WHFCB,Month-to-month,Yes,Bank transfer (automatic),96.65,Very High,5580.8,High Value,Yes
4121-AGSIN,One year,Yes,Credit card (automatic),24.5,Low,1497.9,Medium Value,No
4361-BKAXE,Month-to-month,Yes,Bank transfer (automatic),114.5,Very High,4527.45,High Value,Yes
9845-PEEKO,Two year,Yes,Credit card (automatic),79.2,High,4590.35,High Value,No
0455-XFASS,Month-to-month,Yes,Electronic check,69.55,Medium,200.2,Low Value,Yes
0301-KOBTQ,Two year,Yes,Bank transfer (automatic),20.05,Low,614.45,Low Value,No
1751-NCDLI,Month-to-month,Yes,Electronic check,98.85,Very High,4564.9,High Value,Yes
4367-NUYAO,Two year,No,Mailed check,25.75,Low,,,No
9878-TNQGW,Month-to-month,Yes,Electronic check,80.95,High,171.15,Low Value,Yes
9170-ARBTB,One year,No,Credit card (automatic),19.6,Low,1012.4,Medium Value,No
4441-NIHPT,Month-to-month,Yes,Electronic check,74.3,High,940.35,Medium Value,Yes
8999-BOHSE,Month-to-month,No,Bank transfer (automatic),89.7,High,1047.7,Medium Value,Yes
7241-AJHFS,Month-to-month,No,Bank transfer (automatic),87.65,High,2766.4,High Value,Yes
7029-RPUAV,Month-to-month,Yes,Credit card (automatic),100.45,Very High,1622.45,Medium Value,Yes
4546-FOKWR,Month-to-month,Yes,Credit card (automatic),74.75,High,1129.35,Medium Value,Yes
9036-CSKBW,One year,No,Bank transfer (automatic),107.45,Very High,5680.9,High Value,No
5832-TRLPB,One year,Yes,Bank transfer (automatic),75.35,High,2243.9,Medium Value,No
8590-YFFQO,Two year,No,Credit card (automatic),64.95,Medium,4523.25,High Value,No
8659-IOOPU,Two year,No,Electronic check,100.45,Very High,7159.7,High Value,No
1338-CECEE,One year,No,Bank transfer (automatic),68.5,Medium,2839.95,High Value,No
7439-DKZTW,Month-to-month,Yes,Electronic check,80.55,High,80.55,Low Value,Yes
4646-QZXTF,Month-to-month,No,Bank transfer (automatic),81.25,High,580.1,Low Value,Yes
4607-CHPCA,One year,Yes,Electronic check,90.4,Very High,2178.6,Medium Value,No
9742-XOKTS,One year,No,Electronic check,89.55,High,6038.55,High Value,No
6921-OZMFH,Month-to-month,Yes,Mailed check,55.7,Medium,259.4,Low Value,Yes
9578-FOMUK,Month-to-month,Yes,Electronic check,24.8,Low,324.15,Low Value,Yes
4712-UYOOI,Month-to-month,No,Electronic check,20,Low,417.65,Low Value,Yes
8824-RWFXJ,Month-to-month,Yes,Mailed check,56.15,Medium,168.15,Low Value,Yes
7722-CVFXN,One year,Yes,Electronic check,105.2,Very High,5637.85,High Value,No
8717-VCTXJ,One year,Yes,Mailed check,19.55,Low,839.4,Medium Value,No
7363-QTBIW,Month-to-month,Yes,Electronic check,79.75,High,769.1,Medium Value,Yes
4159-NAAIX,Two year,No,Bank transfer (automatic),97.45,Very High,6253,High Value,No
0971-QIFJK,Two year,No,Bank transfer (automatic),24.25,Low,1641.8,Medium Value,No
9397-TZSHA,Two year,No,Credit card (automatic),24.6,Low,1678.05,Medium Value,No
3391-JSQEW,Month-to-month,Yes,Mailed check,50.15,Medium,2058.5,Medium Value,Yes
0343-QLUZP,Two year,No,Bank transfer (automatic),39.6,Medium,2424.5,Medium Value,No
9763-PDTKK,Month-to-month,Yes,Bank transfer (automatic),94.4,Very High,387.2,Low Value,Yes
2176-LVPNX,Two year,No,Mailed check,89.85,High,6293.45,High Value,No
7627-JKIAZ,Month-to-month,Yes,Credit card (automatic),78.95,High,2839.65,High Value,Yes
3312-UUMZW,Month-to-month,Yes,Credit card (automatic),98.85,Very High,3145.9,High Value,Yes
1271-UODNO,Two year,Yes,Credit card (automatic),53.85,Medium,2200.7,Medium Value,No
8461-EFQYM,One year,Yes,Electronic check,24.25,Low,914.4,Medium Value,No
6900-RBKER,Two year,Yes,Credit card (automatic),89.45,High,4577.75,High Value,No
6891-JPYFF,Month-to-month,Yes,Credit card (automatic),105.25,Very High,4997.5,High Value,Yes
1459-QNFQT,Two year,No,Bank transfer (automatic),59.5,Medium,4144.8,High Value,No
1047-NNCBF,Month-to-month,No,Credit card (automatic),70.55,High,1493.55,Medium Value,Yes
3696-XRIEN,One year,Yes,Credit card (automatic),82.5,High,4179.1,High Value,No
4081-DYXAV,One year,Yes,Credit card (automatic),44.85,Medium,893.55,Medium Value,No
0074-HDKDG,One year,Yes,Bank transfer (automatic),61.6,Medium,1611,Medium Value,No
8791-GFXLZ,Month-to-month,Yes,Bank transfer (automatic),49.05,Medium,593.05,Low Value,Yes
8111-SLLHI,Month-to-month,Yes,Electronic check,105.65,Very High,4284.8,High Value,Yes
0927-LCSMG,Month-to-month,No,Mailed check,74.65,High,544.55,Low Value,Yes
9330-DHBFL,One year,Yes,Mailed check,66.25,Medium,1533.8,Medium Value,No
0098-BOWSO,Month-to-month,Yes,Electronic check,19.4,Low,529.8,Low Value,Yes
3452-ABWRL,Month-to-month,Yes,Credit card (automatic),86.05,High,3865.6,High Value,Yes
5859-HZYLF,Two year,Yes,Credit card (automatic),19.15,Low,515.75,Low Value,No
8257-RZAHR,Month-to-month,Yes,Bank transfer (automatic),64.7,Medium,941,Medium Value,Yes
5293-WXJAK,Month-to-month,Yes,Bank transfer (automatic),104.05,Very High,1133.65,Medium Value,Yes
3156-QLHBO,Month-to-month,No,Mailed check,19.25,Low,48.35,Low Value,Yes
2208-NQBCT,Month-to-month,No,Electronic check,81.95,High,2070.05,Medium Value,Yes
1779-PWPMG,Two year,Yes,Bank transfer (automatic),114.65,Very High,8333.95,High Value,No
6621-NRZAK,Two year,No,Credit card (automatic),20,Low,1209.25,Medium Value,No
0831-JNISG,Two year,No,Mailed check,19.8,Low,1396.25,Medium Value,No
0774-IFUVM,Month-to-month,Yes,Bank transfer (automatic),65.15,Medium,723.35,Medium Value,Yes
3082-WQRVY,One year,No,Mailed check,19.65,Low,228.65,Low Value,No
9553-DLCLU,Two year,No,Credit card (automatic),88.95,High,1161.75,Medium Value,No
1641-BYBTK,Month-to-month,Yes,Mailed check,20.2,Low,98.35,Low Value,Yes
2460-NGXBJ,Month-to-month,Yes,Credit card (automatic),75.2,High,775.3,Medium Value,Yes
2446-ZKVAF,Month-to-month,No,Credit card (automatic),56.8,Medium,1074.65,Medium Value,Yes
0841-NULXI,Month-to-month,Yes,Electronic check,35.55,Medium,35.55,Low Value,Yes
3522-CDKHF,Month-to-month,Yes,Bank transfer (automatic),75.5,High,2324.7,Medium Value,Yes
1430-SFQSA,One year,No,Mailed check,35.6,Medium,1072.6,Medium Value,No
0411-EZJZE,Month-to-month,Yes,Electronic check,60.25,Medium,170.5,Low Value,Yes
7851-WZEKY,Month-to-month,Yes,Electronic check,95.15,Very High,196.9,Low Value,Yes
8844-TONUD,Month-to-month,Yes,Mailed check,96.65,Very High,1162.85,Medium Value,Yes
8807-ARQET,Month-to-month,Yes,Electronic check,40.35,Medium,1677.85,Medium Value,Yes
8992-CEUEN,Month-to-month,No,Electronic check,18.85,Low,18.85,Low Value,Yes
4320-QMLLA,Month-to-month,No,Mailed check,54.85,Medium,370.4,Low Value,Yes
8777-PVYGU,One year,Yes,Mailed check,64.3,Medium,3410.6,High Value,No
8292-ITGYJ,Two year,Yes,Bank transfer (automatic),24.65,Low,1138.8,Medium Value,No
6870-ZWMNX,Two year,No,Credit card (automatic),76.1,High,5264.25,High Value,No
0621-CXBKL,Two year,No,Mailed check,18.7,Low,1005.7,Medium Value,No
5268-DSMNQ,One year,Yes,Credit card (automatic),97.95,Very High,5936.55,High Value,No
5334-JLAXU,Month-to-month,Yes,Credit card (automatic),94.1,Very High,5475.9,High Value,Yes
4086-YQSNZ,Month-to-month,Yes,Electronic check,80.4,High,224.05,Low Value,Yes
6242-MBHPK,Month-to-month,Yes,Electronic check,95.1,Very High,2326.05,Medium Value,Yes
5868-CZJDR,Month-to-month,Yes,Mailed check,31.35,Low,31.35,Low Value,Yes
9359-UGBTK,One year,Yes,Bank transfer (automatic),72.35,High,4991.5,High Value,No
0135-NMXAP,Month-to-month,Yes,Bank transfer (automatic),89.75,High,1052.4,Medium Value,Yes
4782-OSFXZ,Two year,Yes,Bank transfer (automatic),82.7,High,5831.2,High Value,No
6479-OAUSD,One year,No,Credit card (automatic),19.9,Low,510.8,Low Value,No
7129-ACFOG,Month-to-month,Yes,Electronic check,53.8,Medium,283.95,Low Value,Yes
4189-NAKJS,One year,Yes,Credit card (automatic),51.55,Medium,1295.4,Medium Value,No
5562-BETPV,One year,No,Mailed check,19.65,Low,19.65,Low Value,No
1282-IHQAC,One year,Yes,Credit card (automatic),44.05,Medium,3011.65,High Value,No
9127-FHJBZ,Two year,Yes,Electronic check,114,Very High,8093.15,High Value,No
6270-OMFIW,One year,Yes,Electronic check,94.4,Very High,5610.25,High Value,No
1641-RQDAY,Month-to-month,Yes,Electronic check,100.4,Very High,3217.65,High Value,Yes
0107-WESLM,Month-to-month,Yes,Electronic check,19.85,Low,19.85,Low Value,Yes
6994-ORCWG,One year,Yes,Mailed check,54.25,Medium,773.2,Medium Value,No
1346-UFHAX,Month-to-month,Yes,Credit card (automatic),80,High,1029.35,Medium Value,Yes
3992-YWPKO,Month-to-month,Yes,Credit card (automatic),109.9,Very High,669.45,Low Value,Yes
2933-XEUJM,Two year,No,Mailed check,79.2,High,3593.8,High Value,No
0125-LZQXK,Month-to-month,Yes,Electronic check,101.35,Very High,1553.95,Medium Value,Yes
5461-QKNTN,Month-to-month,Yes,Electronic check,94.3,Very High,3953.15,High Value,Yes
4835-YSJMR,Two year,Yes,Bank transfer (automatic),49.8,Medium,1971.15,Medium Value,No
8399-YNDCH,Month-to-month,Yes,Bank transfer (automatic),60.05,Medium,1236.15,Medium Value,Yes
3164-YAXFY,Month-to-month,Yes,Electronic check,53.75,Medium,3196,High Value,Yes
0887-WBJVH,One year,Yes,Electronic check,93.45,Very High,4872.2,High Value,No
4660-IRIBM,Month-to-month,Yes,Mailed check,87.9,High,1500.5,Medium Value,Yes
5673-FSSMF,Month-to-month,Yes,Electronic check,60.15,Medium,60.15,Low Value,Yes
7670-ZBPOQ,One year,Yes,Bank transfer (automatic),61.05,Medium,3478.75,High Value,No
8089-UZWLX,Two year,No,Bank transfer (automatic),104.05,Very High,7413.55,High Value,No
0080-OROZO,One year,Yes,Electronic check,99.25,Very High,3532,High Value,No
3916-NRPAP,Month-to-month,No,Credit card (automatic),85.7,High,256.75,Low Value,Yes
6807-SIWJI,One year,Yes,Electronic check,104.85,Very High,3887.25,High Value,No
8221-HVAYI,Two year,Yes,Credit card (automatic),69.15,Medium,2490.15,Medium Value,No
1579-KLYDT,Month-to-month,Yes,Electronic check,90.45,Very High,593.45,Low Value,Yes
5232-NXPAY,Two year,No,Mailed check,74.45,High,3510.3,High Value,No
8967-SZQAS,Month-to-month,No,Electronic check,50.45,Medium,765.45,Medium Value,Yes
4468-KAZHE,Month-to-month,Yes,Electronic check,60,Medium,1259.35,Medium Value,Yes
0455-ENTCR,Two year,No,Electronic check,85.25,High,5538.35,High Value,No
8944-AILEF,Month-to-month,Yes,Credit card (automatic),19.45,Low,340.85,Low Value,Yes
5542-NKVRU,Two year,Yes,Bank transfer (automatic),20.75,Low,844.45,Medium Value,No
7126-RBHSD,Month-to-month,No,Electronic check,78.9,High,1348.95,Medium Value,Yes
5370-IIVVL,One year,Yes,Credit card (automatic),104.5,Very High,3778,High Value,No
6789-HJBWG,Month-to-month,Yes,Electronic check,49.4,Medium,611.65,Low Value,Yes
3927-NLNRY,One year,Yes,Bank transfer (automatic),94.25,Very High,4867.95,High Value,No
9087-EYCPR,Two year,No,Mailed check,25,Low,1505.05,Medium Value,No
6791-YBNAK,Month-to-month,No,Credit card (automatic),25.55,Low,467.85,Low Value,Yes
6358-LYNGM,Month-to-month,Yes,Electronic check,74.9,High,74.9,Low Value,Yes
6077-BDPXA,Month-to-month,Yes,Electronic check,70.15,Medium,194.2,Low Value,Yes
0013-MHZWF,Month-to-month,Yes,Credit card (automatic),69.4,Medium,571.45,Low Value,Yes
5494-HECPR,Month-to-month,Yes,Electronic check,80.25,High,80.25,Low Value,Yes
8268-YDIXR,One year,Yes,Electronic check,93.15,Very High,5253.95,High Value,No
9824-BEMCV,Month-to-month,Yes,Electronic check,69,Medium,1149.65,Medium Value,Yes
1373-ORVIZ,Month-to-month,Yes,Electronic check,66.35,Medium,740.8,Medium Value,Yes
4291-SHSBH,Month-to-month,Yes,Electronic check,69.55,Medium,521.35,Low Value,Yes
6980-IMXXE,Two year,No,Bank transfer (automatic),20.2,Low,1412.65,Medium Value,No
9866-QEVEE,Month-to-month,Yes,Bank transfer (automatic),86,High,1532.45,Medium Value,Yes
9897-KXHCM,Month-to-month,Yes,Electronic check,80.3,High,250.05,Low Value,Yes
0040-HALCW,Two year,No,Credit card (automatic),20.4,Low,1090.6,Medium Value,No
0784-GTUUK,One year,Yes,Credit card (automatic),23.75,Low,1446.8,Medium Value,No
7979-CORPM,Month-to-month,Yes,Credit card (automatic),90.55,Very High,2282.55,Medium Value,Yes
2294-DMMUS,Month-to-month,Yes,Credit card (automatic),70.45,High,4300.45,High Value,Yes
0872-JCPIB,Month-to-month,No,Bank transfer (automatic),65.75,Medium,1111.2,Medium Value,Yes
3055-MJDSB,Month-to-month,Yes,Mailed check,24.6,Low,190.1,Low Value,Yes
9091-WTUUY,Two year,No,Mailed check,69.25,Medium,4447.75,High Value,No
1618-CFHME,Month-to-month,Yes,Electronic check,75.9,High,143.35,Low Value,Yes
3165-HDOEW,Month-to-month,Yes,Mailed check,45.85,Medium,45.85,Low Value,Yes
6581-NQCBA,Month-to-month,Yes,Electronic check,49.95,Medium,810.2,Medium Value,Yes
7115-IRDHS,Two year,No,Bank transfer (automatic),24.65,Low,1830.05,Medium Value,No
8496-DMZUK,One year,No,Bank transfer (automatic),90.4,Very High,2820.65,High Value,No
2040-VZIKE,Month-to-month,Yes,Mailed check,100.85,Very High,4847.35,High Value,Yes
9068-VPWQQ,Two year,No,Credit card (automatic),75.35,High,4729.3,High Value,No
0178-SZBHO,Month-to-month,No,Electronic check,87.2,High,4017.45,High Value,Yes
0384-RVBPI,Month-to-month,No,Credit card (automatic),64.4,Medium,1398.6,Medium Value,Yes
1689-MRZQR,Month-to-month,No,Electronic check,78.3,High,2564.3,Medium Value,Yes
1299-AURJA,Two year,No,Bank transfer (automatic),24.7,Low,1685.9,Medium Value,No
4525-VZCZG,One year,Yes,Electronic check,105.85,Very High,5826.65,High Value,No
1543-LLLFT,One year,Yes,Mailed check,98.3,Very High,6066.55,High Value,No
5835-BEQEU,Month-to-month,Yes,Electronic check,76.95,High,228.4,Low Value,Yes
2788-CJQAQ,One year,No,Mailed check,19.45,Low,270.2,Low Value,No
5565-FILXA,Month-to-month,Yes,Electronic check,96.15,Very High,1529.2,Medium Value,Yes
0319-QZTCO,Month-to-month,Yes,Credit card (automatic),58.7,Medium,168.6,Low Value,Yes
2120-SMPEX,Month-to-month,Yes,Mailed check,20.15,Low,536.35,Low Value,Yes
0096-FCPUF,Month-to-month,Yes,Mailed check,64.5,Medium,1888.45,Medium Value,Yes
0668-OGMHD,Month-to-month,No,Electronic check,28.5,Low,629.35,Low Value,Yes
5552-ZNFSJ,Month-to-month,No,Electronic check,45.3,Medium,45.3,Low Value,Yes
2223-KAGMX,Month-to-month,No,Bank transfer (automatic),19.4,Low,289.3,Low Value,Yes
6507-ZJSUR,Month-to-month,Yes,Electronic check,90.45,Very High,2117.25,Medium Value,Yes
9408-HRXRK,Month-to-month,Yes,Electronic check,105.15,Very High,4730.9,High Value,Yes
5593-SUAOO,One year,No,Bank transfer (automatic),83.15,High,2033.05,Medium Value,No
7321-PKUYW,Month-to-month,No,Electronic check,90.15,Very High,987.95,Medium Value,Yes
2833-SLKDQ,Month-to-month,No,Mailed check,45.05,Medium,45.05,Low Value,Yes
6766-HFKLA,Two year,No,Bank transfer (automatic),103.2,Very High,5744.35,High Value,No
7595-EUIVN,Month-to-month,No,Electronic check,75.8,High,75.8,Low Value,Yes
7617-EYGLW,Month-to-month,No,Electronic check,19.45,Low,19.45,Low Value,Yes
2026-TGDHM,Month-to-month,Yes,Electronic check,79.3,High,523.15,Low Value,Yes
9220-ZNKJI,Two year,No,Credit card (automatic),88.8,High,4805.3,High Value,No
4030-VPZBD,Month-to-month,Yes,Electronic check,30.9,Low,59.05,Low Value,Yes
2226-ICFDO,Two year,Yes,Credit card (automatic),85.9,High,6110.75,High Value,No
0723-VSOBE,One year,No,Electronic check,34.2,Low,1596.6,Medium Value,No
5529-GIBVH,Two year,No,Mailed check,20.15,Low,1046.2,Medium Value,No
4187-CINZD,One year,No,Credit card (automatic),95.25,Very High,4424.2,High Value,No
9992-UJOEL,Month-to-month,Yes,Mailed check,50.3,Medium,92.75,Low Value,Yes
4741-WWJQZ,Month-to-month,Yes,Electronic check,80.15,High,194.55,Low Value,Yes
6625-UTXEW,Month-to-month,Yes,Electronic check,51.25,Medium,612.1,Low Value,Yes
6818-WOBHJ,Month-to-month,Yes,Bank transfer (automatic),89.6,High,6127.6,High Value,Yes
6244-BESBM,Two year,Yes,Credit card (automatic),95.2,Very High,6671.7,High Value,No
1004-NOZNR,One year,No,Credit card (automatic),94.8,Very High,5264.3,High Value,No
1251-STYSZ,Month-to-month,Yes,Electronic check,80.25,High,303.7,Low Value,Yes
2612-PHGOX,Two year,Yes,Bank transfer (automatic),76.1,High,4818.8,High Value,No
2408-TZMJL,One year,Yes,Electronic check,110.15,Very High,6448.05,High Value,No
8480-PPONV,Two year,No,Bank transfer (automatic),115.55,Very High,7159.05,High Value,No
8780-IHCRN,Two year,No,Credit card (automatic),24.65,Low,1574.5,Medium Value,No
4598-ZADCK,One year,Yes,Electronic check,53.6,Medium,2879.2,High Value,No
1257-SXUXQ,Month-to-month,No,Mailed check,19.45,Low,86.05,Low Value,Yes
9681-KYGYB,Month-to-month,Yes,Electronic check,88.2,High,4159.45,High Value,Yes
7182-OVLBJ,Two year,Yes,Bank transfer (automatic),101.15,Very High,6638.35,High Value,No
5095-ETBRJ,Two year,No,Mailed check,56.8,Medium,3112.05,High Value,No
7005-CYUIL,Two year,Yes,Electronic check,99.4,Very High,7168.25,High Value,No
4821-WQOYN,Two year,Yes,Credit card (automatic),20.1,Low,1326.25,Medium Value,No
4730-AWNAU,One year,No,Credit card (automatic),60.7,Medium,2234.55,Medium Value,No
3452-FLHYD,One year,Yes,Bank transfer (automatic),20.95,Low,495.15,Low Value,No
2388-LAESQ,Two year,Yes,Bank transfer (automatic),114.85,Very High,8317.95,High Value,No
9531-NSBMR,One year,Yes,Bank transfer (automatic),19.25,Low,679.8,Medium Value,No
6260-ONULR,Month-to-month,Yes,Mailed check,62.8,Medium,62.8,Low Value,Yes
4389-UEFCZ,Two year,Yes,Electronic check,105.5,Very High,7544,High Value,No
8711-LOBKY,Two year,No,Mailed check,19.85,Low,1188.25,Medium Value,No
9134-CEQMF,Month-to-month,Yes,Electronic check,89.5,High,676.7,Low Value,Yes
8985-OOPOS,One year,No,Credit card (automatic),74.1,High,74.1,Low Value,No
8800-ZKRFW,Month-to-month,Yes,Electronic check,107.5,Very High,3242.5,High Value,Yes
2616-FLVQC,Two year,No,Mailed check,19.55,Low,1240.15,Medium Value,No
9968-FFVVH,One year,No,Bank transfer (automatic),68.8,Medium,4111.35,High Value,No
3108-PCCGG,Two year,No,Credit card (automatic),84.45,High,5899.85,High Value,No
7993-PYKOF,Month-to-month,No,Electronic check,75,High,632.95,Low Value,Yes
8390-FESFV,Two year,No,Bank transfer (automatic),84.5,High,5193.2,High Value,No
3022-BEXHZ,Two year,Yes,Bank transfer (automatic),111.2,Very High,7530.8,High Value,No
5027-XWQHA,Month-to-month,No,Electronic check,44.75,Medium,270.95,Low Value,Yes
6248-TKCQV,Two year,Yes,Bank transfer (automatic),80.6,High,5460.2,High Value,No
6729-GDNGC,Month-to-month,No,Bank transfer (automatic),80.7,High,1614.2,Medium Value,Yes
6198-ZFIOJ,Month-to-month,No,Electronic check,75.6,High,402.5,Low Value,Yes
5989-OMNJE,One year,No,Electronic check,57.6,Medium,1367.75,Medium Value,No
4566-QVRRW,Month-to-month,Yes,Electronic check,44.05,Medium,483.7,Low Value,Yes
1291-CUOCY,Two year,Yes,Credit card (automatic),110.6,Very High,7962.2,High Value,No
9795-SHUHB,Two year,Yes,Credit card (automatic),58.2,Medium,3810.8,High Value,No
3230-IUALN,Two year,Yes,Mailed check,81,High,3533.6,High Value,No
0042-RLHYP,Two year,No,Bank transfer (automatic),19.7,Low,1396.9,Medium Value,No
8519-IMDHU,Month-to-month,Yes,Bank transfer (automatic),85.6,High,1345.55,Medium Value,Yes
4945-RVMTE,Month-to-month,Yes,Bank transfer (automatic),59.55,Medium,1646.45,Medium Value,Yes
0201-OAMXR,One year,No,Credit card (automatic),115.55,Very High,8127.6,High Value,No
1866-NXPSP,One year,Yes,Mailed check,75.55,High,2680.15,Medium Value,No
3372-KWFBM,Month-to-month,Yes,Electronic check,86.6,High,1281,Medium Value,Yes
7831-QGOXH,Month-to-month,Yes,Electronic check,85.2,High,1553.9,Medium Value,Yes
6393-WRYZE,Month-to-month,Yes,Electronic check,97.65,Very High,3207.55,High Value,Yes
3941-XTSKM,One year,Yes,Credit card (automatic),45.1,Medium,2049.05,Medium Value,No
1661-CZBAU,One year,Yes,Bank transfer (automatic),70.95,High,3629.2,High Value,No
6599-RCLCJ,Month-to-month,Yes,Electronic check,109.55,Very High,5124.55,High Value,Yes
9831-BPFRI,One year,Yes,Electronic check,89.55,High,3474.45,High Value,No
5158-RIVOP,Two year,No,Credit card (automatic),20.9,Low,202.3,Low Value,No
9788-YTFGE,Month-to-month,Yes,Mailed check,19.95,Low,147.5,Low Value,Yes
9277-JOOMO,Month-to-month,No,Mailed check,24.6,Low,86.35,Low Value,Yes
1907-YLNYW,Month-to-month,Yes,Electronic check,66.7,Medium,579,Low Value,Yes
1725-MIMXW,Month-to-month,Yes,Mailed check,19.45,Low,19.45,Low Value,Yes
8947-YRTDV,One year,No,Mailed check,94.8,Very High,3131.55,High Value,No
3161-ONRWK,One year,Yes,Bank transfer (automatic),65.85,Medium,3928.3,High Value,No
0114-RSRRW,Month-to-month,Yes,Bank transfer (automatic),19.95,Low,187.75,Low Value,Yes
4565-NLZBV,Two year,Yes,Bank transfer (automatic),24.65,Low,1710.15,Medium Value,No
0031-PVLZI,Month-to-month,No,Mailed check,20.35,Low,76.35,Low Value,Yes
7206-GZCDC,Month-to-month,Yes,Electronic check,69.25,Medium,69.25,Low Value,Yes
6682-VCIXC,One year,Yes,Bank transfer (automatic),51.25,Medium,2151.6,Medium Value,No
4791-QRGMF,One year,Yes,Bank transfer (automatic),99.5,Very High,5961.1,High Value,No
6475-VHUIZ,Month-to-month,No,Electronic check,54.25,Medium,1221.55,Medium Value,Yes
3910-MRQOY,Two year,No,Bank transfer (automatic),19.4,Low,1496.45,Medium Value,No
0661-WCQNQ,One year,Yes,Credit card (automatic),56.25,Medium,1292.2,Medium Value,No
7537-RBWEA,Month-to-month,Yes,Mailed check,25.15,Low,25.15,Low Value,Yes
4656-CAURT,Two year,No,Bank transfer (automatic),23.95,Low,1713.1,Medium Value,No
0121-SNYRK,One year,Yes,Mailed check,35.4,Low,1748.9,Medium Value,No
1768-ZAIFU,Month-to-month,Yes,Electronic check,25.2,Low,25.2,Low Value,Yes
4671-LXRDQ,Month-to-month,Yes,Mailed check,45,Medium,96.45,Low Value,Yes
3733-LSYCE,Month-to-month,No,Bank transfer (automatic),75.35,High,1114.55,Medium Value,Yes
6265-FRMTQ,Two year,No,Bank transfer (automatic),20.4,Low,609.1,Low Value,No
1934-SJVJK,Month-to-month,No,Mailed check,20.15,Low,20.15,Low Value,Yes
3838-OZURD,Month-to-month,Yes,Credit card (automatic),105,Very High,7133.25,High Value,Yes
1371-DWPAZ,Two year,No,Credit card (automatic),56.05,Medium,,,No
9269-CQOOL,Month-to-month,Yes,Credit card (automatic),54.7,Medium,169.45,Low Value,Yes
2017-CCBLH,Two year,No,Mailed check,20,Low,141.6,Low Value,No
7690-KPNCU,One year,Yes,Credit card (automatic),73.05,High,4688.65,High Value,No
0536-BGFMZ,Month-to-month,No,Mailed check,20.5,Low,563.05,Low Value,Yes
2293-IJWPS,One year,Yes,Credit card (automatic),100.75,Very High,5985,High Value,No
2845-HSJCY,Month-to-month,Yes,Electronic check,87.25,High,1258.6,Medium Value,Yes
5469-NUJUR,Two year,Yes,Mailed check,19.95,Low,373.5,Low Value,No
1184-PJVDB,Month-to-month,Yes,Electronic check,79.95,High,857.2,Medium Value,Yes
2625-TRCZQ,Month-to-month,Yes,Electronic check,49.65,Medium,2553.35,Medium Value,Yes
4102-HLENU,Two year,No,Mailed check,65.65,Medium,4322.85,High Value,No
7266-GSSJX,Month-to-month,Yes,Electronic check,20.45,Low,250.8,Low Value,Yes
7722-VJRQD,Two year,No,Bank transfer (automatic),60.95,Medium,4549.05,High Value,No
7073-QETQY,One year,Yes,Electronic check,20.35,Low,1359.5,Medium Value,No
9415-DPEWS,Month-to-month,Yes,Electronic check,88.35,High,1639.3,Medium Value,Yes
5624-RYAMH,Month-to-month,Yes,Electronic check,19.5,Low,178.85,Low Value,Yes
0196-JTUQI,Month-to-month,Yes,Credit card (automatic),75.2,High,633.85,Low Value,Yes
7130-YXBRO,Month-to-month,Yes,Bank transfer (automatic),111.45,Very High,5315.1,High Value,Yes
9272-LSVYH,Month-to-month,No,Mailed check,70.15,Medium,735.5,Medium Value,Yes
7943-RQCHR,Month-to-month,Yes,Electronic check,94.75,Very High,889.9,Medium Value,Yes
3793-MMFUH,Month-to-month,Yes,Electronic check,95.05,Very High,1290,Medium Value,Yes
3249-ZPQRG,Month-to-month,No,Electronic check,78.45,High,330.05,Low Value,Yes
2568-BRGYX,Month-to-month,Yes,Electronic check,70.2,Medium,237.95,Low Value,Yes
3084-DOWLE,Two year,No,Bank transfer (automatic),92,Very High,6474.4,High Value,No
1084-MNSMJ,Two year,No,Credit card (automatic),85.5,High,4421.95,High Value,No
7721-JXEAW,Month-to-month,Yes,Bank transfer (automatic),41.05,Medium,2452.7,Medium Value,Yes
7249-WBIYX,Month-to-month,Yes,Electronic check,85.6,High,813.85,Medium Value,Yes
4238-HFHSN,Month-to-month,Yes,Electronic check,82.15,High,4904.85,High Value,Yes
6250-CGGUN,One year,No,Electronic check,84.4,High,4484.05,High Value,No
5478-JJVZK,Month-to-month,Yes,Mailed check,60.9,Medium,2033.85,Medium Value,Yes
7596-IIWYC,Two year,Yes,Bank transfer (automatic),20.25,Low,538.2,Low Value,No
6567-HOOPW,Month-to-month,Yes,Electronic check,79.2,High,79.2,Low Value,Yes
9793-WECQC,Month-to-month,No,Mailed check,95.3,Very High,2192.9,Medium Value,Yes
4291-HPAXL,Month-to-month,No,Mailed check,19.85,Low,19.85,Low Value,Yes
8999-YPYBV,Two year,Yes,Mailed check,84.35,High,3858.05,High Value,No
1839-FBNFR,Two year,Yes,Bank transfer (automatic),19.85,Low,854.8,Medium Value,No
3164-AALRN,One year,Yes,Mailed check,70,Medium,347.4,Low Value,No
3071-MVJCD,Two year,No,Bank transfer (automatic),82.3,High,5815.15,High Value,No
1697-BCSHV,Month-to-month,Yes,Bank transfer (automatic),66.8,Medium,3970.4,High Value,Yes
0562-KBDVM,Two year,Yes,Bank transfer (automatic),44.6,Medium,3058.15,High Value,No
1131-SUEKT,One year,Yes,Bank transfer (automatic),98.45,Very High,6145.2,High Value,No
3717-OEAUQ,Month-to-month,No,Mailed check,70.7,High,129.2,Low Value,Yes
4538-WNTMJ,One year,No,Mailed check,24.95,Low,1165.9,Medium Value,No
3334-CTHOL,Month-to-month,Yes,Bank transfer (automatic),49.95,Medium,49.95,Low Value,Yes
4704-ERYFC,Month-to-month,Yes,Electronic check,69.25,Medium,1554,Medium Value,Yes
9432-RUVSL,Two year,Yes,Credit card (automatic),102.5,Very High,4904.25,High Value,No
8060-HIWJJ,Two year,No,Credit card (automatic),86.55,High,5632.55,High Value,No
7684-XSZIY,Two year,No,Bank transfer (automatic),24.3,Low,1643.25,Medium Value,No
9089-UOWJG,Month-to-month,Yes,Credit card (automatic),58.35,Medium,740.55,Medium Value,Yes
8621-MNIHH,Month-to-month,Yes,Electronic check,94.25,Very High,3217.55,High Value,Yes
8039-ACLPL,Two year,No,Credit card (automatic),68.75,Medium,4888.2,High Value,No
9885-AIBVB,Month-to-month,Yes,Electronic check,85.8,High,2440.25,Medium Value,Yes
1934-MKPXS,One year,No,Credit card (automatic),20.1,Low,620.55,Low Value,No
2592-YKDIF,Month-to-month,No,Mailed check,20.35,Low,20.35,Low Value,Yes
2272-JKMSI,One year,Yes,Electronic check,110.8,Very High,6840.95,High Value,No
0471-LVHGK,One year,Yes,Electronic check,73,High,3001.2,High Value,No
9518-RWHZL,One year,Yes,Credit card (automatic),100.05,Very High,6254.2,High Value,No
8714-CTZJW,Month-to-month,Yes,Credit card (automatic),82.85,High,319.6,Low Value,Yes
3569-EDBPQ,Month-to-month,Yes,Electronic check,84.35,High,1938.05,Medium Value,Yes
3131-NWVFJ,One year,No,Mailed check,19.55,Low,294.5,Low Value,No
7521-YXVZY,Month-to-month,No,Mailed check,19.95,Low,58.3,Low Value,Yes
5419-CONWX,Month-to-month,Yes,Credit card (automatic),99.8,Very High,442.85,Low Value,Yes
6240-EURKS,Month-to-month,Yes,Electronic check,35,Low,553,Low Value,Yes
2373-NTKOD,Month-to-month,Yes,Electronic check,66.25,Medium,546.45,Low Value,Yes
1970-KKFWL,Two year,No,Bank transfer (automatic),23.3,Low,797.1,Medium Value,No
6960-HVYXR,Month-to-month,No,Electronic check,76,High,76,Low Value,Yes
9337-SRRNI,Two year,Yes,Credit card (automatic),25.3,Low,1673.8,Medium Value,No
0895-UADGO,Two year,Yes,Mailed check,44.55,Medium,343.45,Low Value,No
5678-VFNEQ,One year,Yes,Credit card (automatic),104.1,Very High,7412.25,High Value,No
5977-CKHON,Month-to-month,Yes,Bank transfer (automatic),92.55,Very High,4039,High Value,Yes
7024-OHCCK,Month-to-month,Yes,Electronic check,93.85,Very High,170.85,Low Value,Yes
2692-BUCFV,Month-to-month,Yes,Bank transfer (automatic),101.45,Very High,2948.6,High Value,Yes
7861-UVUFT,Month-to-month,Yes,Electronic check,84.3,High,1308.4,Medium Value,Yes
1830-GGFNM,Two year,No,Credit card (automatic),94.55,Very High,6078.75,High Value,No
5302-BDJNT,Month-to-month,No,Electronic check,95.5,Very High,3418.2,High Value,Yes
5223-UZAVK,One year,Yes,Credit card (automatic),100.3,Very High,6603.8,High Value,No
4859-ZSRDZ,Two year,Yes,Credit card (automatic),55.5,Medium,3166.9,High Value,No
5651-WYIPH,Month-to-month,Yes,Credit card (automatic),49.85,Medium,865.75,Medium Value,Yes
9350-VLHMB,Month-to-month,Yes,Bank transfer (automatic),89.55,High,6373.1,High Value,Yes
3498-LZGQZ,Two year,Yes,Mailed check,19.15,Low,1177.05,Medium Value,No
8785-CJSHH,Month-to-month,Yes,Electronic check,99.8,Very High,5985.75,High Value,Yes
5357-TZHPP,Month-to-month,Yes,Credit card (automatic),84.4,High,732.5,Medium Value,Yes
3870-SPZSI,Two year,Yes,Credit card (automatic),113.05,Very High,7869.05,High Value,No
0680-DFNNY,Month-to-month,Yes,Electronic check,101.1,Very High,1504.05,Medium Value,Yes
7560-QRBXH,One year,No,Mailed check,19.95,Low,936.7,Medium Value,No
7077-XJMET,Month-to-month,Yes,Electronic check,74.15,High,741.4,Medium Value,Yes
8752-GHJFU,One year,Yes,Electronic check,92,Very High,6585.2,High Value,No
6896-SRVYQ,Month-to-month,No,Electronic check,73.85,High,3122.4,High Value,Yes
7767-UXAGJ,Month-to-month,Yes,Electronic check,50.45,Medium,50.45,Low Value,Yes
4652-ODEVH,Two year,No,Mailed check,24.45,Low,1088.25,Medium Value,No
6510-UPNKS,One year,No,Credit card (automatic),24.8,Low,615.35,Low Value,No
6718-BDGHG,One year,Yes,Bank transfer (automatic),64.85,Medium,2908.2,High Value,No
9046-DQMTP,Month-to-month,No,Bank transfer (automatic),20.75,Low,739.9,Medium Value,Yes
6439-LAJXL,Month-to-month,Yes,Mailed check,68.95,Medium,593.85,Low Value,Yes
1571-SAVHK,Month-to-month,Yes,Mailed check,99.95,Very High,1132.75,Medium Value,Yes
9052-VKDUW,Month-to-month,Yes,Credit card (automatic),109.4,Very High,7227.45,High Value,Yes
9546-CQJSU,Month-to-month,Yes,Electronic check,91.4,Very High,193.6,Low Value,Yes
1666-JZPZT,Month-to-month,No,Mailed check,49,Medium,1291.35,Medium Value,Yes
5777-KJIRB,One year,Yes,Mailed check,50.25,Medium,2023.55,Medium Value,No
0506-LVNGN,Month-to-month,Yes,Credit card (automatic),75.55,High,349.65,Low Value,Yes
7677-SJJJK,One year,No,Credit card (automatic),19.9,Low,153.95,Low Value,No
2480-EJWYP,One year,Yes,Bank transfer (automatic),97.8,Very High,5458.8,High Value,No
3253-HKOKL,One year,No,Electronic check,100.3,Very High,5244.45,High Value,No
7055-HNEOJ,Month-to-month,Yes,Mailed check,55.8,Medium,154.55,Low Value,Yes
5514-YQENT,Two year,Yes,Electronic check,111.15,Very High,4507.15,High Value,No
3211-AAPKX,Month-to-month,Yes,Mailed check,98.55,Very High,2031.95,Medium Value,Yes
8445-DNBAE,Month-to-month,Yes,Electronic check,50.05,Medium,50.05,Low Value,Yes
2951-QOQTK,Month-to-month,No,Credit card (automatic),80.8,High,332.45,Low Value,Yes
2958-NHPPS,Month-to-month,No,Electronic check,20.85,Low,473.9,Low Value,Yes
6806-YDEUL,Month-to-month,No,Bank transfer (automatic),19.5,Low,106.8,Low Value,Yes
1735-XMJVH,Month-to-month,Yes,Mailed check,19.35,Low,152.6,Low Value,Yes
6890-PFRQX,Month-to-month,No,Mailed check,69.5,Medium,1199.4,Medium Value,Yes
0222-CNVPT,Month-to-month,Yes,Credit card (automatic),48.8,Medium,2555.05,Medium Value,Yes
5899-OUVKV,Month-to-month,Yes,Electronic check,94.5,Very High,2979.2,High Value,Yes
8681-ICONS,Month-to-month,Yes,Mailed check,20.65,Low,654.85,Low Value,Yes
1621-YNCJH,Two year,Yes,Credit card (automatic),106.05,Very High,3834.4,High Value,No
3473-XIIIT,Month-to-month,Yes,Electronic check,100,Very High,1534.75,Medium Value,Yes
6362-QHAFM,One year,Yes,Electronic check,108.3,Very High,4586.15,High Value,No
7893-IXHRQ,Month-to-month,No,Electronic check,20.55,Low,20.55,Low Value,Yes
3070-BDOQC,Two year,Yes,Electronic check,99.65,Very High,5941.05,High Value,No
2952-QAYZF,Month-to-month,Yes,Electronic check,85.3,High,424.15,Low Value,Yes
6234-PFPXL,Month-to-month,No,Credit card (automatic),95.9,Very High,2234.95,Medium Value,Yes
9824-QCJPK,One year,No,Mailed check,20,Low,666.75,Low Value,No
4763-PGDPO,Month-to-month,No,Electronic check,70.4,High,281,Low Value,Yes
4283-IVYCI,Month-to-month,No,Mailed check,64.95,Medium,547.8,Low Value,Yes
1866-OBPNR,Month-to-month,No,Credit card (automatic),74.6,High,74.6,Low Value,Yes
8205-MQUGY,Month-to-month,Yes,Electronic check,49.2,Medium,571.15,Low Value,Yes
8970-ANWXO,One year,Yes,Mailed check,73.75,High,1756.6,Medium Value,No
9480-BQJEI,One year,Yes,Bank transfer (automatic),92.3,Very High,5731.45,High Value,No
5394-SVGJV,Month-to-month,No,Bank transfer (automatic),98.8,Very High,3475.55,High Value,Yes
6979-TNDEU,Month-to-month,No,Mailed check,19.2,Low,156.85,Low Value,Yes
9777-WJJPR,Month-to-month,No,Credit card (automatic),88.65,High,2683.2,Medium Value,Yes
9283-LZQOH,Month-to-month,Yes,Credit card (automatic),74.4,High,896.75,Medium Value,Yes
7079-QRCBC,Month-to-month,Yes,Electronic check,98.75,Very High,2407.3,Medium Value,Yes
9495-SKLKD,Month-to-month,Yes,Bank transfer (automatic),95.95,Very High,4456.65,High Value,Yes
6048-UWKAL,Two year,No,Credit card (automatic),105.4,Very High,6998.95,High Value,No
5067-DGXLL,Month-to-month,No,Mailed check,20.25,Low,36.8,Low Value,Yes
5469-CTCWN,One year,Yes,Electronic check,106,Very High,6547.7,High Value,No
9851-QXEEQ,Month-to-month,Yes,Electronic check,104.7,Very High,4346.4,High Value,Yes
6281-FKEWS,One year,Yes,Electronic check,49.05,Medium,2265,Medium Value,No
8898-KASCD,One year,No,Mailed check,35.55,Medium,1309.15,Medium Value,No
9242-TKFSV,Two year,Yes,Credit card (automatic),65.1,Medium,4754.3,High Value,No
9290-SHCMB,Month-to-month,Yes,Electronic check,96.85,Very High,1235.55,Medium Value,Yes
0743-HNPFG,One year,Yes,Credit card (automatic),69.75,Medium,3562.5,High Value,No
2277-BKJKN,Two year,Yes,Electronic check,99.2,Very High,7213.75,High Value,No
9809-IMGCQ,Month-to-month,Yes,Electronic check,96.7,Very High,2082.95,Medium Value,Yes
5208-HFSBT,Month-to-month,Yes,Credit card (automatic),55.05,Medium,102.75,Low Value,Yes
5035-PGZXH,One year,Yes,Electronic check,106.8,Very High,5914.4,High Value,No
8695-WDYEA,Month-to-month,No,Mailed check,51.25,Medium,51.25,Low Value,Yes
6543-JXSOO,One year,Yes,Mailed check,57.75,Medium,1282.85,Medium Value,No
8016-ZMGMO,One year,Yes,Bank transfer (automatic),70.85,High,4738.85,High Value,No
8605-ITULD,Month-to-month,No,Mailed check,19.55,Low,19.55,Low Value,Yes
3254-YRILK,Month-to-month,Yes,Electronic check,88.2,High,1775.8,Medium Value,Yes
6416-YJTTB,Month-to-month,Yes,Bank transfer (automatic),79.5,High,795.65,Medium Value,Yes
2667-WYLWJ,One year,Yes,Mailed check,19.75,Low,145,Low Value,No
4472-VESGY,Month-to-month,No,Bank transfer (automatic),98.15,Very High,4993.4,High Value,Yes
3195-TQDZX,Month-to-month,Yes,Electronic check,20.25,Low,61.45,Low Value,Yes
3128-YOVTD,Month-to-month,Yes,Bank transfer (automatic),79.15,High,4018.55,High Value,Yes
0529-ONKER,Month-to-month,No,Electronic check,75.65,High,1146.65,Medium Value,Yes
1728-CXQBE,Month-to-month,Yes,Electronic check,94.25,Very High,6081.4,High Value,Yes
7041-TXQJH,Month-to-month,Yes,Credit card (automatic),40.2,Medium,1478.85,Medium Value,Yes
5014-GSOUQ,Two year,No,Mailed check,19.95,Low,243.65,Low Value,No
5724-BIDBU,One year,Yes,Electronic check,55.35,Medium,2633.95,Medium Value,No
0481-SUMCB,One year,Yes,Bank transfer (automatic),102.15,Very High,4735.35,High Value,No
1769-GRUIK,Month-to-month,Yes,Electronic check,71.1,High,1247.75,Medium Value,Yes
5240-IJOQT,Month-to-month,Yes,Electronic check,74.7,High,74.7,Low Value,Yes
8819-WFGGJ,Two year,Yes,Bank transfer (automatic),54.1,Medium,3794.5,High Value,No
7427-AUFPY,Two year,No,Credit card (automatic),19.65,Low,1008.7,Medium Value,No
2811-POVEX,Month-to-month,Yes,Bank transfer (automatic),88.45,High,2130.55,Medium Value,Yes
1092-GANHU,Month-to-month,Yes,Electronic check,76.65,High,1313.55,Medium Value,Yes
7898-PDWQE,Two year,No,Credit card (automatic),80.4,High,5727.15,High Value,No
9972-EWRJS,Two year,Yes,Bank transfer (automatic),19.25,Low,1372.9,Medium Value,No
9314-IJWSQ,Month-to-month,Yes,Electronic check,84.8,High,1203.9,Medium Value,Yes
0661-XEYAN,Month-to-month,Yes,Mailed check,25.8,Low,25.8,Low Value,Yes
5799-JRCZO,Two year,No,Credit card (automatic),19.5,Low,1215.1,Medium Value,No
1921-KYSAY,One year,Yes,Electronic check,68.6,Medium,2877.05,High Value,No
6198-RTPMF,Month-to-month,No,Electronic check,92.6,Very High,1579.7,Medium Value,Yes
2924-KHUVI,One year,Yes,Electronic check,100.55,Very High,5514.95,High Value,No
1925-GMVBW,Month-to-month,No,Credit card (automatic),20.55,Low,96.1,Low Value,Yes
7881-EVUAD,Month-to-month,Yes,Electronic check,42.6,Medium,72.4,Low Value,Yes
6184-DYUOB,Month-to-month,Yes,Mailed check,19.6,Low,55.25,Low Value,Yes
9207-ZPANB,One year,No,Electronic check,67.45,Medium,2443.3,Medium Value,No
5766-XQXMQ,Month-to-month,Yes,Bank transfer (automatic),68.85,Medium,1970.5,Medium Value,Yes
9327-QSDED,Month-to-month,No,Mailed check,43.55,Medium,335.4,Low Value,Yes
1656-DRSMG,Month-to-month,Yes,Credit card (automatic),109.85,Very High,7002.95,High Value,Yes
3012-VFFMN,Month-to-month,No,Mailed check,20.65,Low,158.95,Low Value,Yes
2984-AFWNC,Month-to-month,No,Electronic check,95.4,Very High,293.15,Low Value,Yes
0640-YJTPY,Two year,No,Bank transfer (automatic),21,Low,1493.75,Medium Value,No
8096-LOIST,Month-to-month,Yes,Electronic check,56.2,Medium,1093.4,Medium Value,Yes
9764-REAFF,Two year,No,Bank transfer (automatic),18.4,Low,1057.85,Medium Value,No
3703-VAVCL,Month-to-month,No,Credit card (automatic),90,Very High,190.05,Low Value,Yes
7107-UBYKY,Month-to-month,Yes,Electronic check,25.75,Low,882.55,Medium Value,Yes
4881-GQJTW,Month-to-month,No,Credit card (automatic),19.6,Low,300.4,Low Value,Yes
8519-QJGJD,Month-to-month,No,Electronic check,75.35,High,1025.95,Medium Value,Yes
7876-DNYAP,Two year,No,Credit card (automatic),19.8,Low,1436.95,Medium Value,No
7905-NJMXS,Month-to-month,No,Electronic check,64.2,Medium,475,Low Value,Yes
2882-WDTBA,Two year,Yes,Bank transfer (automatic),75.75,High,5388.15,High Value,No
2091-GPPIQ,Two year,Yes,Electronic check,78.95,High,5730.15,High Value,No
6326-MTTXK,Month-to-month,No,Electronic check,100.85,Very High,819.55,Medium Value,Yes
5071-FBJFS,Month-to-month,No,Electronic check,50.3,Medium,217.1,Low Value,Yes
2796-UUZZO,Month-to-month,Yes,Credit card (automatic),80.3,High,4896.35,High Value,Yes
2429-AYKKO,Two year,No,Bank transfer (automatic),19.85,Low,1434.1,Medium Value,No
9798-OPFEM,Two year,Yes,Electronic check,21.1,Low,937.1,Medium Value,No
0330-IVZHA,Month-to-month,No,Electronic check,69.95,Medium,330.15,Low Value,Yes
3794-NFNCH,Month-to-month,Yes,Mailed check,50,Medium,1474.9,Medium Value,Yes
5193-QLVZB,Two year,Yes,Bank transfer (automatic),104.75,Very High,6536.5,High Value,No
7114-AEOZE,Two year,No,Bank transfer (automatic),19.85,Low,1128.1,Medium Value,No
2886-KEFUM,One year,Yes,Electronic check,107.5,Very High,6873.75,High Value,No
5522-NYKPB,Month-to-month,No,Electronic check,85.9,High,2199.05,Medium Value,Yes
4237-RLAQD,Month-to-month,Yes,Mailed check,45.85,Medium,45.85,Low Value,Yes
9957-YODKZ,Month-to-month,Yes,Electronic check,80.8,High,457.1,Low Value,Yes
6518-KZXCB,Two year,No,Mailed check,25.25,Low,566.5,Low Value,No
2245-ADZFJ,Two year,No,Bank transfer (automatic),80.55,High,2471.6,Medium Value,No
7776-QGYJC,Month-to-month,Yes,Bank transfer (automatic),81.5,High,3107.3,High Value,Yes
9313-QOLTZ,Month-to-month,No,Mailed check,20.9,Low,518.3,Low Value,Yes
9651-GTSAQ,One year,Yes,Bank transfer (automatic),106.1,Very High,5769.75,High Value,No
3186-BAXNB,Month-to-month,No,Electronic check,91.7,Very High,91.7,Low Value,Yes
4672-FOTSD,Month-to-month,Yes,Electronic check,67.25,Medium,832.3,Medium Value,Yes
0637-YLETY,Month-to-month,Yes,Credit card (automatic),95.6,Very High,1555.65,Medium Value,Yes
9818-XQCUV,Month-to-month,No,Mailed check,20.35,Low,45.3,Low Value,Yes
7338-ERIVA,One year,No,Bank transfer (automatic),45.05,Medium,1790.6,Medium Value,No
1157-BQCUW,Month-to-month,Yes,Electronic check,74.95,High,74.95,Low Value,Yes
8259-NFJTV,Month-to-month,No,Mailed check,34.65,Low,246.6,Low Value,Yes
3223-DWFIO,Month-to-month,No,Electronic check,69.35,Medium,261.65,Low Value,Yes
2660-EMUBI,Month-to-month,Yes,Electronic check,95.35,Very High,898.35,Medium Value,Yes
6968-GMKPR,Month-to-month,Yes,Electronic check,81.55,High,4509.5,High Value,Yes
4751-ERMAN,Two year,Yes,Bank transfer (automatic),75.4,High,5480.25,High Value,No
1436-ZMJAN,Month-to-month,Yes,Credit card (automatic),67.8,Medium,653.15,Low Value,Yes
3292-PBZEJ,Month-to-month,Yes,Electronic check,111.4,Very High,1183.05,Medium Value,Yes
0799-DDIHE,Month-to-month,No,Electronic check,46.3,Medium,639.45,Low Value,Yes
3070-FNFZQ,Two year,No,Bank transfer (automatic),20.4,Low,478.75,Low Value,No
2812-SFXMJ,Month-to-month,No,Mailed check,20.05,Low,20.05,Low Value,Yes
7675-OZCZG,Month-to-month,No,Electronic check,45,Medium,127.1,Low Value,Yes
5014-WUQMG,One year,Yes,Electronic check,96.1,Very High,4391.45,High Value,No
5312-TSZVC,One year,No,Mailed check,19.65,Low,270.6,Low Value,No
2003-CKLOR,Month-to-month,No,Electronic check,99.5,Very High,6710.5,High Value,Yes
0993-OSGPT,One year,Yes,Bank transfer (automatic),60.65,Medium,3975.9,High Value,No
9254-RBFON,One year,No,Bank transfer (automatic),98.6,Very High,1704.95,Medium Value,No
1205-WNWPJ,Month-to-month,Yes,Mailed check,59.5,Medium,415.95,Low Value,Yes
9391-EOYLI,Month-to-month,Yes,Electronic check,80.45,High,950.2,Medium Value,Yes
7108-DGVUU,One year,No,Bank transfer (automatic),71.7,High,1497.05,Medium Value,No
2782-JEEBU,Month-to-month,Yes,Mailed check,36,Medium,780.15,Medium Value,Yes
5127-BZENZ,One year,No,Bank transfer (automatic),65.2,Medium,3512.15,High Value,No
2720-FVBQP,Month-to-month,Yes,Credit card (automatic),48.95,Medium,273.25,Low Value,Yes
9906-NHHVC,Two year,Yes,Bank transfer (automatic),53.5,Medium,3517.9,High Value,No
4522-XRWWI,One year,No,Credit card (automatic),80.45,High,3375.9,High Value,No
3766-EJLFL,Two year,Yes,Bank transfer (automatic),109.05,Very High,7508.55,High Value,No
5939-SXWHM,Two year,No,Bank transfer (automatic),26.3,Low,1245.05,Medium Value,No
8152-UOBNY,One year,Yes,Electronic check,106.8,Very High,5347.95,High Value,No
7351-KYHQH,Month-to-month,Yes,Electronic check,64.95,Medium,493.65,Low Value,Yes
7643-RCHXS,Two year,No,Electronic check,19.35,Low,1263.85,Medium Value,No
8246-SHFGA,Month-to-month,No,Credit card (automatic),21.1,Low,385.55,Low Value,Yes
8387-MOJJT,Month-to-month,Yes,Credit card (automatic),77.95,High,3384,High Value,Yes
0620-XEFWH,Month-to-month,No,Mailed check,18.85,Low,84.2,Low Value,Yes
6485-QXWWE,Two year,No,Bank transfer (automatic),26,Low,1638.7,Medium Value,No
2761-OCIAX,Month-to-month,Yes,Electronic check,74.7,High,165.4,Low Value,Yes
7321-VGNKU,Month-to-month,Yes,Electronic check,70.35,Medium,120.25,Low Value,Yes
5327-CNLUQ,Two year,Yes,Bank transfer (automatic),96.9,Very High,4473.45,High Value,No
7552-KEYGT,Two year,No,Bank transfer (automatic),19.55,Low,520.55,Low Value,No
5816-JMLGY,Two year,Yes,Bank transfer (automatic),80.4,High,5717.85,High Value,No
3068-OMWZA,Month-to-month,Yes,Electronic check,88.8,High,88.8,Low Value,Yes
2927-QRRQV,One year,Yes,Electronic check,94.65,Very High,4312.5,High Value,No
6032-KRXXO,Month-to-month,Yes,Electronic check,90.25,Very High,2755.35,High Value,Yes
7459-RRWQZ,Month-to-month,Yes,Bank transfer (automatic),64.65,Medium,994.55,Medium Value,Yes
6265-SXWBU,One year,No,Credit card (automatic),95.75,Very High,6511.25,High Value,No
7941-RCJOW,Two year,Yes,Credit card (automatic),19.55,Low,1218.65,Medium Value,No
6374-NTQLP,Two year,Yes,Credit card (automatic),104.1,Very High,7447.7,High Value,No
4154-AQUGT,Month-to-month,Yes,Bank transfer (automatic),89.05,High,1169.35,Medium Value,Yes
2387-KDZQY,One year,Yes,Mailed check,20.1,Low,279.5,Low Value,No
3584-WKTTW,One year,Yes,Electronic check,111.55,Very High,5720.35,High Value,No
3399-BMLVW,Two year,No,Credit card (automatic),60.5,Medium,3121.45,High Value,No
1971-DTCZB,Two year,Yes,Bank transfer (automatic),90.95,Very High,6468.6,High Value,No
3092-IGHWF,One year,No,Electronic check,87.4,High,5918.8,High Value,No
3374-PZLXD,Month-to-month,No,Mailed check,19.7,Low,675.6,Low Value,Yes
3813-DHBBB,Two year,Yes,Bank transfer (automatic),50.95,Medium,3521.7,High Value,No
2812-REYAT,One year,Yes,Bank transfer (automatic),20.05,Low,923.1,Medium Value,No
6518-PPLMZ,Two year,Yes,Mailed check,19.4,Low,1110.35,Medium Value,No
4939-KYYPY,Month-to-month,No,Electronic check,59.45,Medium,1611.65,Medium Value,Yes
8017-LXHFA,Month-to-month,Yes,Electronic check,94.75,Very High,2293.6,Medium Value,Yes
5930-GBIWP,Two year,Yes,Credit card (automatic),81.5,High,5553.25,High Value,No
6022-KOUQO,Month-to-month,No,Bank transfer (automatic),29.05,Low,44.75,Low Value,Yes
6352-TWCAU,Month-to-month,Yes,Electronic check,86.45,High,3029.1,High Value,Yes
2361-UPSND,One year,No,Mailed check,70.6,High,3231.05,High Value,No
6035-RIIOM,Two year,Yes,Bank transfer (automatic),97.2,Very High,5129.45,High Value,No
2929-QNSRW,One year,Yes,Electronic check,98.25,Very High,5508.35,High Value,No
1262-OPMFY,Month-to-month,Yes,Bank transfer (automatic),75.75,High,655.9,Low Value,Yes
9504-DSHWM,Month-to-month,No,Bank transfer (automatic),59.2,Medium,1191.2,Medium Value,Yes
5035-BVCXS,Month-to-month,Yes,Mailed check,75.9,High,866.4,Medium Value,Yes
6267-DCFFZ,Month-to-month,Yes,Electronic check,90.05,Very High,2627.2,Medium Value,Yes
3533-UVMOM,Two year,No,Bank transfer (automatic),70.95,High,4741.45,High Value,No
2439-LYPMQ,Month-to-month,Yes,Electronic check,102.6,Very High,4009.2,High Value,Yes
4248-QPAVC,Month-to-month,Yes,Bank transfer (automatic),85.35,High,1463.45,Medium Value,Yes
1899-VXWXM,One year,Yes,Credit card (automatic),106.1,Very High,5082.8,High Value,No
1478-VPOAD,Month-to-month,No,Electronic check,43.8,Medium,43.8,Low Value,Yes
9995-HOTOH,Two year,No,Electronic check,59,Medium,3707.6,High Value,No
2988-PLAHS,One year,Yes,Electronic check,69.95,Medium,220.45,Low Value,No
1371-OJCEK,One year,No,Bank transfer (automatic),24.35,Low,1133.7,Medium Value,No
4999-IEZLT,One year,No,Credit card (automatic),29.45,Low,1983.15,Medium Value,No
8883-ANODQ,Two year,Yes,Credit card (automatic),84.4,High,5746.75,High Value,No
4690-LLKUA,Month-to-month,Yes,Electronic check,45.05,Medium,770.6,Medium Value,Yes
2351-RRBUE,One year,No,Mailed check,20.65,Low,134.05,Low Value,No
5980-BDHPY,Two year,Yes,Bank transfer (automatic),87.1,High,6230.1,High Value,No
1498-DQNRX,Month-to-month,No,Mailed check,19.85,Low,573.05,Low Value,Yes
9469-WEJBT,Month-to-month,Yes,Electronic check,90.35,Very High,3419.3,High Value,Yes
3331-HQDTW,Month-to-month,Yes,Mailed check,109.8,Very High,3587.25,High Value,Yes
9490-DFPMD,Month-to-month,Yes,Electronic check,84.65,High,3541.35,High Value,Yes
2581-VKIRT,One year,No,Mailed check,65.5,Medium,3801.3,High Value,No
5442-XSDCW,Month-to-month,Yes,Bank transfer (automatic),79.5,High,868.5,Medium Value,Yes
7426-WEIJX,Month-to-month,Yes,Electronic check,80.95,High,4859.1,High Value,Yes
2851-MMUTZ,Month-to-month,Yes,Mailed check,56.15,Medium,1439.35,Medium Value,Yes
3049-NDXFL,Month-to-month,No,Mailed check,85.8,High,85.8,Low Value,Yes
8580-AECUZ,Month-to-month,Yes,Electronic check,79.1,High,79.1,Low Value,Yes
3307-TLCUD,Month-to-month,No,Mailed check,34.4,Low,592.75,Low Value,Yes
6625-FLENO,Two year,No,Mailed check,20.75,Low,1185.95,Medium Value,No
2967-MXRAV,One year,No,Mailed check,18.8,Low,18.8,Low Value,No
7963-GQRMY,Month-to-month,No,Mailed check,44.3,Medium,134.5,Low Value,Yes
8189-HBVRW,Month-to-month,No,Electronic check,90.8,Very High,4921.2,High Value,Yes
4163-KIUHY,Month-to-month,Yes,Electronic check,25.6,Low,901.25,Medium Value,Yes
1228-FZFRV,Month-to-month,No,Credit card (automatic),105.95,Very High,5341.8,High Value,Yes
3500-NSDOA,Two year,No,Credit card (automatic),70.8,High,4859.95,High Value,No
1171-TYKUR,Month-to-month,No,Electronic check,25.4,Low,1139.2,Medium Value,Yes
3761-FLYZI,Month-to-month,Yes,Bank transfer (automatic),108.8,Very High,7082.45,High Value,Yes
2058-DCJBE,Month-to-month,Yes,Electronic check,69.75,Medium,324.6,Low Value,Yes
5364-XYIRR,Month-to-month,Yes,Electronic check,94.65,Very High,4812.75,High Value,Yes
4829-AUOAX,Month-to-month,No,Bank transfer (automatic),96.05,Very High,4399.5,High Value,Yes
1219-NNDDO,Month-to-month,Yes,Electronic check,76.85,High,663.55,Low Value,Yes
8388-DMKAE,Two year,No,Mailed check,20.25,Low,174.65,Low Value,No
4403-BWPAY,One year,Yes,Credit card (automatic),24.8,Low,321.7,Low Value,No
9659-QEQSY,Month-to-month,Yes,Electronic check,115.65,Very High,5125.5,High Value,Yes
5405-ZMYXQ,Month-to-month,Yes,Credit card (automatic),74.6,High,548.9,Low Value,Yes
5047-LHVLY,Month-to-month,Yes,Mailed check,50.15,Medium,50.15,Low Value,Yes
1442-OKRJE,One year,Yes,Bank transfer (automatic),103.15,Very High,7031.3,High Value,No
4737-AQCPU,Two year,No,Credit card (automatic),72.1,High,5016.65,High Value,No
9158-VCTQB,Month-to-month,Yes,Bank transfer (automatic),113.6,Very High,4594.95,High Value,Yes
2808-CHTDM,Two year,No,Mailed check,25.1,Low,611.45,Low Value,No
6311-UEUME,Month-to-month,Yes,Electronic check,78.9,High,2384.15,Medium Value,Yes
0793-TWELN,Month-to-month,Yes,Electronic check,80.15,High,319.85,Low Value,Yes
3283-WCWXT,Two year,No,Mailed check,25.4,Low,153.3,Low Value,No
1060-ENTOF,One year,Yes,Credit card (automatic),105.4,Very High,7035.6,High Value,No
0999-QXNSA,Month-to-month,Yes,Mailed check,45.75,Medium,344.2,Low Value,Yes
5451-MHQOF,One year,Yes,Mailed check,24.45,Low,1431.65,Medium Value,No
4836-WNFNO,Two year,No,Credit card (automatic),25,Low,1849.2,Medium Value,No
9225-BZLNZ,Two year,Yes,Electronic check,85.25,High,6083.1,High Value,No
0354-VXMJC,Two year,No,Credit card (automatic),19.6,Low,426.65,Low Value,No
4422-QVIJA,Month-to-month,No,Mailed check,50.15,Medium,1655.35,Medium Value,Yes
9365-SRSZE,Month-to-month,Yes,Electronic check,70.55,High,1943.9,Medium Value,Yes
6839-ITVZJ,Month-to-month,Yes,Electronic check,60.05,Medium,1616.15,Medium Value,Yes
8332-OSJDW,One year,No,Mailed check,26.4,Low,314.95,Low Value,No
4735-BJKOU,Two year,No,Mailed check,20.15,Low,804.85,Medium Value,No
0274-JKUJR,Month-to-month,No,Mailed check,58.85,Medium,465.7,Low Value,Yes
5740-YHGTW,Month-to-month,Yes,Credit card (automatic),97.55,Very High,6669.05,High Value,Yes
8917-SZTTJ,Two year,No,Credit card (automatic),19.65,Low,1161.75,Medium Value,No
1696-MZVAU,One year,Yes,Credit card (automatic),25.25,Low,947.75,Medium Value,No
7359-WWYJV,Two year,No,Credit card (automatic),114.45,Very High,8375.05,High Value,No
0375-HVGXO,Month-to-month,Yes,Electronic check,34.7,Low,34.7,Low Value,Yes
4906-ZHGPK,One year,Yes,Electronic check,70.7,High,3770,High Value,No
8593-WHYHV,Month-to-month,Yes,Electronic check,85.3,High,264.8,Low Value,Yes
3795-GWTRD,Two year,No,Credit card (automatic),75.55,High,4707.85,High Value,No
1298-PHBTI,Two year,Yes,Electronic check,84.8,High,6152.4,High Value,No
6223-DHJGV,One year,Yes,Mailed check,20.65,Low,958.1,Medium Value,No
6961-MJKBO,Two year,No,Bank transfer (automatic),20.45,Low,943,Medium Value,No
6097-EQISJ,One year,Yes,Credit card (automatic),102.45,Very High,6615.15,High Value,No
4423-YLHDV,Month-to-month,Yes,Bank transfer (automatic),104.4,Very High,2200.25,Medium Value,Yes
8158-WPEZG,Month-to-month,Yes,Electronic check,35.65,Medium,425.1,Low Value,Yes
0107-YHINA,Month-to-month,Yes,Electronic check,99.75,Very High,99.75,Low Value,Yes
4918-FYJNT,Month-to-month,No,Electronic check,90.45,Very High,5044.8,High Value,Yes
0727-BNRLG,Two year,Yes,Credit card (automatic),97.65,Very High,6743.55,High Value,No
4854-CIDCF,Month-to-month,No,Electronic check,73.85,High,196.4,Low Value,Yes
8640-SDGKB,Month-to-month,Yes,Electronic check,74.4,High,299.7,Low Value,Yes
3280-MRDOF,Two year,Yes,Credit card (automatic),69.1,Medium,2093.9,Medium Value,No
6435-SRWBJ,Month-to-month,Yes,Electronic check,82.75,High,417.75,Low Value,Yes
9964-WBQDJ,Two year,Yes,Credit card (automatic),24.4,Low,1725.4,Medium Value,No
6303-KFWSL,One year,Yes,Electronic check,55.25,Medium,1620.2,Medium Value,No
1702-CCFNJ,Month-to-month,No,Bank transfer (automatic),61.35,Medium,3169.55,High Value,Yes
8932-CZHRQ,One year,No,Credit card (automatic),76.75,High,5233.25,High Value,No
0386-CWRGM,Two year,No,Mailed check,19.4,Low,967.85,Medium Value,No
5515-RUGKN,Month-to-month,Yes,Credit card (automatic),54.75,Medium,438.05,Low Value,Yes
0404-AHASP,Two year,No,Credit card (automatic),19.7,Low,1421.9,Medium Value,No
7279-NMVJC,One year,No,Bank transfer (automatic),19.9,Low,323.15,Low Value,No
2081-VEYEH,Month-to-month,Yes,Electronic check,107.95,Very High,318.6,Low Value,Yes
6407-UTSLV,Month-to-month,Yes,Bank transfer (automatic),83.8,High,163.7,Low Value,Yes
4116-TZAQJ,Month-to-month,Yes,Credit card (automatic),74.25,High,639.65,Low Value,Yes
9060-HJJRW,One year,Yes,Credit card (automatic),56.4,Medium,2928.5,High Value,No
2587-YNLES,Two year,No,Mailed check,20.1,Low,100.35,Low Value,No
7398-SKNQZ,Month-to-month,No,Electronic check,94.9,Very High,273.2,Low Value,Yes
5935-FCCNB,Month-to-month,Yes,Electronic check,94.2,Very High,1608.15,Medium Value,Yes
1958-RNRKS,Month-to-month,No,Electronic check,49.9,Medium,1441.95,Medium Value,Yes
5136-RGMZO,Month-to-month,Yes,Electronic check,71.05,High,2168.15,Medium Value,Yes
8345-MVDYC,Two year,No,Bank transfer (automatic),81.65,High,3618.7,High Value,No
8226-BXGES,One year,No,Bank transfer (automatic),89.45,High,5692.65,High Value,No
3877-JRJIP,Month-to-month,Yes,Electronic check,59.85,Medium,59.85,Low Value,Yes
8375-DKEBR,Month-to-month,Yes,Electronic check,69.6,Medium,69.6,Low Value,Yes
9705-IOVQQ,One year,No,Electronic check,99,Very High,5969.3,High Value,No
1015-OWJKI,Month-to-month,No,Mailed check,19.05,Low,19.05,Low Value,Yes
7511-YMXVQ,Month-to-month,Yes,Electronic check,45.4,Medium,418.8,Low Value,Yes
2040-XBAVJ,Two year,No,Bank transfer (automatic),114.45,Very High,8100.55,High Value,No
7551-JOHTI,Month-to-month,No,Mailed check,19.5,Low,19.5,Low Value,Yes
8887-IPQNC,Month-to-month,Yes,Mailed check,44.25,Medium,313.45,Low Value,Yes
8646-JCOMS,One year,Yes,Bank transfer (automatic),90.55,Very High,6130.95,High Value,No
9804-ICWBG,Month-to-month,Yes,Electronic check,69.9,Medium,69.9,Low Value,Yes
1222-KJNZD,Month-to-month,Yes,Bank transfer (automatic),20.4,Low,745.3,Medium Value,Yes
0106-GHRQR,Month-to-month,Yes,Bank transfer (automatic),71.4,High,1212.1,Medium Value,Yes
5318-IXUZF,Month-to-month,Yes,Bank transfer (automatic),87.15,High,183.75,Low Value,Yes
3768-VHXQO,Two year,No,Credit card (automatic),24.85,Low,1583.5,Medium Value,No
8952-WCVCD,One year,Yes,Bank transfer (automatic),104.45,Very High,4162.05,High Value,No
2418-TPEUN,Two year,Yes,Credit card (automatic),19.8,Low,1119.9,Medium Value,No
3963-RYFNS,Two year,Yes,Bank transfer (automatic),116.45,Very High,8013.55,High Value,No
3198-VELRD,Month-to-month,Yes,Bank transfer (automatic),84.75,High,264.85,Low Value,Yes
8540-ZQGEA,Two year,No,Credit card (automatic),20.05,Low,1102.4,Medium Value,No
1320-REHCS,Month-to-month,Yes,Electronic check,110.75,Very High,5832,High Value,Yes
4137-JOPHL,Two year,Yes,Bank transfer (automatic),89.7,High,4304.5,High Value,No
9436-ZBZCT,Month-to-month,Yes,Electronic check,89.95,Very High,1178.4,Medium Value,Yes
7801-CEDNV,One year,No,Credit card (automatic),48.7,Medium,1421.75,Medium Value,No
2057-BOYKM,Two year,Yes,Bank transfer (automatic),96.6,Very High,6827.5,High Value,No
3658-QQJYD,One year,Yes,Credit card (automatic),74.3,High,4698.05,High Value,No
1803-BGNBD,Month-to-month,Yes,Electronic check,54.3,Medium,654.5,Low Value,Yes
0134-XWXCE,One year,No,Bank transfer (automatic),74.85,High,3268.05,High Value,No
6950-TWMYB,Two year,Yes,Bank transfer (automatic),79.95,High,4362.05,High Value,No
5848-FHRFC,Two year,No,Bank transfer (automatic),20.05,Low,1386.9,Medium Value,No
2243-FNMMI,Month-to-month,No,Mailed check,19.4,Low,415.4,Low Value,Yes
2511-MORQY,One year,No,Bank transfer (automatic),54.9,Medium,2614.1,Medium Value,No
5356-KZCKT,Two year,Yes,Credit card (automatic),24.45,Low,1513.6,Medium Value,No
9470-XCCEM,Month-to-month,Yes,Bank transfer (automatic),89.65,High,3161.6,High Value,Yes
6519-CFDBX,Month-to-month,Yes,Electronic check,45.4,Medium,80.95,Low Value,Yes
3902-MIVLE,Two year,No,Mailed check,75.7,High,4676.7,High Value,No
0409-WTMPL,One year,Yes,Credit card (automatic),110.65,Very High,6526.65,High Value,No
8763-KIAFH,One year,Yes,Mailed check,20.55,Low,583.3,Low Value,No
3669-WHAFY,Two year,Yes,Credit card (automatic),115.15,Very High,8078.1,High Value,No
3055-VTCGS,One year,No,Credit card (automatic),58.55,Medium,3503.5,High Value,No
3144-KMTWZ,Month-to-month,Yes,Bank transfer (automatic),93.25,Very High,6669.45,High Value,Yes
7279-BUYWN,Month-to-month,Yes,Electronic check,113.2,Very High,4689.5,High Value,Yes
7156-MHUGY,Month-to-month,Yes,Electronic check,90.5,Very High,1201.15,Medium Value,Yes
7198-GLXTC,Month-to-month,No,Electronic check,79,High,143.65,Low Value,Yes
2007-QVGAW,Two year,Yes,Bank transfer (automatic),19.35,Low,1292.65,Medium Value,No
5207-PLSTK,Month-to-month,Yes,Mailed check,48.75,Medium,48.75,Low Value,Yes
2307-FYNNL,Two year,Yes,Electronic check,109.05,Very High,7108.2,High Value,No
5605-XNWEN,Two year,Yes,Bank transfer (automatic),25,Low,1802.55,Medium Value,No
2155-AMQRX,Month-to-month,Yes,Credit card (automatic),54.9,Medium,1505.15,Medium Value,Yes
6181-AXXYF,Two year,No,Credit card (automatic),24.75,Low,1859.1,Medium Value,No
5091-HFAZW,Month-to-month,Yes,Electronic check,91.15,Very High,168.5,Low Value,Yes
0516-VRYBW,One year,No,Bank transfer (automatic),20.15,Low,390.85,Low Value,No
2519-LBNQL,One year,Yes,Electronic check,104.35,Very High,6339.45,High Value,No
8623-ULFNQ,Month-to-month,Yes,Electronic check,66.05,Medium,1652.4,Medium Value,Yes
8380-PEFPE,Month-to-month,Yes,Electronic check,71.65,High,71.65,Low Value,Yes
5687-DKDTV,Month-to-month,No,Mailed check,20.35,Low,77.5,Low Value,Yes
1568-LJSZU,Two year,Yes,Credit card (automatic),92.2,Very High,6392.85,High Value,No
7530-HDYDS,Month-to-month,Yes,Credit card (automatic),84.25,High,3264.5,High Value,Yes
7789-HKSBS,One year,Yes,Bank transfer (automatic),105.2,Very High,4599.15,High Value,No
7416-CKTEP,Two year,Yes,Bank transfer (automatic),19.6,Low,1134.25,Medium Value,No
2586-CWXVV,Month-to-month,No,Electronic check,30.4,Low,1621.35,Medium Value,Yes
3096-IZETN,Month-to-month,No,Bank transfer (automatic),78.1,High,947.3,Medium Value,Yes
2348-KCJLT,One year,Yes,Mailed check,61.5,Medium,2722.2,Medium Value,No
8401-EMUWF,Month-to-month,Yes,Bank transfer (automatic),69.4,Medium,3058.3,High Value,Yes
4193-IBKSW,Two year,No,Bank transfer (automatic),24.75,Low,1769.6,Medium Value,No
5377-NDTOU,Two year,No,Mailed check,91.05,Very High,6293.75,High Value,No
5922-ABDVO,Month-to-month,No,Mailed check,89.65,High,1761.05,Medium Value,Yes
2474-LCNUE,Month-to-month,Yes,Credit card (automatic),73.65,High,1642.75,Medium Value,Yes
0839-QNXME,Two year,No,Credit card (automatic),19.4,Low,578.5,Low Value,No
3506-OVLKD,One year,No,Bank transfer (automatic),26.2,Low,954.9,Medium Value,No
9172-ANCRX,Month-to-month,Yes,Electronic check,98.7,Very High,973.25,Medium Value,Yes
6650-VJONK,Month-to-month,Yes,Bank transfer (automatic),43.85,Medium,43.85,Low Value,Yes
2178-PMGCJ,Month-to-month,Yes,Mailed check,69.7,Medium,1490.4,Medium Value,Yes
7492-TAFJD,Two year,No,Mailed check,38.55,Medium,280,Low Value,No
2773-MADBQ,Two year,Yes,Mailed check,53.1,Medium,1901.25,Medium Value,No
6016-LVTJQ,Month-to-month,No,Mailed check,20.65,Low,716.4,Medium Value,Yes
7860-KSUGX,Two year,No,Credit card (automatic),64.45,Medium,4720,High Value,No
8966-KZXXA,Two year,No,Credit card (automatic),25.1,Low,930.95,Medium Value,No
6910-HADCM,Month-to-month,No,Electronic check,76.35,High,76.35,Low Value,Yes
4816-LXZYW,Month-to-month,Yes,Electronic check,79.15,High,1676.95,Medium Value,Yes
9606-PBKBQ,Month-to-month,Yes,Electronic check,85,High,2642.05,Medium Value,Yes
5149-QYTTU,One year,Yes,Credit card (automatic),95.15,Very High,6770.85,High Value,No
2070-XYMFH,Month-to-month,Yes,Mailed check,79.35,High,1835.3,Medium Value,Yes
2085-BOJKI,One year,Yes,Bank transfer (automatic),96.65,Very High,1588.25,Medium Value,No
0817-HSUSE,Month-to-month,Yes,Electronic check,75.5,High,75.5,Low Value,Yes
5442-PPTJY,Two year,No,Mailed check,19.7,Low,258.35,Low Value,No
1927-QEWMY,Two year,No,Credit card (automatic),20.5,Low,1502.25,Medium Value,No
1663-MHLHE,Month-to-month,No,Mailed check,19.2,Low,19.2,Low Value,Yes
5663-QBGIS,Two year,No,Bank transfer (automatic),98.35,Very High,6929.4,High Value,No
4450-MDZFX,Month-to-month,No,Bank transfer (automatic),74.35,High,4453.3,High Value,Yes
6701-DHKWQ,Two year,No,Credit card (automatic),51.35,Medium,3244.4,High Value,No
7554-AKDQF,Month-to-month,No,Mailed check,45.65,Medium,323.45,Low Value,Yes
3536-IQCTX,Month-to-month,No,Electronic check,85.3,High,2661.1,Medium Value,Yes
4911-BANWH,Month-to-month,Yes,Credit card (automatic),86.55,High,2697.4,Medium Value,Yes
8496-EJAUI,Month-to-month,Yes,Credit card (automatic),73.85,High,1424.5,Medium Value,Yes
0794-YVSGE,Two year,No,Bank transfer (automatic),20.3,Low,1401.15,Medium Value,No
5423-BHIXO,Month-to-month,Yes,Electronic check,54.2,Medium,1739.6,Medium Value,Yes
6908-VVYHM,Month-to-month,Yes,Electronic check,90.65,Very High,5931,High Value,Yes
2959-EEXWB,Month-to-month,Yes,Bank transfer (automatic),50.9,Medium,2333.85,Medium Value,Yes
1839-UMACK,One year,No,Electronic check,25.05,Low,949.85,Medium Value,No
3030-YDNRM,Month-to-month,Yes,Electronic check,74.85,High,572.45,Low Value,Yes
7321-KKSDU,Two year,No,Mailed check,20.5,Low,696.8,Medium Value,No
3402-XRIUO,Month-to-month,Yes,Mailed check,63.55,Medium,1381.8,Medium Value,Yes
3132-TVFDZ,Month-to-month,Yes,Electronic check,44.85,Medium,2572.95,Medium Value,Yes
8286-AFUYI,Month-to-month,No,Electronic check,47.95,Medium,47.95,Low Value,Yes
8080-DDEMJ,Month-to-month,No,Electronic check,45.1,Medium,45.1,Low Value,Yes
8356-WUAOJ,Month-to-month,Yes,Electronic check,45,Medium,45,Low Value,Yes
6365-MTGZX,Month-to-month,Yes,Electronic check,96,Very High,2122.45,Medium Value,Yes
1349-WXNGG,Month-to-month,No,Bank transfer (automatic),20.05,Low,20.05,Low Value,Yes
8058-DMYRU,Month-to-month,Yes,Electronic check,90.05,Very High,4931.8,High Value,Yes
9350-ZXYJC,Two year,Yes,Credit card (automatic),25.3,Low,116.95,Low Value,No
6990-YNRIO,Two year,No,Bank transfer (automatic),108.65,Very High,6937.95,High Value,No
8958-JPTRR,One year,No,Electronic check,24.3,Low,1261.7,Medium Value,No
6959-GQEGV,Month-to-month,Yes,Electronic check,75.95,High,3273.8,High Value,Yes
3173-WSSUE,Two year,No,Credit card (automatic),19.7,Low,1415.85,Medium Value,No
1265-HVPZB,One year,No,Credit card (automatic),66.4,Medium,3958.2,High Value,No
4115-UMJFQ,One year,Yes,Bank transfer (automatic),35.75,Medium,2492.25,Medium Value,No
7369-TRPFD,One year,No,Mailed check,18.8,Low,279.2,Low Value,No
1098-KFQEC,Two year,No,Credit card (automatic),19.4,Low,1083,Medium Value,No
7190-XHTWJ,One year,No,Mailed check,19.3,Low,755.5,Medium Value,No
0621-TWIEM,Month-to-month,Yes,Electronic check,45.55,Medium,402.6,Low Value,Yes
3537-RYBHH,Month-to-month,Yes,Credit card (automatic),67.45,Medium,3252,High Value,Yes
2485-ITVKB,Month-to-month,Yes,Electronic check,35.1,Low,68.75,Low Value,Yes
3669-OYSJI,Month-to-month,No,Credit card (automatic),46.2,Medium,46.2,Low Value,Yes
1612-EOHDH,Month-to-month,No,Electronic check,45.15,Medium,45.15,Low Value,Yes
6702-OHFWR,Month-to-month,Yes,Electronic check,43.3,Medium,43.3,Low Value,Yes
5296-BFCYD,Two year,Yes,Mailed check,20.1,Low,936.85,Medium Value,No
4510-PYUSH,Month-to-month,Yes,Credit card (automatic),57.15,Medium,2250.65,Medium Value,Yes
9359-JANWS,Two year,No,Credit card (automatic),58.9,Medium,3857.1,High Value,No
7517-SAWMO,Month-to-month,Yes,Electronic check,73.2,High,1441.1,Medium Value,Yes
4143-HHPMK,Month-to-month,Yes,Electronic check,85.35,High,4338.6,High Value,Yes
3279-DYZQM,Two year,No,Mailed check,19.45,Low,1378.45,Medium Value,No
7054-LGEQW,Month-to-month,No,Mailed check,45.95,Medium,45.95,Low Value,Yes
0523-VNGTF,Month-to-month,Yes,Electronic check,50.5,Medium,2566.3,Medium Value,Yes
9575-IWCAZ,One year,No,Mailed check,25.1,Low,171,Low Value,No
7105-MXJLL,One year,No,Mailed check,60.7,Medium,1597.4,Medium Value,No
7064-FRRSW,One year,Yes,Electronic check,99,Very High,4744.35,High Value,No
7940-UQQUG,One year,Yes,Bank transfer (automatic),104.4,Very High,6721.6,High Value,No
0923-PNFUB,Month-to-month,No,Electronic check,83.75,High,247.25,Low Value,Yes
3961-SXAXY,Month-to-month,Yes,Bank transfer (automatic),44.05,Medium,44.05,Low Value,Yes
7010-BRBUU,Two year,No,Credit card (automatic),24.1,Low,1734.65,Medium Value,No
3566-HJGPK,Month-to-month,Yes,Mailed check,45.55,Medium,45.55,Low Value,Yes
3062-ICYZQ,Month-to-month,Yes,Electronic check,93.8,Very High,4539.35,High Value,Yes
9938-PRCVK,Two year,No,Bank transfer (automatic),19.7,Low,804.25,Medium Value,No
0973-KYVNF,Two year,Yes,Credit card (automatic),70.65,High,5011.15,High Value,No
5129-HHMZC,Two year,No,Credit card (automatic),86.45,High,3574.5,High Value,No
9637-CDTKZ,Two year,Yes,Credit card (automatic),114.1,Very High,8086.4,High Value,No
3946-JEWRQ,One year,Yes,Credit card (automatic),95.2,Very High,4563,High Value,No
7873-CVMAW,Two year,No,Credit card (automatic),88.55,High,6362.35,High Value,No
0463-WZZKO,Month-to-month,Yes,Credit card (automatic),20.75,Low,67.1,Low Value,Yes
3494-JCHRQ,Month-to-month,Yes,Electronic check,70.05,Medium,70.05,Low Value,Yes
6474-FVJLC,Month-to-month,Yes,Electronic check,86,High,165.45,Low Value,Yes
4524-QCSSM,Month-to-month,Yes,Bank transfer (automatic),44.65,Medium,1156.55,Medium Value,Yes
5832-EXGTT,Month-to-month,Yes,Mailed check,60.2,Medium,1834.15,Medium Value,Yes
8840-DQLGN,Month-to-month,Yes,Bank transfer (automatic),100.5,Very High,3653.35,High Value,Yes
2039-JONDJ,One year,No,Bank transfer (automatic),55.45,Medium,1477.65,Medium Value,No
7217-JYHOQ,Month-to-month,Yes,Credit card (automatic),70.3,Medium,1706.45,Medium Value,Yes
6695-FRVEC,Two year,Yes,Bank transfer (automatic),60.4,Medium,3953.7,High Value,No
4547-LYTDD,Month-to-month,No,Electronic check,72.65,High,1194.3,Medium Value,Yes
9894-QMIMJ,One year,No,Bank transfer (automatic),55.8,Medium,1327.85,Medium Value,No
8069-YQQAJ,Month-to-month,Yes,Mailed check,31.1,Low,419.7,Low Value,Yes
6770-XUAGN,Month-to-month,Yes,Electronic check,21,Low,21,Low Value,Yes
4193-ORFCL,Month-to-month,No,Mailed check,45.1,Medium,45.1,Low Value,Yes
1636-NTNCO,Month-to-month,Yes,Credit card (automatic),50.95,Medium,207.35,Low Value,Yes
3466-WAESX,Month-to-month,Yes,Electronic check,69.1,Medium,1083.7,Medium Value,Yes
9281-PKKZE,Month-to-month,Yes,Electronic check,43.95,Medium,2007.85,Medium Value,Yes
3638-VBZTA,Two year,Yes,Bank transfer (automatic),86.5,High,5882.75,High Value,No
7459-IMVYU,Month-to-month,No,Electronic check,69.95,Medium,2657.55,Medium Value,Yes
7776-QWNFX,Month-to-month,Yes,Bank transfer (automatic),50.4,Medium,1527.5,Medium Value,Yes
6689-TCZHQ,Month-to-month,No,Electronic check,78.95,High,378.4,Low Value,Yes
8563-OYMQY,Month-to-month,Yes,Credit card (automatic),90.95,Very High,1612.2,Medium Value,Yes
0754-EEBDC,Two year,No,Mailed check,19.9,Low,76.65,Low Value,No
5777-ZPQNC,One year,No,Electronic check,20.15,Low,260.7,Low Value,No
1951-IEYXM,Two year,Yes,Credit card (automatic),90.6,Very High,6441.85,High Value,No
3318-NMQXL,Month-to-month,Yes,Electronic check,92,Very High,266.8,Low Value,Yes
3143-ILDAL,Month-to-month,Yes,Electronic check,94.45,Very High,5124.6,High Value,Yes
1022-RKXDR,One year,Yes,Mailed check,24.85,Low,962.25,Medium Value,No
2361-FJWNO,One year,No,Credit card (automatic),36,Medium,1382.9,Medium Value,No
2272-UOINI,Month-to-month,Yes,Electronic check,78.5,High,571.05,Low Value,Yes
8232-UTFOZ,Two year,No,Credit card (automatic),19.95,Low,1399.35,Medium Value,No
3750-YHRYO,One year,No,Mailed check,20.65,Low,150,Low Value,No
6637-KYRCV,Month-to-month,Yes,Electronic check,30.5,Low,167.2,Low Value,Yes
5668-MEISB,Two year,No,Credit card (automatic),106.1,Very High,7657.4,High Value,No
0129-QMPDR,One year,Yes,Bank transfer (automatic),20.5,Low,865.05,Medium Value,No
7188-CBBBA,One year,Yes,Electronic check,95.5,Very High,6153.85,High Value,No
5356-CSVSQ,Month-to-month,No,Electronic check,64.6,Medium,174.2,Low Value,Yes
3221-CJMSG,Month-to-month,Yes,Credit card (automatic),51.1,Medium,1269.6,Medium Value,Yes
4720-VSTSI,Month-to-month,Yes,Bank transfer (automatic),84.8,High,3862.55,High Value,Yes
3219-JQRSL,Two year,No,Credit card (automatic),89.1,High,6352.4,High Value,No
2801-NISEI,Month-to-month,No,Electronic check,54.95,Medium,1348.5,Medium Value,Yes
3946-MHCZW,Month-to-month,No,Mailed check,50.9,Medium,50.9,Low Value,Yes
4623-ZKHLY,Month-to-month,Yes,Bank transfer (automatic),20.45,Low,471.55,Low Value,Yes
6732-VAILE,Two year,Yes,Credit card (automatic),85.95,High,5931.75,High Value,No
8201-AAXCB,Month-to-month,No,Electronic check,60.35,Medium,1404.65,Medium Value,Yes
7696-CFTAT,Two year,No,Bank transfer (automatic),19.8,Low,726.1,Medium Value,No
1845-CSBRZ,Month-to-month,No,Bank transfer (automatic),85.35,High,1961.6,Medium Value,Yes
2123-VSCOT,Two year,Yes,Bank transfer (automatic),72.1,High,4194.85,High Value,No
6651-AZVTJ,Month-to-month,Yes,Electronic check,99.8,Very High,4872.45,High Value,Yes
4566-GOLUK,Month-to-month,Yes,Bank transfer (automatic),107.35,Very High,5118.95,High Value,Yes
2484-DGXPZ,Month-to-month,Yes,Mailed check,19.55,Low,658.95,Low Value,Yes
2018-QKYGT,Month-to-month,Yes,Electronic check,81.05,High,81.05,Low Value,Yes
2792-VPPET,Month-to-month,Yes,Electronic check,20.5,Low,76.95,Low Value,Yes
7409-JURKQ,One year,Yes,Bank transfer (automatic),111.8,Very High,5809.75,High Value,No
3247-MHJKM,Month-to-month,No,Mailed check,20.2,Low,20.2,Low Value,Yes
1964-SVLEA,One year,Yes,Mailed check,19.7,Low,415.9,Low Value,No
4587-NUKOX,Month-to-month,Yes,Electronic check,79.1,High,246.5,Low Value,Yes
7297-DVYGA,One year,Yes,Bank transfer (automatic),19.85,Low,996.95,Medium Value,No
2239-CGBUZ,One year,Yes,Bank transfer (automatic),60.5,Medium,3145.15,High Value,No
0854-UYHZD,Two year,No,Mailed check,19.55,Low,265.3,Low Value,No
7243-LCGGZ,Month-to-month,No,Mailed check,20.9,Low,20.9,Low Value,Yes
8267-KFGYD,Month-to-month,Yes,Mailed check,21.05,Low,21.05,Low Value,Yes
4890-VMUAV,One year,No,Electronic check,71.5,High,4576.3,High Value,No
9261-WDCAF,Month-to-month,No,Mailed check,54.65,Medium,189.1,Low Value,Yes
3764-MNMOI,Two year,No,Credit card (automatic),19.2,Low,908.15,Medium Value,No
7442-YGZFK,Month-to-month,Yes,Credit card (automatic),49.8,Medium,49.8,Low Value,Yes
0420-BWTPW,Month-to-month,No,Mailed check,25.5,Low,215.2,Low Value,Yes
8229-BUJHX,Two year,No,Bank transfer (automatic),20.5,Low,1500.95,Medium Value,No
7449-HVPIV,Month-to-month,Yes,Credit card (automatic),90.4,Very High,5099.15,High Value,Yes
5504-WSIUR,One year,Yes,Bank transfer (automatic),90.25,Very High,6385.95,High Value,No
8183-ONMXC,Month-to-month,No,Electronic check,80.75,High,159.45,Low Value,Yes
8466-PZBLH,Two year,No,Bank transfer (automatic),104.6,Very High,6885.75,High Value,No
9614-RMGHA,Month-to-month,Yes,Bank transfer (automatic),91.85,Very High,5940.85,High Value,Yes
8735-IJJEG,Month-to-month,No,Credit card (automatic),50.2,Medium,668.85,Low Value,Yes
0564-MUUQK,Month-to-month,Yes,Bank transfer (automatic),95.5,Very High,1916.2,Medium Value,Yes
5054-IEXZT,Month-to-month,Yes,Electronic check,75.35,High,75.35,Low Value,Yes
5834-ASPWA,Month-to-month,Yes,Electronic check,75.45,High,75.45,Low Value,Yes
0701-RFGFI,Month-to-month,Yes,Bank transfer (automatic),95.4,Very High,4613.95,High Value,Yes
0019-EFAEP,Two year,Yes,Bank transfer (automatic),101.3,Very High,7261.25,High Value,No
5619-PTMIK,Month-to-month,No,Electronic check,53.1,Medium,2459.8,Medium Value,Yes
3737-XBQDD,Month-to-month,Yes,Bank transfer (automatic),84.85,High,2048.8,Medium Value,Yes
5882-CMAZQ,Month-to-month,No,Electronic check,34.25,Low,163.55,Low Value,Yes
5846-QFDFI,Month-to-month,No,Credit card (automatic),88.6,High,2888.7,High Value,Yes
4445-KWOKW,One year,Yes,Bank transfer (automatic),60.15,Medium,2421.6,Medium Value,No
3511-APPBJ,One year,Yes,Credit card (automatic),99.95,Very High,2292.75,Medium Value,No
7967-HYCDE,Month-to-month,No,Bank transfer (automatic),70.7,High,553.4,Low Value,Yes
2430-RRYUW,One year,Yes,Mailed check,54.8,Medium,3465.7,High Value,No
3948-XHGNA,Month-to-month,Yes,Bank transfer (automatic),49.55,Medium,1210.4,Medium Value,Yes
3723-BFBGR,Month-to-month,No,Credit card (automatic),54.8,Medium,1291.3,Medium Value,Yes
0565-IYCGT,One year,Yes,Credit card (automatic),78.6,High,5356.45,High Value,No
5447-WZAFP,One year,Yes,Mailed check,100.3,Very High,5200.8,High Value,No
5110-CHOPY,Two year,No,Electronic check,53.6,Medium,3237.05,High Value,No
5445-UTODQ,Month-to-month,Yes,Electronic check,81.1,High,576.65,Low Value,Yes
4425-OWHWB,One year,Yes,Credit card (automatic),19.35,Low,433.75,Low Value,No
7892-QVYKW,Month-to-month,No,Electronic check,85.6,High,1868.4,Medium Value,Yes
9675-ICXCT,Two year,Yes,Electronic check,80.8,High,5728.55,High Value,No
1024-VRZHF,Month-to-month,Yes,Electronic check,74.95,High,825.7,Medium Value,Yes
4703-MQYKT,Two year,No,Mailed check,19.6,Low,390.4,Low Value,No
9497-QCMMS,Month-to-month,Yes,Electronic check,93.55,Very High,93.55,Low Value,Yes
5692-ICXLW,Month-to-month,Yes,Electronic check,90.7,Very High,2845.15,High Value,Yes
0602-DDUML,Two year,No,Mailed check,69.75,Medium,3894.4,High Value,No
2208-MPXIO,Two year,Yes,Bank transfer (automatic),20,Low,886.4,Medium Value,No
1960-UYCNN,Month-to-month,Yes,Electronic check,95.25,Very High,1021.55,Medium Value,Yes
0348-SDKOL,Month-to-month,Yes,Credit card (automatic),102.1,Very High,5885.4,High Value,Yes
3190-FZATL,Month-to-month,No,Mailed check,19.95,Low,268.4,Low Value,Yes
7336-RLLRH,One year,No,Mailed check,80.85,High,2204.35,Medium Value,No
4373-MAVJG,Month-to-month,Yes,Bank transfer (automatic),90.9,Very High,1259,Medium Value,Yes
8901-HJXTF,Month-to-month,No,Mailed check,29.2,Low,309.1,Low Value,Yes
7710-JSYOA,Two year,Yes,Bank transfer (automatic),93.3,Very High,6398.05,High Value,No
5419-KLXBN,Month-to-month,Yes,Bank transfer (automatic),89.15,High,2257.75,Medium Value,Yes
3424-NMNBO,One year,Yes,Electronic check,108.85,Very High,6287.25,High Value,No
9885-MFVSU,Two year,Yes,Credit card (automatic),46.35,Medium,1662.05,Medium Value,No
4514-GFCFI,Month-to-month,Yes,Electronic check,84.75,High,1350.15,Medium Value,Yes
0607-MVMGC,One year,No,Credit card (automatic),78.75,High,3600.65,High Value,No
3365-SAIGS,Month-to-month,Yes,Electronic check,83.55,High,1329.15,Medium Value,Yes
9828-AOQLM,Month-to-month,Yes,Electronic check,45.7,Medium,45.7,Low Value,Yes
8022-BECSI,One year,No,Mailed check,19.6,Low,422.5,Low Value,No
8000-REIQB,Month-to-month,Yes,Electronic check,69.95,Medium,69.95,Low Value,Yes
9993-LHIEB,Two year,No,Mailed check,67.85,Medium,4627.65,High Value,No
0266-CLZKZ,Two year,Yes,Bank transfer (automatic),105.65,Very High,6717.9,High Value,No
7615-ESMYF,Month-to-month,No,Electronic check,44.6,Medium,97.1,Low Value,Yes
3858-VOBET,Month-to-month,Yes,Electronic check,74.95,High,1710.45,Medium Value,Yes
7020-OZKXZ,Month-to-month,No,Credit card (automatic),75.5,High,637.4,Low Value,Yes
3977-QCRSL,Month-to-month,No,Mailed check,20.15,Low,117.95,Low Value,Yes
0017-DINOC,Two year,No,Credit card (automatic),45.2,Medium,2460.55,Medium Value,No
1447-PJGGA,Two year,Yes,Electronic check,95.25,Very High,5464.65,High Value,No
8565-CLBZW,Month-to-month,Yes,Mailed check,89.85,High,2165.05,Medium Value,Yes
9139-WQQDY,One year,No,Mailed check,100.45,Very High,4941.8,High Value,No
0224-HJAPT,Month-to-month,No,Electronic check,47.15,Medium,223.15,Low Value,Yes
8086-OVPWV,Month-to-month,Yes,Electronic check,80.2,High,181.1,Low Value,Yes
9430-FRQOC,Month-to-month,Yes,Mailed check,87.1,High,341.45,Low Value,Yes
7639-OPLNG,Two year,Yes,Bank transfer (automatic),79.25,High,5731.85,High Value,No
3074-GQWYX,Month-to-month,Yes,Bank transfer (automatic),75.9,High,357.75,Low Value,Yes
1492-QGCLU,Month-to-month,No,Electronic check,85.7,High,4616.1,High Value,Yes
6845-RGTYS,Month-to-month,Yes,Electronic check,98.75,Very High,4533.7,High Value,Yes
7328-OWMOM,One year,No,Credit card (automatic),20.1,Low,589.25,Low Value,No
4418-LZMSV,Month-to-month,No,Bank transfer (automatic),61.8,Medium,750.1,Medium Value,Yes
5155-AZQPB,Month-to-month,No,Mailed check,49.9,Medium,1410.25,Medium Value,Yes
8861-HGGKB,Month-to-month,No,Electronic check,86.45,High,830.85,Medium Value,Yes
1087-GRUYI,Two year,No,Bank transfer (automatic),20.4,Low,743.5,Medium Value,No
7065-YUNRY,Month-to-month,Yes,Mailed check,45.3,Medium,45.3,Low Value,Yes
7694-VLBWQ,One year,No,Electronic check,104.1,Very High,7040.85,High Value,No
2546-KZAAT,One year,Yes,Mailed check,75.4,High,3865.45,High Value,No
0181-RITDD,Two year,No,Mailed check,108.15,Very High,6825.65,High Value,No
5989-PGKJB,Month-to-month,Yes,Electronic check,86.25,High,1340.1,Medium Value,Yes
4795-KTRTH,Month-to-month,Yes,Electronic check,81,High,371.65,Low Value,Yes
8272-ONJLV,One year,No,Electronic check,95.7,Very High,1184,Medium Value,No
1488-PBLJN,Two year,Yes,Bank transfer (automatic),116.85,Very High,8477.7,High Value,No
0308-GIQJT,One year,No,Bank transfer (automatic),105.75,Very High,7382.85,High Value,No
3778-FOAQW,One year,No,Mailed check,20.15,Low,456.85,Low Value,No
4452-ROHMO,Two year,No,Mailed check,19.6,Low,331.6,Low Value,No
6481-OGDOO,One year,Yes,Credit card (automatic),90.6,Very High,6056.15,High Value,No
3090-LETTY,Month-to-month,No,Bank transfer (automatic),60.95,Medium,134.6,Low Value,Yes
5349-AZPEW,Month-to-month,No,Mailed check,25.05,Low,125.5,Low Value,Yes
3753-TSEMP,Month-to-month,No,Electronic check,88.15,High,1390.6,Medium Value,Yes
8305-VHZBZ,Month-to-month,Yes,Mailed check,20.2,Low,20.2,Low Value,Yes
9720-JJJOR,One year,Yes,Bank transfer (automatic),60.3,Medium,2511.3,Medium Value,No
8100-HZZLJ,Month-to-month,Yes,Electronic check,63.95,Medium,2737.05,Medium Value,Yes
8775-ERLNB,Month-to-month,No,Electronic check,74.3,High,74.3,Low Value,Yes
8309-IEYJD,Month-to-month,Yes,Mailed check,70.6,High,70.6,Low Value,Yes
9172-JITSM,Month-to-month,Yes,Electronic check,90.8,Very High,2361.8,Medium Value,Yes
6298-QDFNH,Month-to-month,Yes,Electronic check,79.35,High,1730.35,Medium Value,Yes
7398-HPYZQ,Two year,No,Bank transfer (automatic),90.55,Very High,6404,High Value,No
3546-GHEAE,Two year,No,Mailed check,19.45,Low,165.35,Low Value,No
7361-YPXFS,Month-to-month,No,Bank transfer (automatic),64.45,Medium,1867.6,Medium Value,Yes
6557-BZXLQ,Month-to-month,No,Electronic check,69.65,Medium,1043.3,Medium Value,Yes
2550-QHZGP,One year,No,Mailed check,19.5,Low,128.6,Low Value,No
7519-JTWQH,Two year,Yes,Bank transfer (automatic),110.5,Very High,7455.45,High Value,No
2538-OIMXF,Month-to-month,No,Mailed check,24.7,Low,24.7,Low Value,Yes
8543-MSDMF,Month-to-month,Yes,Electronic check,77.4,High,206.15,Low Value,Yes
9961-JBNMK,Month-to-month,Yes,Bank transfer (automatic),96.8,Very High,2030.3,Medium Value,Yes
1170-SASML,Month-to-month,Yes,Bank transfer (automatic),85.4,High,5869.4,High Value,Yes
4872-JCVCA,Two year,Yes,Bank transfer (automatic),47.6,Medium,3377.8,High Value,No
5346-BZCHP,Two year,No,Mailed check,19.4,Low,1346.2,Medium Value,No
2038-LLMLM,Month-to-month,Yes,Electronic check,103.85,Very High,4946.05,High Value,Yes
6173-ITPWD,Month-to-month,Yes,Bank transfer (automatic),83.35,High,4065,High Value,Yes
9734-UYXQI,Month-to-month,Yes,Electronic check,49.4,Medium,106.55,Low Value,Yes
1216-BGTSP,Month-to-month,Yes,Credit card (automatic),108.45,Very High,4964.7,High Value,Yes
4138-NAXED,Month-to-month,No,Bank transfer (automatic),81,High,4085.75,High Value,Yes
2189-UXTKY,Month-to-month,Yes,Electronic check,79.2,High,1742.75,Medium Value,Yes
0744-BIKKF,Two year,No,Bank transfer (automatic),86.65,High,6224.8,High Value,No
7483-IQWIB,Month-to-month,Yes,Electronic check,92.95,Very High,3415.25,High Value,Yes
5248-KWLAR,Two year,No,Electronic check,90.35,Very High,6325.25,High Value,No
4958-GZWIY,Month-to-month,No,Electronic check,48.7,Medium,340.25,Low Value,Yes
7996-MHXLW,Two year,Yes,Credit card (automatic),25.15,Low,1683.6,Medium Value,No
7833-PKIHD,One year,Yes,Bank transfer (automatic),76.4,High,3966.3,High Value,No
7061-OVMIM,One year,No,Bank transfer (automatic),19.55,Low,608.5,Low Value,No
5153-RTHKF,Month-to-month,No,Electronic check,85.35,High,2896.6,High Value,Yes
1852-QSWCD,Two year,Yes,Mailed check,24.8,Low,1514.85,Medium Value,No
4832-VRBMR,One year,Yes,Bank transfer (automatic),103.15,Very High,6792.45,High Value,No
9079-LWTFD,Month-to-month,No,Mailed check,100.75,Very High,4669.2,High Value,Yes
6356-ELRKD,Month-to-month,Yes,Electronic check,95.6,Very High,95.6,Low Value,Yes
8624-GIOUT,Month-to-month,Yes,Credit card (automatic),59.75,Medium,2934.3,High Value,Yes
3392-EHMNK,Two year,No,Credit card (automatic),94.1,Very High,6302.8,High Value,No
5986-WWXDV,One year,No,Bank transfer (automatic),19.35,Low,779.2,Medium Value,No
3061-BCKYI,Month-to-month,No,Mailed check,19.9,Low,283.75,Low Value,Yes
6179-GJPSO,Month-to-month,Yes,Credit card (automatic),108.15,Very High,4600.7,High Value,Yes
7901-TBKJX,Month-to-month,Yes,Electronic check,101.05,Very High,5594,High Value,Yes
7228-PAQPD,One year,No,Credit card (automatic),59.1,Medium,772.85,Medium Value,No
3177-LASXD,Month-to-month,No,Electronic check,71.35,High,71.35,Low Value,Yes
7746-QYVCO,One year,Yes,Mailed check,55.85,Medium,857.8,Medium Value,No
5804-HYIEZ,Month-to-month,Yes,Electronic check,106.05,Very High,7554.05,High Value,Yes
9919-FZDED,Two year,Yes,Credit card (automatic),84.1,High,5981.65,High Value,No
5934-TSSAU,Month-to-month,Yes,Credit card (automatic),75.3,High,1702.9,Medium Value,Yes
3486-KHMLI,Month-to-month,No,Mailed check,24.7,Low,467.15,Low Value,Yes
4897-QSUYC,Month-to-month,Yes,Mailed check,20.15,Low,20.15,Low Value,Yes
1084-UQCHV,Month-to-month,No,Bank transfer (automatic),69.75,Medium,69.75,Low Value,Yes
8290-YWKHZ,Month-to-month,Yes,Electronic check,93.2,Very High,2931,High Value,Yes
2955-BJZHG,Month-to-month,No,Electronic check,80.85,High,1400.85,Medium Value,Yes
3806-DXQOM,Month-to-month,Yes,Electronic check,33.65,Low,137.85,Low Value,Yes
6784-XYJAE,One year,No,Electronic check,55.8,Medium,1941.5,Medium Value,No
3933-DQPWX,Two year,No,Credit card (automatic),39.7,Medium,1932.75,Medium Value,No
6661-EIPZC,Month-to-month,Yes,Credit card (automatic),29.5,Low,1423.05,Medium Value,Yes
8957-THMOA,Two year,No,Credit card (automatic),20.15,Low,970.85,Medium Value,No
2251-PYLPB,Two year,No,Credit card (automatic),79.55,High,5810.9,High Value,No
5555-RNPGT,Month-to-month,No,Credit card (automatic),24.8,Low,223.9,Low Value,Yes
1057-FOGLZ,Month-to-month,No,Mailed check,19.65,Low,391.7,Low Value,Yes
9300-RENDD,Month-to-month,Yes,Electronic check,79.95,High,79.95,Low Value,Yes
0761-AETCS,Month-to-month,No,Electronic check,19.3,Low,19.3,Low Value,Yes
8087-LGYHQ,Month-to-month,Yes,Electronic check,94.05,Very High,811.65,Medium Value,Yes
4137-BTIKL,Month-to-month,No,Mailed check,90.75,Very High,174.75,Low Value,Yes
2190-BCXEC,Month-to-month,Yes,Credit card (automatic),78.85,High,3126.85,High Value,Yes
6227-FBDXH,One year,No,Bank transfer (automatic),99.5,Very High,6841.45,High Value,No
2153-MREFK,One year,Yes,Electronic check,99.2,Very High,3754.6,High Value,No
2911-WDXMV,Month-to-month,Yes,Credit card (automatic),80.55,High,1406.65,Medium Value,Yes
7206-PQBBZ,Month-to-month,Yes,Electronic check,70.2,Medium,834.7,Medium Value,Yes
3106-ULWFW,Month-to-month,Yes,Credit card (automatic),85.2,High,627.4,Low Value,Yes
0925-VYDLG,Month-to-month,No,Electronic check,75.25,High,242,Low Value,Yes
4547-FZJWE,One year,No,Credit card (automatic),59.45,Medium,3157,High Value,No
7422-WNBTY,Month-to-month,Yes,Electronic check,93.35,Very High,3092,High Value,Yes
0842-IWYCP,Month-to-month,No,Bank transfer (automatic),44.95,Medium,2168.9,Medium Value,Yes
3521-HTQTV,Two year,No,Bank transfer (automatic),26.1,Low,980.35,Medium Value,No
3744-ZBHON,Month-to-month,No,Electronic check,20.2,Low,65.95,Low Value,Yes
3373-DIUUN,Two year,No,Mailed check,21.25,Low,711.9,Medium Value,No
8383-SGHJU,One year,No,Electronic check,59.4,Medium,1952.8,Medium Value,No
7607-QKKTJ,One year,Yes,Credit card (automatic),95,Very High,4368.85,High Value,No
7707-PYBBH,Month-to-month,Yes,Mailed check,61.9,Medium,2647.1,Medium Value,Yes
8984-HPEMB,Two year,Yes,Electronic check,118.65,Very High,8477.6,High Value,No
4349-GFQHK,Month-to-month,No,Electronic check,54.35,Medium,54.35,Low Value,Yes
4139-DETXS,Two year,No,Bank transfer (automatic),64.45,Medium,4528,High Value,No
9779-DPNEJ,Month-to-month,Yes,Electronic check,80.15,High,1790.65,Medium Value,Yes
9805-FILKB,One year,Yes,Bank transfer (automatic),20.2,Low,845.6,Medium Value,No
5793-YOLJN,Two year,No,Mailed check,21,Low,1210.3,Medium Value,No
0673-IGUQO,Month-to-month,No,Mailed check,20.45,Low,20.45,Low Value,Yes
4123-FCVCB,One year,Yes,Mailed check,75.85,High,854.45,Medium Value,No
8819-IMISP,Month-to-month,Yes,Electronic check,80.45,High,2429.1,Medium Value,Yes
7802-EFKNY,Month-to-month,Yes,Electronic check,24.95,Low,100.4,Low Value,Yes
8311-UEUAB,Two year,Yes,Electronic check,75.5,High,5229.45,High Value,No
5858-EAFCZ,Month-to-month,No,Mailed check,44.45,Medium,44.45,Low Value,Yes
8035-BUYVG,One year,Yes,Electronic check,42.35,Medium,1716.45,Medium Value,No
1163-ONYEY,Month-to-month,Yes,Credit card (automatic),74.55,High,3023.55,High Value,Yes
9787-XVQIU,Month-to-month,Yes,Electronic check,75.3,High,75.3,Low Value,Yes
8945-MUQUF,One year,Yes,Electronic check,94.8,Very High,4837.6,High Value,No
5656-MJEFC,Two year,No,Credit card (automatic),48.15,Medium,2032.3,Medium Value,No
6082-OQFBA,One year,No,Mailed check,19.65,Low,436.9,Low Value,No
8051-HJRLT,Month-to-month,Yes,Electronic check,70.55,High,70.55,Low Value,Yes
8974-OVACP,Month-to-month,No,Mailed check,20.15,Low,20.15,Low Value,Yes
4010-YLMVT,Month-to-month,Yes,Credit card (automatic),106.6,Very High,5893.95,High Value,Yes
1379-FRVEB,Month-to-month,Yes,Electronic check,91,Very High,1430.05,Medium Value,Yes
8612-GXIDD,Two year,Yes,Bank transfer (automatic),25.4,Low,313,Low Value,No
6288-CHQJB,Two year,No,Bank transfer (automatic),69.95,Medium,3871.85,High Value,No
8160-HOWOX,Month-to-month,Yes,Electronic check,66.85,Medium,458.1,Low Value,Yes
3023-GFLBR,Month-to-month,No,Credit card (automatic),86.15,High,2745.7,High Value,Yes
6648-INWPS,Month-to-month,No,Electronic check,20.15,Low,341.35,Low Value,Yes
4223-BKEOR,One year,No,Mailed check,64.85,Medium,1336.8,Medium Value,No
4079-VTGLK,Two year,No,Electronic check,74.85,High,2181.75,Medium Value,No
1763-WQFUK,Month-to-month,Yes,Mailed check,50.5,Medium,147.75,Low Value,Yes
1391-UBDAR,Month-to-month,No,Electronic check,72.9,High,818.45,Medium Value,Yes
8894-JVDCV,One year,Yes,Credit card (automatic),115.05,Very High,7133.45,High Value,No
2023-VQFDL,Month-to-month,No,Electronic check,19,Low,348.8,Low Value,Yes
1345-GKDZZ,Month-to-month,No,Mailed check,19.55,Low,128.6,Low Value,Yes
2014-MKGMH,One year,Yes,Electronic check,101.1,Very High,4674.4,High Value,No
5628-FCGYG,Month-to-month,Yes,Electronic check,84.1,High,1737.45,Medium Value,Yes
2560-WBWXF,Two year,Yes,Bank transfer (automatic),24.15,Low,1498.85,Medium Value,No
0248-IPDFW,Month-to-month,Yes,Electronic check,50.1,Medium,50.1,Low Value,Yes
7978-DKUQH,Month-to-month,Yes,Electronic check,74.6,High,1797.75,Medium Value,Yes
4335-UPJSI,Two year,No,Mailed check,19.75,Low,498.1,Low Value,No
0524-IAVZO,Month-to-month,Yes,Electronic check,85,High,2624.25,Medium Value,Yes
2737-YNGYW,Month-to-month,No,Electronic check,80.55,High,184.1,Low Value,Yes
1784-EZDKJ,One year,Yes,Bank transfer (automatic),106.8,Very High,5498.8,High Value,No
9297-FVVDH,Two year,Yes,Electronic check,84.5,High,4845.4,High Value,No
8007-YYPWD,Two year,No,Bank transfer (automatic),25.05,Low,369.1,Low Value,No
7101-HRBLJ,Two year,Yes,Bank transfer (automatic),83.7,High,6096.9,High Value,No
5159-YFPKQ,Month-to-month,Yes,Electronic check,75.8,High,160.75,Low Value,Yes
6635-CPNUN,Month-to-month,No,Credit card (automatic),96.6,Very High,2684.35,Medium Value,Yes
4021-RQSNY,Month-to-month,Yes,Electronic check,98.5,Very High,3004.15,High Value,Yes
5453-YBTWV,Two year,Yes,Credit card (automatic),101.1,Very High,6994.8,High Value,No
5039-LZRQT,One year,No,Mailed check,20.2,Low,273.25,Low Value,No
2931-VUVJN,One year,Yes,Electronic check,94.05,Very High,5483.9,High Value,No
9061-TIHDA,Month-to-month,Yes,Electronic check,95.25,Very High,1233.65,Medium Value,Yes
8699-ASUFO,Month-to-month,Yes,Mailed check,74.4,High,527.9,Low Value,Yes
6418-PIQSP,Two year,No,Mailed check,81,High,4985.9,High Value,No
8220-OCUFY,One year,Yes,Electronic check,60.25,Medium,1258.35,Medium Value,No
3995-WFCSM,Month-to-month,No,Electronic check,60.85,Medium,111.4,Low Value,Yes
1895-QTKDO,Month-to-month,No,Credit card (automatic),43.95,Medium,43.95,Low Value,Yes
2038-OEQZH,Month-to-month,No,Electronic check,86.05,High,308.1,Low Value,Yes
1178-PZGAB,One year,No,Credit card (automatic),20.25,Low,383.65,Low Value,No
7927-AUXBZ,Month-to-month,No,Electronic check,85.15,High,2555.9,Medium Value,Yes
2626-VEEWG,Two year,Yes,Credit card (automatic),19.4,Low,1284.2,Medium Value,No
2878-RMWXY,Two year,Yes,Credit card (automatic),102.65,Very High,7550.3,High Value,No
1657-DYMBM,Two year,No,Credit card (automatic),19.9,Low,1110.05,Medium Value,No
7311-MQJCH,One year,No,Electronic check,19.55,Low,99.6,Low Value,No
7375-WMVMT,Two year,Yes,Credit card (automatic),95.5,Very High,6707.15,High Value,No
1136-XGEQU,One year,Yes,Credit card (automatic),84.15,High,4164.4,High Value,No
2530-FMFXO,Two year,Yes,Electronic check,103.2,Very High,5873.75,High Value,No
6844-DZKRF,Month-to-month,Yes,Credit card (automatic),50.2,Medium,109.25,Low Value,Yes
4695-WJZUE,Month-to-month,Yes,Electronic check,88.55,High,179.25,Low Value,Yes
7619-ODSGN,Month-to-month,No,Electronic check,54.75,Medium,1338.15,Medium Value,Yes
5970-GHJAW,Two year,No,Credit card (automatic),19.95,Low,862.4,Medium Value,No
8879-XUAHX,Two year,Yes,Electronic check,116.25,Very High,8564.75,High Value,No
3689-MOZGR,Month-to-month,Yes,Electronic check,31.2,Low,926.2,Medium Value,Yes
4195-PNGZS,Two year,No,Bank transfer (automatic),24.45,Low,1718.2,Medium Value,No
5003-XZWWO,Two year,No,Credit card (automatic),84.2,High,5956.85,High Value,No
3988-RQIXO,Month-to-month,Yes,Electronic check,91.3,Very High,91.3,Low Value,Yes
7622-FWGEW,Two year,Yes,Bank transfer (automatic),85.65,High,4824.45,High Value,No
6922-NCEDI,One year,Yes,Mailed check,21.2,Low,1238.65,Medium Value,No
2514-GINMM,Month-to-month,Yes,Electronic check,79.5,High,79.5,Low Value,Yes
9891-NQDBD,One year,No,Mailed check,25.55,Low,672.2,Low Value,No
6131-IUNXN,Month-to-month,No,Mailed check,20.2,Low,382.2,Low Value,Yes
8548-AWOFC,Month-to-month,No,Electronic check,63.85,Medium,4264.6,High Value,Yes
9798-DRYDS,One year,Yes,Mailed check,61.95,Medium,1070.7,Medium Value,No
8532-UEFWH,Two year,No,Mailed check,25.75,Low,1345.85,Medium Value,No
6296-DDOOR,One year,No,Electronic check,58.2,Medium,1045.25,Medium Value,No
7951-VRDVK,One year,No,Bank transfer (automatic),85.85,High,3003.55,High Value,No
5931-FLJJF,Month-to-month,Yes,Mailed check,70.1,Medium,467.55,Low Value,Yes
4815-YOSUK,One year,Yes,Credit card (automatic),104.9,Very High,7537.5,High Value,No
2659-VXMWZ,One year,Yes,Electronic check,111.3,Very High,7482.1,High Value,No
0380-NEAVX,One year,Yes,Electronic check,99.85,Very High,3343.15,High Value,No
3207-OYBWH,Month-to-month,Yes,Bank transfer (automatic),95.25,Very High,5427.05,High Value,Yes
4285-GYRQC,Month-to-month,Yes,Electronic check,86.25,High,587.1,Low Value,Yes
7216-EWTRS,Month-to-month,Yes,Electronic check,100.8,Very High,100.8,Low Value,Yes
4365-MSDYN,Month-to-month,Yes,Bank transfer (automatic),19.55,Low,161.15,Low Value,Yes
7036-TYDEC,Two year,No,Electronic check,104,Very High,7028.5,High Value,No
5802-ADBRC,One year,Yes,Mailed check,104.4,Very High,5232.9,High Value,No
8076-FEZKJ,One year,No,Mailed check,19.5,Low,225.85,Low Value,No
5197-YPYBZ,Two year,No,Credit card (automatic),25.25,Low,274.7,Low Value,No
8337-MSSXB,Month-to-month,Yes,Electronic check,86.3,High,1180.95,Medium Value,Yes
4312-GVYNH,Two year,Yes,Bank transfer (automatic),49.85,Medium,3370.2,High Value,No
8495-LJDFO,Month-to-month,Yes,Bank transfer (automatic),108.95,Very High,7111.3,High Value,Yes
0839-JTCUD,Two year,No,Credit card (automatic),89.9,Very High,5958.85,High Value,No
5494-WOZRZ,Two year,Yes,Credit card (automatic),82,High,5999.85,High Value,No
1302-UHBDD,Month-to-month,No,Electronic check,89.95,Very High,1648.45,Medium Value,Yes
2234-EOFPT,Two year,Yes,Bank transfer (automatic),79.35,High,5753.25,High Value,No
8619-IJNDK,Two year,No,Credit card (automatic),64.05,Medium,4492.9,High Value,No
8378-LKJAF,Month-to-month,Yes,Credit card (automatic),101.15,Very High,3956.7,High Value,Yes
8182-BJDSI,Month-to-month,Yes,Electronic check,89.95,Very High,2625.55,Medium Value,Yes
2528-HFYZX,Month-to-month,Yes,Electronic check,76.45,High,1233.4,Medium Value,Yes
1153-GNOLC,One year,Yes,Electronic check,39.1,Medium,1309,Medium Value,No
3298-QEICA,Two year,No,Mailed check,34.6,Low,813.45,Medium Value,No
0788-DXBFY,One year,Yes,Electronic check,19.55,Low,1108.8,Medium Value,No
3597-YASZG,Two year,Yes,Bank transfer (automatic),104.45,Very High,7349.35,High Value,No
3496-LFSZU,Month-to-month,No,Electronic check,70.5,High,294.2,Low Value,Yes
5242-UOWHD,Two year,No,Mailed check,20.35,Low,929.2,Medium Value,No
2482-CZGBB,Month-to-month,Yes,Electronic check,70,Medium,740,Medium Value,Yes
6479-SZPLM,Two year,No,Credit card (automatic),19.45,Low,754.5,Medium Value,No
8097-VBQTZ,Month-to-month,Yes,Mailed check,69.9,Medium,3883.3,High Value,Yes
4500-HKANN,Two year,No,Mailed check,59.7,Medium,1414.2,Medium Value,No
9917-KWRBE,One year,Yes,Credit card (automatic),78.35,High,3211.2,High Value,No
3420-ZDBMA,Month-to-month,Yes,Mailed check,71.45,High,371.6,Low Value,Yes
2212-LYASK,One year,Yes,Credit card (automatic),45.85,Medium,1246.4,Medium Value,No
1393-IMKZG,Month-to-month,Yes,Electronic check,95.85,Very High,95.85,Low Value,Yes
8069-RHUXK,Two year,No,Credit card (automatic),35.7,Medium,2545.7,Medium Value,No
3398-GCPMU,Two year,Yes,Credit card (automatic),89.55,High,6448.85,High Value,No
2908-WGAXL,Two year,Yes,Credit card (automatic),24.95,Low,1468.9,Medium Value,No
3378-AJRAO,One year,No,Electronic check,24.85,Low,1013.6,Medium Value,No
1013-QCWAM,Month-to-month,Yes,Electronic check,100.8,Very High,6690.75,High Value,Yes
0866-QLSIR,One year,Yes,Mailed check,64.4,Medium,2088.75,Medium Value,No
6050-FFXES,Two year,No,Bank transfer (automatic),105.35,Very High,7240.65,High Value,No
7181-BQYBV,Month-to-month,Yes,Electronic check,102.45,Very High,102.45,Low Value,Yes
0362-RAOQO,Two year,No,Credit card (automatic),19.65,Low,830.25,Medium Value,No
9554-DFKIC,Month-to-month,Yes,Bank transfer (automatic),54.45,Medium,1588.7,Medium Value,Yes
5527-ACHSO,Month-to-month,No,Mailed check,70.5,High,829.3,Medium Value,Yes
0829-DDVLK,One year,No,Credit card (automatic),20.1,Low,302.45,Low Value,No
1399-UBQIU,Month-to-month,Yes,Electronic check,69.35,Medium,712.25,Medium Value,Yes
1813-JLKWR,One year,No,Bank transfer (automatic),19.8,Low,1336.65,Medium Value,No
0336-PIKEI,Two year,No,Bank transfer (automatic),74.4,High,5360.75,High Value,No
7322-OCWHC,Two year,Yes,Bank transfer (automatic),93.05,Very High,6735.05,High Value,No
9537-VHDTA,Month-to-month,No,Mailed check,51.2,Medium,51.2,Low Value,Yes
4957-TIALW,One year,No,Credit card (automatic),65.6,Medium,1010,Medium Value,No
2054-PJOCK,One year,No,Credit card (automatic),80.55,High,4847.05,High Value,No
9150-HEPMB,One year,No,Mailed check,52.7,Medium,3019.7,High Value,No
9030-QGZNL,Two year,No,Mailed check,20.85,Low,161.65,Low Value,No
6204-IEUXJ,Month-to-month,No,Credit card (automatic),80.1,High,217.55,Low Value,Yes
3126-WQMGH,Month-to-month,Yes,Credit card (automatic),52.15,Medium,2583.75,Medium Value,Yes
4529-CKBCL,Month-to-month,Yes,Electronic check,80.2,High,146.05,Low Value,Yes
2506-CLAKW,Month-to-month,Yes,Bank transfer (automatic),98.15,Very High,567.45,Low Value,Yes
7176-WRTNX,Two year,Yes,Bank transfer (automatic),114.95,Very High,7711.25,High Value,No
1583-IHQZE,Month-to-month,Yes,Mailed check,112.95,Very High,1384.75,Medium Value,Yes
5732-IKGQH,One year,Yes,Bank transfer (automatic),104.45,Very High,5481.25,High Value,No
9239-GZHZE,Two year,Yes,Credit card (automatic),113.65,Very High,8124.2,High Value,No
7205-BAIAD,Two year,Yes,Bank transfer (automatic),20.6,Low,827.3,Medium Value,No
0151-ONTOV,Month-to-month,No,Mailed check,70.9,High,70.9,Low Value,Yes
4140-MUHUG,Month-to-month,Yes,Electronic check,86.85,High,220.95,Low Value,Yes
0093-EXYQL,Month-to-month,Yes,Electronic check,91.55,Very High,3673.6,High Value,Yes
8064-RAVOH,Month-to-month,Yes,Electronic check,49.85,Medium,49.85,Low Value,Yes
0219-QAERP,One year,No,Credit card (automatic),19.8,Low,576.65,Low Value,No
0320-JDNQG,Month-to-month,Yes,Electronic check,99.85,Very High,2331.3,Medium Value,Yes
7180-PISOG,Month-to-month,Yes,Electronic check,74.5,High,74.5,Low Value,Yes
9168-INPSZ,Month-to-month,No,Electronic check,104.15,Very High,4495.65,High Value,Yes
3571-RFHAR,Month-to-month,Yes,Electronic check,109.15,Very High,6941.2,High Value,Yes
0015-UOCOJ,Month-to-month,Yes,Electronic check,48.2,Medium,340.35,Low Value,Yes
5334-AFQJB,Two year,Yes,Credit card (automatic),25.1,Low,1789.9,Medium Value,No
2754-SDJRD,Month-to-month,Yes,Credit card (automatic),100.15,Very High,908.55,Medium Value,Yes
9578-VRMNM,Month-to-month,Yes,Credit card (automatic),65.2,Medium,1043.35,Medium Value,Yes
1587-FKLZB,Month-to-month,Yes,Credit card (automatic),99.5,Very High,6822.15,High Value,Yes
6140-QNRQQ,Month-to-month,Yes,Mailed check,71.55,High,71.55,Low Value,Yes
8963-JLGJT,Month-to-month,No,Mailed check,55.9,Medium,157.55,Low Value,Yes
4307-KTUMW,Month-to-month,No,Electronic check,93.9,Very High,5029.2,High Value,Yes
1465-LNTLJ,Month-to-month,Yes,Credit card (automatic),64.4,Medium,581.7,Low Value,Yes
5440-FLBQG,Two year,Yes,Bank transfer (automatic),108.4,Very High,7318.2,High Value,No
2135-DQWAQ,Month-to-month,Yes,Mailed check,85.3,High,420.45,Low Value,Yes
4056-QHXHZ,Two year,No,Mailed check,107.45,Very High,7576.7,High Value,No
7470-MCQTK,Month-to-month,Yes,Bank transfer (automatic),48.75,Medium,633.4,Low Value,Yes
7488-MXJIV,Month-to-month,Yes,Electronic check,85.65,High,321.65,Low Value,Yes
7401-JIXNM,Two year,No,Credit card (automatic),91.3,Very High,4965,High Value,No
9339-FIIJL,Two year,No,Bank transfer (automatic),85.95,High,6151.9,High Value,No
2027-FECZV,Month-to-month,Yes,Electronic check,106.7,Very High,1253.9,Medium Value,Yes
2672-DZUOY,Month-to-month,Yes,Electronic check,25.15,Low,25.15,Low Value,Yes
4706-DGAHW,Month-to-month,No,Electronic check,45.2,Medium,45.2,Low Value,Yes
3870-MQAMG,One year,No,Electronic check,110.35,Very High,5893.15,High Value,No
6670-MFRPK,Two year,Yes,Credit card (automatic),79.2,High,5420.65,High Value,No
6177-PEVRA,Two year,No,Credit card (automatic),55.5,Medium,2627.35,Medium Value,No
4800-CZMPC,One year,Yes,Credit card (automatic),103.25,Very High,5037.55,High Value,No
4813-HQMGZ,Month-to-month,Yes,Electronic check,90.25,Very High,743.75,Medium Value,Yes
7579-KKLOE,Two year,Yes,Mailed check,91.25,Very High,6589.6,High Value,No
7377-DMMRI,Month-to-month,Yes,Electronic check,47.8,Medium,92.45,Low Value,Yes
8402-EIVQS,One year,Yes,Credit card (automatic),100.9,Very High,6733.15,High Value,No
4947-DSMXK,Month-to-month,Yes,Bank transfer (automatic),97.7,Very High,3410,High Value,Yes
7245-NIIWQ,Month-to-month,Yes,Electronic check,69.85,Medium,199.85,Low Value,Yes
0002-ORFBO,One year,Yes,Mailed check,65.6,Medium,593.3,Low Value,No
3324-OIRTO,One year,Yes,Bank transfer (automatic),104.65,Very High,7288.4,High Value,No
5414-OFQCB,Two year,Yes,Credit card (automatic),90.45,Very High,5229.8,High Value,No
4967-WPNCF,Two year,Yes,Bank transfer (automatic),63.7,Medium,4464.8,High Value,No
8552-OBVRU,Month-to-month,Yes,Electronic check,104.5,Very High,5068.05,High Value,Yes
8499-BRXTD,One year,No,Mailed check,20.1,Low,401.85,Low Value,No
9154-QDGTH,One year,Yes,Credit card (automatic),104.3,Very High,4451.85,High Value,No
8197-BFWVU,Two year,Yes,Bank transfer (automatic),93.25,Very High,6688.95,High Value,No
2577-GVSIL,One year,Yes,Bank transfer (automatic),73.45,High,2661.1,Medium Value,No
9367-OIUXP,Month-to-month,No,Mailed check,20.7,Low,73.05,Low Value,Yes
6770-UAYGJ,Two year,No,Mailed check,25.25,Low,1211.65,Medium Value,No
6463-HHXJR,Two year,No,Bank transfer (automatic),100.5,Very High,7030.65,High Value,No
7928-VJYAB,Month-to-month,No,Electronic check,90.6,Very High,1020.2,Medium Value,Yes
1187-WILMM,Two year,Yes,Credit card (automatic),89.4,High,5597.65,High Value,No
9776-OJUZI,Month-to-month,Yes,Bank transfer (automatic),95.45,Very High,6223.3,High Value,Yes
1306-RPWXZ,Two year,No,Credit card (automatic),20.45,Low,1024.65,Medium Value,No
8949-JTMAY,Month-to-month,Yes,Credit card (automatic),98.6,Very High,2933.2,High Value,Yes
2774-LVQUS,Month-to-month,Yes,Electronic check,83.05,High,1258.3,Medium Value,Yes
3097-PYWXL,Month-to-month,Yes,Electronic check,19.95,Low,82.9,Low Value,Yes
2266-SJNAT,One year,No,Credit card (automatic),109.15,Very High,7789.6,High Value,No
0869-PAPRP,Month-to-month,Yes,Credit card (automatic),85.7,High,2067,Medium Value,Yes
4238-JSSWH,Month-to-month,No,Bank transfer (automatic),102.05,Very High,3452.55,High Value,Yes
2972-YDYUW,One year,No,Electronic check,94.7,Very High,5468.95,High Value,No
1104-FEJAM,Month-to-month,No,Electronic check,64.4,Medium,1802.15,Medium Value,Yes
2809-ILCYT,One year,Yes,Mailed check,26.8,Low,733.55,Medium Value,No
5499-ECUTN,One year,Yes,Credit card (automatic),66.05,Medium,3021.45,High Value,No
4981-FLTMF,Month-to-month,No,Bank transfer (automatic),65.2,Medium,3687.85,High Value,Yes
9121-PHQSR,Month-to-month,Yes,Credit card (automatic),85.05,High,1391.15,Medium Value,Yes
3113-IWHLC,Month-to-month,Yes,Mailed check,55.8,Medium,274.35,Low Value,Yes
3211-ILJTT,Month-to-month,Yes,Bank transfer (automatic),70.4,High,1214.05,Medium Value,Yes
4612-THJBS,One year,Yes,Bank transfer (automatic),104.75,Very High,5510.65,High Value,No
4277-BWBML,Two year,No,Bank transfer (automatic),19.95,Low,1322.85,Medium Value,No
4094-NSEDU,Month-to-month,Yes,Electronic check,94.25,Very High,1973.75,Medium Value,Yes
0234-TEVTT,One year,No,Credit card (automatic),45,Medium,2196.3,Medium Value,No
4304-TSPVK,Two year,No,Bank transfer (automatic),114.9,Very High,7843.55,High Value,No
1552-AAGRX,Month-to-month,No,Bank transfer (automatic),106.4,Very High,3211.9,High Value,Yes
2637-FKFSY,Month-to-month,Yes,Mailed check,46.1,Medium,130.15,Low Value,Yes
9796-MVYXX,Two year,No,Mailed check,39.7,Medium,692.35,Medium Value,No
7874-ECPQJ,Month-to-month,Yes,Bank transfer (automatic),20.05,Low,85.5,Low Value,Yes
0020-INWCK,Two year,Yes,Credit card (automatic),95.75,Very High,6849.4,High Value,No
7089-RKVSZ,One year,No,Mailed check,24.4,Low,203.95,Low Value,No
2683-JXWQQ,Month-to-month,No,Bank transfer (automatic),33.6,Low,2117.2,Medium Value,Yes
9548-ZMVTX,Two year,No,Bank transfer (automatic),90.45,Very High,6565.85,High Value,No
8739-XNIKG,Month-to-month,Yes,Electronic check,84,High,424.75,Low Value,Yes
9755-JHNMN,Two year,No,Bank transfer (automatic),67.4,Medium,3306.85,High Value,No
3981-QSVQI,Month-to-month,Yes,Bank transfer (automatic),19.7,Low,168.9,Low Value,Yes
2789-HQBOU,Month-to-month,Yes,Electronic check,80.35,High,253.8,Low Value,Yes
9424-CMPOG,Two year,No,Mailed check,19.6,Low,197.4,Low Value,No
5067-WJEUN,Two year,Yes,Bank transfer (automatic),54.2,Medium,3838.2,High Value,No
3450-WXOAT,Month-to-month,Yes,Credit card (automatic),45.2,Medium,2065.15,Medium Value,Yes
9251-WNSOD,One year,No,Mailed check,75.1,High,5064.45,High Value,No
6974-DAFLI,One year,No,Electronic check,19.7,Low,1140.05,Medium Value,No
2616-UUTFK,Month-to-month,Yes,Bank transfer (automatic),72.75,High,2447.45,Medium Value,Yes
7064-JHXCE,Two year,No,Credit card (automatic),20.05,Low,1263.9,Medium Value,No
5103-MHMHY,Month-to-month,No,Mailed check,45.95,Medium,45.95,Low Value,Yes
7989-AWGEH,Month-to-month,Yes,Electronic check,39.2,Medium,1838.15,Medium Value,Yes
4373-VVHQL,Month-to-month,Yes,Electronic check,44.75,Medium,44.75,Low Value,Yes
4559-UWIHT,Month-to-month,Yes,Electronic check,82.65,High,1185,Medium Value,Yes
7268-IGMFD,Month-to-month,No,Bank transfer (automatic),93.9,Very High,1743.9,Medium Value,Yes
1846-XWOQN,Month-to-month,Yes,Electronic check,70.15,Medium,70.15,Low Value,Yes
0235-KGSLC,Month-to-month,Yes,Credit card (automatic),85.55,High,85.55,Low Value,Yes
6650-BWFRT,Two year,Yes,Credit card (automatic),117.15,Very High,8529.5,High Value,No
9570-KYEUA,Two year,No,Credit card (automatic),99.25,Very High,6549.45,High Value,No
6993-YGFJV,Two year,Yes,Bank transfer (automatic),112.55,Very High,7806.5,High Value,No
2712-SYWAY,Month-to-month,Yes,Electronic check,25.7,Low,25.7,Low Value,Yes
0730-BGQGF,Two year,No,Credit card (automatic),90.3,Very High,6287.3,High Value,No
5498-IBWPI,One year,Yes,Credit card (automatic),49.4,Medium,3251.85,High Value,No
9101-NTIXF,Month-to-month,No,Mailed check,19.4,Low,50.6,Low Value,Yes
0013-SMEOE,Two year,Yes,Bank transfer (automatic),109.7,Very High,7904.25,High Value,No
9314-QDMDW,One year,Yes,Electronic check,61.25,Medium,729.95,Medium Value,No
9308-ANMVE,Month-to-month,Yes,Electronic check,55.3,Medium,2654.05,Medium Value,Yes
2884-GBPFB,Month-to-month,Yes,Electronic check,70.3,Medium,2416.55,Medium Value,Yes
3757-NJYBX,Month-to-month,No,Bank transfer (automatic),106.35,Very High,3520.75,High Value,Yes
3413-DHLPB,Month-to-month,Yes,Bank transfer (automatic),103.75,Very High,5969.95,High Value,Yes
7649-PHJVR,One year,No,Mailed check,19.5,Low,226.8,Low Value,No
6114-TCFID,One year,No,Credit card (automatic),39.5,Medium,1082.75,Medium Value,No
3787-TRIAL,Month-to-month,Yes,Electronic check,26.05,Low,565.75,Low Value,Yes
2573-GYRUU,Month-to-month,Yes,Credit card (automatic),91.05,Very High,4370.75,High Value,Yes
5156-UMKOW,Month-to-month,No,Mailed check,29.65,Low,90.05,Low Value,Yes
1247-QBVSH,Month-to-month,No,Mailed check,50.2,Medium,2169.4,Medium Value,Yes
6734-GMPVK,Month-to-month,No,Electronic check,105.3,Very High,550.6,Low Value,Yes
9822-OAOVB,Month-to-month,Yes,Electronic check,55.45,Medium,55.45,Low Value,Yes
6161-ERDGD,One year,No,Electronic check,85.45,High,6300.85,High Value,No
1226-JZNKR,One year,No,Electronic check,19.8,Low,160.05,Low Value,No
7318-EIVKO,Month-to-month,Yes,Electronic check,59.25,Medium,436.6,Low Value,Yes
3771-PZOBW,Month-to-month,Yes,Credit card (automatic),90.7,Very High,1781.35,Medium Value,Yes
5136-KCKGI,One year,Yes,Mailed check,103.7,Very High,3467,High Value,No
8231-BSWXX,One year,Yes,Credit card (automatic),79.05,High,5552.5,High Value,No
6486-LHTMA,One year,Yes,Electronic check,90.7,Very High,2835.5,High Value,No
4083-BFNYK,One year,No,Credit card (automatic),95,Very High,3591.25,High Value,No
3722-WPXTK,Month-to-month,Yes,Electronic check,88.35,High,88.35,Low Value,Yes
7389-KBFIT,Month-to-month,Yes,Mailed check,30.25,Low,63.75,Low Value,Yes
7176-WIONM,Month-to-month,Yes,Bank transfer (automatic),49.85,Medium,617.15,Low Value,Yes
5141-ZUVBH,Month-to-month,No,Bank transfer (automatic),93,Very High,870.25,Medium Value,Yes
1089-HDMKP,Month-to-month,Yes,Electronic check,54.55,Medium,601.25,Low Value,Yes
7623-HKYRK,Month-to-month,No,Mailed check,19.7,Low,111.65,Low Value,Yes
0310-SUCIN,One year,Yes,Bank transfer (automatic),84.8,High,6046.1,High Value,No
5197-PYEPU,One year,Yes,Credit card (automatic),94.45,Very High,3923.8,High Value,No
2929-ERCFZ,Month-to-month,Yes,Electronic check,94.2,Very High,777.3,Medium Value,Yes
7548-SEPYI,Month-to-month,Yes,Electronic check,96.25,Very High,512.45,Low Value,Yes
8835-VSDSE,Month-to-month,Yes,Electronic check,70.7,High,141.45,Low Value,Yes
6619-RPLQZ,Two year,No,Mailed check,20.85,Low,892.15,Medium Value,No
3275-RHRNE,One year,Yes,Credit card (automatic),60,Medium,1682.05,Medium Value,No
3503-TYDAY,Month-to-month,No,Electronic check,80.45,High,3398.9,High Value,Yes
6901-GOGZG,Two year,Yes,Electronic check,84.95,High,4984.85,High Value,No
1623-NLDOT,One year,No,Mailed check,33.55,Low,1445.3,Medium Value,No
7021-XSNYE,Two year,No,Credit card (automatic),49.65,Medium,305.55,Low Value,No
9621-OUPYD,One year,Yes,Bank transfer (automatic),20.2,Low,507.9,Low Value,No
9898-KZQDZ,Month-to-month,Yes,Credit card (automatic),94.55,Very High,3640.45,High Value,Yes
8982-NHAVY,One year,Yes,Bank transfer (automatic),100.5,Very High,2673.45,Medium Value,No
4307-KWMXE,Month-to-month,No,Electronic check,35.75,Medium,389.8,Low Value,Yes
0141-YEAYS,Month-to-month,Yes,Bank transfer (automatic),86.45,High,2401.05,Medium Value,Yes
2450-ZKEED,One year,No,Bank transfer (automatic),53.8,Medium,651.55,Low Value,No
3694-DELSO,Month-to-month,No,Credit card (automatic),38.55,Medium,156.1,Low Value,Yes
3893-JRNFS,Month-to-month,Yes,Bank transfer (automatic),39.9,Medium,2796.35,High Value,Yes
9603-OAIHC,Month-to-month,Yes,Electronic check,70.05,Medium,70.05,Low Value,Yes
1133-KXCGE,One year,No,Mailed check,20.1,Low,407.05,Low Value,No
5236-PERKL,Two year,Yes,Bank transfer (automatic),112.95,Very High,6465,High Value,No
0142-GVYSN,Month-to-month,Yes,Electronic check,20.3,Low,511.25,Low Value,Yes
1049-FYSYG,Month-to-month,Yes,Credit card (automatic),35.65,Medium,646.05,Low Value,Yes
7854-FOKSF,Month-to-month,No,Electronic check,35.9,Medium,35.9,Low Value,Yes
2519-FAKOD,Month-to-month,Yes,Bank transfer (automatic),99.25,Very High,3777.15,High Value,Yes
8406-LNMHF,One year,Yes,Credit card (automatic),82.95,High,4903.15,High Value,No
1821-BUCWY,Two year,Yes,Mailed check,55.65,Medium,1653.85,Medium Value,No
8263-JQAIK,Month-to-month,Yes,Mailed check,24.45,Low,47.5,Low Value,Yes
0023-UYUPN,One year,No,Electronic check,25.2,Low,1306.3,Medium Value,No
8314-DPQHL,One year,No,Mailed check,50.8,Medium,463.6,Low Value,No
1465-WCZVT,Month-to-month,No,Mailed check,19.65,Low,60.65,Low Value,Yes
9481-SFCQY,Month-to-month,Yes,Credit card (automatic),59.8,Medium,824.85,Medium Value,Yes
6360-SVNWV,Month-to-month,Yes,Credit card (automatic),73.55,High,2094.65,Medium Value,Yes
0567-GGCAC,Month-to-month,No,Electronic check,61.4,Medium,438.9,Low Value,Yes
7089-IVVAZ,Month-to-month,Yes,Bank transfer (automatic),103.35,Very High,847.3,Medium Value,Yes
8884-MRNSU,One year,No,Bank transfer (automatic),19.9,Low,329.75,Low Value,No
2171-UDMFD,Month-to-month,Yes,Credit card (automatic),19.45,Low,674.55,Low Value,Yes
9050-IKDZA,Month-to-month,No,Mailed check,81.5,High,162.55,Low Value,Yes
2205-YMZZJ,Month-to-month,Yes,Electronic check,84.8,High,546.95,Low Value,Yes
9802-CAQUT,Two year,No,Credit card (automatic),109.55,Very High,7887.25,High Value,No
1254-IZEYF,Month-to-month,Yes,Electronic check,99.95,Very High,3186.65,High Value,Yes
0187-WZNAB,Month-to-month,No,Mailed check,74.4,High,1972.35,Medium Value,Yes
9492-TOKRI,Month-to-month,Yes,Credit card (automatic),90,Very High,1527.35,Medium Value,Yes
1475-VWVDO,Month-to-month,Yes,Electronic check,74.9,High,490.55,Low Value,Yes
9221-OTIVJ,Month-to-month,Yes,Electronic check,104.85,Very High,1531.4,Medium Value,Yes
1357-MVDOZ,Month-to-month,Yes,Bank transfer (automatic),59.65,Medium,683.25,Medium Value,Yes
7602-MVRMB,Two year,Yes,Bank transfer (automatic),110.45,Very High,8058.85,High Value,No
3325-FUYCG,One year,No,Electronic check,106.1,Very High,2847.4,High Value,No
5908-QMGOE,Month-to-month,Yes,Credit card (automatic),74.2,High,1133.9,Medium Value,Yes
1197-BVMVG,Month-to-month,Yes,Electronic check,74.45,High,294.45,Low Value,Yes
5406-KGRMX,Two year,No,Electronic check,24.55,Low,1719.15,Medium Value,No
8481-YYXWG,Month-to-month,Yes,Electronic check,89.35,High,461.7,Low Value,Yes
5968-HYJRZ,Two year,No,Mailed check,24.55,Low,1160.45,Medium Value,No
5198-EFNBM,One year,Yes,Electronic check,90.65,Very High,5199.8,High Value,No
7516-GMHUV,Two year,Yes,Credit card (automatic),105.05,Very High,5163.3,High Value,No
7140-ADSMJ,Month-to-month,Yes,Credit card (automatic),20.45,Low,162.3,Low Value,Yes
2230-XTUWL,Two year,No,Mailed check,19.55,Low,883.35,Medium Value,No
7706-YLMQA,One year,No,Bank transfer (automatic),19.7,Low,1341.5,Medium Value,No
2585-KTFRE,Month-to-month,Yes,Bank transfer (automatic),70.45,High,70.45,Low Value,Yes
7994-UYIVZ,Month-to-month,Yes,Bank transfer (automatic),85.65,High,659.45,Low Value,Yes
2609-IAICY,Month-to-month,Yes,Electronic check,77.15,High,77.15,Low Value,Yes
1740-CSDJP,Month-to-month,Yes,Bank transfer (automatic),35.25,Low,35.25,Low Value,Yes
7717-BICXI,Two year,No,Mailed check,20.55,Low,1205.05,Medium Value,No
6559-RAKOZ,One year,Yes,Electronic check,97.95,Very High,4917.9,High Value,No
2636-OHFMN,Month-to-month,Yes,Electronic check,48.55,Medium,201,Low Value,Yes
4716-MRVEN,One year,No,Mailed check,20,Low,599.3,Low Value,No
2143-LJULT,Two year,Yes,Credit card (automatic),25.25,Low,1733.15,Medium Value,No
1323-OOEPC,Month-to-month,Yes,Credit card (automatic),98.4,Very High,5149.5,High Value,Yes
3200-MNQTF,Two year,No,Credit card (automatic),70.9,High,4677.1,High Value,No
6164-HXUGH,Month-to-month,No,Mailed check,19.85,Low,119.3,Low Value,Yes
5630-IXDXV,Month-to-month,Yes,Electronic check,106.35,Very High,4849.1,High Value,Yes
0320-DWVTU,Two year,No,Mailed check,99.5,Very High,5424.25,High Value,No
9135-MGVPY,Two year,Yes,Mailed check,84.7,High,5878.9,High Value,No
1212-GLHMD,Month-to-month,Yes,Mailed check,86.05,High,244.85,Low Value,Yes
7878-JGDKK,Month-to-month,No,Mailed check,44.55,Medium,220.75,Low Value,Yes
1088-AUUZZ,Two year,Yes,Credit card (automatic),75.85,High,4261.2,High Value,No
0397-GZBBC,Month-to-month,Yes,Bank transfer (automatic),93.85,Very High,5574.75,High Value,Yes
6614-YWYSC,Two year,No,Bank transfer (automatic),25,Low,1501.75,Medium Value,No
9588-OZDMQ,Month-to-month,Yes,Electronic check,45,Medium,89.75,Low Value,Yes
7641-EUYET,Month-to-month,Yes,Electronic check,100.7,Very High,4541.2,High Value,Yes
6476-EPYZR,Month-to-month,No,Mailed check,20.5,Low,255.5,Low Value,Yes
9921-ZVRHG,Month-to-month,Yes,Electronic check,80.45,High,1072,Medium Value,Yes
1174-FGIFN,One year,Yes,Electronic check,90.45,Very High,2509.25,Medium Value,No
6620-HVDUJ,Month-to-month,No,Bank transfer (automatic),60.45,Medium,1440.75,Medium Value,Yes
4701-MLJPN,Month-to-month,Yes,Electronic check,55.25,Medium,1715.65,Medium Value,Yes
1032-MAELW,One year,Yes,Electronic check,78.45,High,5333.35,High Value,No
7641-TQFHN,Two year,No,Mailed check,100.55,Very High,3895.35,High Value,No
1552-TKMXS,Month-to-month,No,Credit card (automatic),20.35,Low,869.9,Medium Value,Yes
9206-GVPEQ,Month-to-month,Yes,Electronic check,54.45,Medium,706.85,Medium Value,Yes
8622-ZLFKO,Month-to-month,Yes,Electronic check,90.75,Very High,512.25,Low Value,Yes
1596-BBVTG,Month-to-month,No,Credit card (automatic),75.35,High,2636.05,Medium Value,Yes
6188-UXBBR,One year,Yes,Credit card (automatic),20.25,Low,814.75,Medium Value,No
2333-KWEWW,Two year,No,Credit card (automatic),20.05,Low,388.6,Low Value,No
5702-SKUOB,Month-to-month,No,Mailed check,19.6,Low,93.45,Low Value,Yes
1134-YWTYF,Month-to-month,Yes,Electronic check,53.8,Medium,1389.85,Medium Value,Yes
6061-GWWAV,One year,No,Mailed check,70.2,Medium,2894.55,High Value,No
0679-TDGAK,One year,No,Electronic check,75.5,High,4025.6,High Value,No
6585-WCEWR,Two year,No,Electronic check,20.35,Low,1354.4,Medium Value,No
9067-YGSCA,One year,No,Credit card (automatic),26.05,Low,1856.4,Medium Value,No
9067-SQTNS,One year,No,Bank transfer (automatic),20.6,Low,926,Medium Value,No
8433-WXGNA,Month-to-month,Yes,Electronic check,75.7,High,189.2,Low Value,Yes
1776-SPBWV,One year,Yes,Bank transfer (automatic),20.1,Low,682.1,Medium Value,No
8735-SDUFN,Two year,No,Bank transfer (automatic),24.3,Low,1778.7,Medium Value,No
9668-PUGNU,Two year,Yes,Electronic check,24.5,Low,1816.2,Medium Value,No
9405-GPBBG,Two year,Yes,Credit card (automatic),110.5,Very High,7069.25,High Value,No
1926-QUZNN,Two year,Yes,Bank transfer (automatic),25.25,Low,1841.2,Medium Value,No
3707-GNWHM,Month-to-month,Yes,Mailed check,74.25,High,74.25,Low Value,Yes
7016-NVRIC,One year,No,Bank transfer (automatic),90.1,Very High,2656.7,Medium Value,No
5829-NVSQN,One year,Yes,Bank transfer (automatic),68.75,Medium,1689.45,Medium Value,No
9565-AXSMR,Two year,No,Mailed check,19.2,Low,1054.75,Medium Value,No
8922-LIEGH,Month-to-month,Yes,Electronic check,89.7,High,2187.55,Medium Value,Yes
8869-LIHMK,Two year,Yes,Bank transfer (automatic),115.1,Very High,7334.05,High Value,No
8245-UMPYT,Month-to-month,Yes,Electronic check,96.4,Very High,1581.2,Medium Value,Yes
5186-SAMNZ,Month-to-month,Yes,Bank transfer (automatic),69.5,Medium,69.5,Low Value,Yes
0447-RXSGD,Month-to-month,Yes,Bank transfer (automatic),99.65,Very High,2404.85,Medium Value,Yes
4927-WWOOZ,Month-to-month,Yes,Electronic check,91.45,Very High,171.45,Low Value,Yes
5788-YPOEG,Two year,No,Mailed check,84.75,High,2839.45,High Value,No
5373-SFODM,Month-to-month,Yes,Credit card (automatic),85.25,High,3132.75,High Value,Yes
0661-KBKPA,One year,Yes,Mailed check,78.75,High,3942.45,High Value,No
9081-WWXKP,Two year,No,Credit card (automatic),20.25,Low,873.4,Medium Value,No
0784-ZQJZX,Two year,No,Credit card (automatic),19.9,Low,1529.65,Medium Value,No
3133-PZNSR,Two year,Yes,Credit card (automatic),97.75,Very High,6991.6,High Value,No
5766-ZJYBB,Month-to-month,No,Mailed check,19.4,Low,19.4,Low Value,Yes
8931-GJJIQ,Month-to-month,Yes,Electronic check,83.3,High,803.3,Medium Value,Yes
4277-PVRAN,Month-to-month,Yes,Bank transfer (automatic),80.1,High,679.3,Medium Value,Yes
0022-TCJCI,One year,No,Credit card (automatic),62.7,Medium,2791.5,High Value,No
0722-SVSFK,Month-to-month,Yes,Electronic check,100.4,Very High,715,Medium Value,Yes
3612-YVGSJ,Two year,Yes,Credit card (automatic),24.45,Low,1681.6,Medium Value,No
9825-YCXWZ,One year,Yes,Bank transfer (automatic),101.1,Very High,4016.2,High Value,No
5397-NSKQG,Two year,No,Credit card (automatic),50.9,Medium,3281.65,High Value,No
8565-HBFNN,One year,Yes,Credit card (automatic),107.2,Very High,7317.1,High Value,No
2000-DHJUY,Two year,Yes,Bank transfer (automatic),92.2,Very High,6474.45,High Value,No
0203-HHYIJ,One year,No,Bank transfer (automatic),25.3,Low,676.35,Low Value,No
8670-ERCJH,Two year,No,Bank transfer (automatic),113.4,Very High,8164.1,High Value,No
7758-UJWYS,Two year,Yes,Electronic check,40.55,Medium,1325.85,Medium Value,No
2050-ONYDQ,Two year,No,Credit card (automatic),26,Low,1654.85,Medium Value,No
7055-JCGNI,Two year,Yes,Credit card (automatic),111.95,Very High,7795.95,High Value,No
0739-UUAJR,Two year,Yes,Credit card (automatic),53.8,Medium,3952.45,High Value,No
4826-DXMUP,One year,Yes,Mailed check,72.1,High,2495.15,Medium Value,No
0952-KMEEH,Month-to-month,No,Mailed check,98.15,Very High,1230.25,Medium Value,Yes
7285-KLOTR,One year,No,Electronic check,78.85,High,876.75,Medium Value,No
0654-PQKDW,One year,Yes,Bank transfer (automatic),70.75,High,4263.45,High Value,No
7175-NTIXE,Month-to-month,Yes,Credit card (automatic),76.15,High,1992.95,Medium Value,Yes
7963-SHNDT,Two year,No,Mailed check,39.1,Medium,1982.1,Medium Value,No
9796-BPKIW,Month-to-month,Yes,Credit card (automatic),69.95,Medium,562.7,Low Value,Yes
0188-GWFLE,Month-to-month,No,Mailed check,20.05,Low,33.7,Low Value,Yes
8129-GMVGI,Two year,No,Mailed check,20.05,Low,1090.1,Medium Value,No
2882-DDZPG,Month-to-month,No,Bank transfer (automatic),19.45,Low,227.45,Low Value,Yes
3547-LQRIK,One year,No,Electronic check,26.9,Low,1250.85,Medium Value,No
9137-NOQKA,Month-to-month,No,Electronic check,19.2,Low,37.2,Low Value,Yes
5843-TTHGI,Month-to-month,Yes,Mailed check,50,Medium,892.7,Medium Value,Yes
1849-RJYIG,Month-to-month,Yes,Electronic check,60,Medium,487.75,Low Value,Yes
8868-GAGIO,Month-to-month,Yes,Mailed check,84.55,High,3713.95,High Value,Yes
4061-UKJWL,Month-to-month,No,Mailed check,45.45,Medium,141.7,Low Value,Yes
5380-XPJNZ,One year,No,Mailed check,20.05,Low,678.2,Low Value,No
8263-QMNTJ,Two year,Yes,Electronic check,115.55,Very High,8425.3,High Value,No
8178-EYZUO,Month-to-month,Yes,Electronic check,93.7,Very High,4154.8,High Value,Yes
3230-JCNZS,Two year,Yes,Credit card (automatic),99,Very High,7061.65,High Value,No
0277-ORXQS,Two year,No,Bank transfer (automatic),50.55,Medium,3364.55,High Value,No
5130-IEKQT,Month-to-month,No,Mailed check,105.95,Very High,2655.25,Medium Value,Yes
3230-WYKIR,One year,Yes,Credit card (automatic),82,High,1425.45,Medium Value,No
7996-BPXHY,Two year,Yes,Bank transfer (automatic),25,Low,332.5,Low Value,No
3227-WLKLI,Two year,No,Bank transfer (automatic),91.55,Very High,5963.95,High Value,No
0407-BDJKB,Month-to-month,Yes,Electronic check,95.75,Very High,5742.9,High Value,Yes
2266-FUBDZ,Two year,No,Mailed check,19.35,Low,278.85,Low Value,No
8237-ULIXL,Two year,No,Credit card (automatic),24.85,Low,1871.85,Medium Value,No
9600-UDOPK,Month-to-month,Yes,Credit card (automatic),94.05,Very High,2866.45,High Value,Yes
8216-AZUUZ,Two year,Yes,Electronic check,100.4,Very High,4303.65,High Value,No
9153-BTBVV,Two year,No,Bank transfer (automatic),25,Low,1753,Medium Value,No
4074-SJFFA,Month-to-month,Yes,Mailed check,54.75,Medium,54.75,Low Value,Yes
3269-ATYWD,Month-to-month,Yes,Bank transfer (automatic),95.65,Very High,3759.05,High Value,Yes
5186-PEIZU,Month-to-month,No,Bank transfer (automatic),19.25,Low,617.65,Low Value,Yes
1074-AMIOH,Month-to-month,Yes,Bank transfer (automatic),108.25,Very High,5935.1,High Value,Yes
4910-GMJOT,Month-to-month,Yes,Electronic check,94.6,Very High,94.6,Low Value,Yes
0354-WYROK,Month-to-month,Yes,Electronic check,98.9,Very High,2911.3,High Value,Yes
4361-FEBGN,Two year,No,Credit card (automatic),20.15,Low,982.95,Medium Value,No
7748-UMTRK,Month-to-month,Yes,Electronic check,101.3,Very High,2974.5,High Value,Yes
0380-ZCSBI,Month-to-month,No,Credit card (automatic),20,Low,198.7,Low Value,Yes
7145-FEJWU,Month-to-month,Yes,Electronic check,105.3,Very High,1275.65,Medium Value,Yes
6463-MVYRY,Two year,No,Bank transfer (automatic),69.85,Medium,4003,High Value,No
3969-JQABI,Month-to-month,Yes,Credit card (automatic),65.25,Medium,3791.6,High Value,Yes
9624-EGDEQ,Two year,No,Mailed check,19.8,Low,813.3,Medium Value,No
1051-EQPZR,Month-to-month,No,Mailed check,19.6,Low,780.25,Medium Value,Yes
5849-ASHZJ,One year,No,Credit card (automatic),20.05,Low,552.9,Low Value,No
5780-INQIK,Month-to-month,No,Electronic check,49.4,Medium,408.25,Low Value,Yes
7576-OYWBN,Month-to-month,Yes,Electronic check,76.05,High,231.8,Low Value,Yes
4526-ZJJTM,Month-to-month,No,Bank transfer (automatic),88.4,High,2191.15,Medium Value,Yes
8384-FZBJK,Month-to-month,Yes,Electronic check,100.6,Very High,5611.7,High Value,Yes
3750-RNQKR,Month-to-month,No,Mailed check,19.45,Low,246.25,Low Value,Yes
0962-CQPWQ,Two year,No,Bank transfer (automatic),20.3,Low,1296.15,Medium Value,No
3096-YXENJ,Two year,Yes,Bank transfer (automatic),107.65,Very High,7082.85,High Value,No
1265-BCFEO,Two year,Yes,Bank transfer (automatic),80.45,High,5662.25,High Value,No
5837-LXSDN,One year,Yes,Credit card (automatic),58.85,Medium,1215.45,Medium Value,No
5945-AZYHT,One year,Yes,Electronic check,109.6,Very High,7854.15,High Value,No
8325-QRPZR,Month-to-month,Yes,Electronic check,75.15,High,525,Low Value,Yes
6384-VMJHP,Two year,Yes,Credit card (automatic),73,High,5265.2,High Value,No
2262-SLNVK,Month-to-month,No,Electronic check,70.1,Medium,70.1,Low Value,Yes
7730-CLDSV,Two year,Yes,Bank transfer (automatic),98.65,Very High,7129.45,High Value,No
1135-HIORI,One year,Yes,Electronic check,111.45,Very High,7266.95,High Value,No
0164-APGRB,Two year,Yes,Electronic check,114.9,Very High,8496.7,High Value,No
6481-ESCNL,Month-to-month,No,Bank transfer (automatic),100.55,Very High,2878.75,High Value,Yes
1790-NESIO,Two year,Yes,Mailed check,20.4,Low,261.3,Low Value,No
1550-EENBN,Month-to-month,No,Electronic check,104.35,Very High,3205.6,High Value,Yes
5539-TMZLF,Month-to-month,Yes,Electronic check,69.75,Medium,69.75,Low Value,Yes
4323-SADQS,Month-to-month,Yes,Electronic check,34.5,Low,279.25,Low Value,Yes
4446-BZKHU,Month-to-month,Yes,Electronic check,105.55,Very High,6281.45,High Value,Yes
5202-IVJNU,Month-to-month,No,Credit card (automatic),30.1,Low,1131.3,Medium Value,Yes
5976-JCJRH,Month-to-month,Yes,Electronic check,70.3,Medium,738.2,Medium Value,Yes
8198-RKSZG,Month-to-month,No,Credit card (automatic),80.45,High,1137.05,Medium Value,Yes
0137-OCGAB,Month-to-month,Yes,Mailed check,80.2,High,80.2,Low Value,Yes
3351-NQLDI,One year,Yes,Credit card (automatic),94.35,Very High,6341.45,High Value,No
9297-EONCV,Two year,Yes,Bank transfer (automatic),91.35,Very High,6697.2,High Value,No
7593-JNWRU,Month-to-month,Yes,Bank transfer (automatic),44.6,Medium,260.8,Low Value,Yes
4588-YBNIB,Month-to-month,Yes,Mailed check,19.6,Low,19.6,Low Value,Yes
1069-QJOEE,One year,No,Electronic check,19.9,Low,505.45,Low Value,No
3336-JORSO,Month-to-month,Yes,Electronic check,110.45,Very High,3655.45,High Value,Yes
7799-DSEWS,Month-to-month,Yes,Electronic check,68.35,Medium,1299.8,Medium Value,Yes
8766-PAFNE,Two year,Yes,Credit card (automatic),79.1,High,5564.85,High Value,No
5315-CKEQK,One year,Yes,Electronic check,51,Medium,1381.8,Medium Value,No
3130-ICDUP,Month-to-month,No,Credit card (automatic),80.55,High,188.1,Low Value,Yes
0820-FNRNX,Month-to-month,Yes,Mailed check,66.7,Medium,1077.05,Medium Value,Yes
0880-FVFWF,Month-to-month,Yes,Electronic check,86.4,High,4922.4,High Value,Yes
4611-ANLQC,One year,No,Electronic check,50.05,Medium,2911.5,High Value,No
4213-HKBJO,Two year,No,Credit card (automatic),25.7,Low,826.1,Medium Value,No
2792-LSHWX,Month-to-month,Yes,Mailed check,83.4,High,83.4,Low Value,Yes
5028-GZLDO,Month-to-month,No,Credit card (automatic),70.7,High,140.7,Low Value,Yes
0014-BMAQU,Two year,Yes,Credit card (automatic),84.65,High,5377.8,High Value,No
6861-XWTWQ,Month-to-month,Yes,Electronic check,99.25,Very High,665.45,Low Value,Yes
9018-PCIOK,Two year,Yes,Mailed check,64.75,Medium,3617.1,High Value,No
4837-QUSFT,One year,Yes,Bank transfer (automatic),100.15,Very High,6643.5,High Value,No
6877-TJMBR,Month-to-month,Yes,Electronic check,84.8,High,84.8,Low Value,Yes
9953-ZMKSM,Two year,No,Mailed check,25.25,Low,1559.3,Medium Value,No
0907-HQNTS,Two year,Yes,Credit card (automatic),113,Very High,7987.6,High Value,No
7665-NKLAV,Two year,No,Credit card (automatic),40.65,Medium,1547.35,Medium Value,No
6769-DCQLI,One year,Yes,Bank transfer (automatic),105,Very High,5426.85,High Value,No
2433-KMEAS,Month-to-month,Yes,Electronic check,54.45,Medium,1127.35,Medium Value,Yes
4391-LNRXK,Month-to-month,Yes,Bank transfer (automatic),94.95,Very High,2142.8,Medium Value,Yes
8250-ZNGGW,Month-to-month,No,Credit card (automatic),59.9,Medium,287.85,Low Value,Yes
2195-ZRVAX,Month-to-month,Yes,Electronic check,85.3,High,4045.65,High Value,Yes
3550-SAHFP,Month-to-month,Yes,Electronic check,83.35,High,2757.85,High Value,Yes
2011-TRQYE,Month-to-month,Yes,Credit card (automatic),33.5,Low,600,Low Value,Yes
8562-GHPPI,Month-to-month,No,Credit card (automatic),19.8,Low,19.8,Low Value,Yes
5893-PYOLZ,Two year,Yes,Credit card (automatic),81.8,High,4534.45,High Value,No
4986-MXSFP,Month-to-month,Yes,Mailed check,20,Low,40.9,Low Value,Yes
6131-FOYAS,Month-to-month,Yes,Electronic check,59.6,Medium,2094.9,Medium Value,Yes
3027-YNWZU,Two year,No,Credit card (automatic),25,Low,1584.8,Medium Value,No
5609-IMCGG,Month-to-month,Yes,Credit card (automatic),84.35,High,1302.65,Medium Value,Yes
4873-ILOLJ,Month-to-month,Yes,Electronic check,90.35,Very High,2238.5,Medium Value,Yes
4727-MCYZG,Month-to-month,No,Mailed check,55.55,Medium,55.55,Low Value,Yes
9481-WHGWY,Two year,No,Credit card (automatic),75.35,High,5437.75,High Value,No
2725-KXXWT,Month-to-month,Yes,Electronic check,90.75,Very High,90.75,Low Value,Yes
9565-DJPIB,Month-to-month,No,Mailed check,89.6,High,365.65,Low Value,Yes
4328-VUFWD,One year,No,Electronic check,59.3,Medium,2209.15,Medium Value,No
3301-LSLWQ,Month-to-month,Yes,Electronic check,66.1,Medium,1912.15,Medium Value,Yes
7473-ZBDSN,Two year,No,Mailed check,18.8,Low,255.55,Low Value,No
3166-PNEOF,Two year,No,Credit card (automatic),86.45,High,5175.3,High Value,No
5639-NTUPK,Month-to-month,Yes,Credit card (automatic),52.1,Medium,670.65,Low Value,Yes
8780-YRMTT,Two year,Yes,Mailed check,47.4,Medium,3177.25,High Value,No
8348-HFYIV,Month-to-month,Yes,Electronic check,49.25,Medium,90.35,Low Value,Yes
5140-FOMCQ,One year,Yes,Credit card (automatic),109.15,Very High,6557.75,High Value,No
6242-SGYTS,One year,Yes,Credit card (automatic),94.95,Very High,5791.85,High Value,No
8166-ORCHU,One year,Yes,Electronic check,93.55,Very High,3055.5,High Value,No
8414-OOEEL,Two year,Yes,Credit card (automatic),79.5,High,5196.1,High Value,No
8454-AATJP,Two year,No,Credit card (automatic),115.05,Very High,8405,High Value,No
6849-WLEYG,Month-to-month,No,Mailed check,19.75,Low,19.75,Low Value,Yes
4659-NZRUF,Month-to-month,Yes,Electronic check,95.15,Very High,1789.25,Medium Value,Yes
4531-AUZNK,One year,Yes,Mailed check,95.15,Very High,5000.05,High Value,No
4191-XOVOM,Month-to-month,No,Electronic check,105.4,Very High,6713.2,High Value,Yes
2150-OEGBV,One year,No,Bank transfer (automatic),20.1,Low,562.6,Low Value,No
8429-XIBUM,Month-to-month,Yes,Bank transfer (automatic),101.35,Very High,2317.1,Medium Value,Yes
1855-CFULU,Month-to-month,No,Mailed check,20.05,Low,91.45,Low Value,Yes
4878-BUNFV,Two year,No,Mailed check,20.7,Low,828.85,Medium Value,No
1872-EBWSC,One year,No,Mailed check,20.35,Low,617.35,Low Value,No
2608-BHKFN,Month-to-month,Yes,Credit card (automatic),70.05,Medium,266.9,Low Value,Yes
7026-YMSBE,One year,No,Mailed check,19.7,Low,625.05,Low Value,No
7341-LXCAF,Month-to-month,Yes,Electronic check,74.65,High,301.4,Low Value,Yes
6997-UVGOX,Two year,No,Bank transfer (automatic),85.45,High,6029.9,High Value,No
9674-EHPPG,Two year,No,Credit card (automatic),40.4,Medium,1842.7,Medium Value,No
9462-MJUAW,Month-to-month,No,Mailed check,50.4,Medium,206.6,Low Value,Yes
8128-YVJRG,Month-to-month,Yes,Mailed check,79.65,High,604.7,Low Value,Yes
5440-VHLUL,One year,Yes,Bank transfer (automatic),105.2,Very High,7386.05,High Value,No
5781-BKHOP,Two year,No,Bank transfer (automatic),100.65,Very High,7334.05,High Value,No
4283-FUTGF,Month-to-month,Yes,Electronic check,79.85,High,1471.75,Medium Value,Yes
5213-TWWJU,Month-to-month,No,Electronic check,91,Very High,2626.15,Medium Value,Yes
1569-TTNYJ,Month-to-month,Yes,Electronic check,78.75,High,412.1,Low Value,Yes
8628-MFKAX,Two year,Yes,Credit card (automatic),116.75,Very High,8277.05,High Value,No
2397-BRLOM,Month-to-month,Yes,Credit card (automatic),80.45,High,583.45,Low Value,Yes
7629-WIXZF,One year,Yes,Electronic check,59.1,Medium,369.25,Low Value,No
5445-GLVOT,Month-to-month,Yes,Electronic check,49.8,Medium,1049.05,Medium Value,Yes
3976-HXHCE,Two year,No,Bank transfer (automatic),19.3,Low,1414.8,Medium Value,No
2466-NEJOJ,Month-to-month,No,Credit card (automatic),19.65,Low,169.75,Low Value,Yes
0254-KCJGT,One year,Yes,Credit card (automatic),81.4,High,4354.45,High Value,No
5472-CVMDX,Two year,No,Mailed check,38.9,Medium,2719.2,Medium Value,No
6461-SZMCV,Two year,No,Bank transfer (automatic),87.95,High,6365.35,High Value,No
8150-QUDFX,Month-to-month,No,Mailed check,19.85,Low,51.6,Low Value,Yes
9508-ILZDG,Month-to-month,Yes,Electronic check,96.35,Very High,3190.25,High Value,Yes
2346-DJQTB,Month-to-month,No,Electronic check,24.15,Low,812.5,Medium Value,Yes
1697-LYYYX,One year,No,Credit card (automatic),19.1,Low,1143.8,Medium Value,No
1942-OQFRW,Month-to-month,No,Electronic check,44,Medium,44,Low Value,Yes
4749-VFKVB,Month-to-month,Yes,Mailed check,50.1,Medium,50.1,Low Value,Yes
9640-ZSLDC,One year,No,Credit card (automatic),60.6,Medium,3297,High Value,No
4231-LZUYM,Two year,No,Bank transfer (automatic),25.65,Low,1887,Medium Value,No
7598-UAASY,Month-to-month,No,Electronic check,76.4,High,151.8,Low Value,Yes
7938-OUHIO,Month-to-month,Yes,Electronic check,98.7,Very High,293.65,Low Value,Yes
8510-AWCXC,Month-to-month,Yes,Electronic check,100.8,Very High,1308.1,Medium Value,Yes
6128-AQBMT,Month-to-month,Yes,Electronic check,53.95,Medium,2215.4,Medium Value,Yes
3594-BDSOA,One year,No,Credit card (automatic),20.4,Low,482.8,Low Value,No
0431-APWVY,One year,Yes,Bank transfer (automatic),90.1,Very High,2598.95,Medium Value,No
5133-VRSAB,Month-to-month,No,Mailed check,29.35,Low,216.45,Low Value,Yes
5996-DAOQL,Month-to-month,Yes,Mailed check,20.45,Low,20.45,Low Value,Yes
6838-YAUVY,Two year,Yes,Bank transfer (automatic),95.1,Very High,5064.85,High Value,No
0484-JPBRU,Month-to-month,Yes,Bank transfer (automatic),25.25,Low,996.45,Medium Value,Yes
7883-ROJOC,Month-to-month,No,Mailed check,44.9,Medium,839.65,Medium Value,Yes
0244-LGNFY,Two year,No,Bank transfer (automatic),92.65,Very High,6733,High Value,No
7274-CGTOD,Two year,Yes,Bank transfer (automatic),43.7,Medium,2618.3,Medium Value,No
4295-YURET,Two year,Yes,Credit card (automatic),72.6,High,4084.35,High Value,No
3426-NIYYL,Month-to-month,No,Electronic check,51.55,Medium,765.5,Medium Value,Yes
8225-BTJAU,Month-to-month,Yes,Electronic check,79.25,High,793.55,Medium Value,Yes
4635-EJYPD,Two year,No,Mailed check,18.95,Low,613.95,Low Value,No
1866-ZSLJM,Month-to-month,No,Credit card (automatic),20.5,Low,402.85,Low Value,Yes
4636-TVXVG,One year,No,Bank transfer (automatic),19.95,Low,1244.8,Medium Value,No
4236-UJPWO,Month-to-month,No,Electronic check,24.5,Low,46.4,Low Value,Yes
9392-XBGTD,Two year,No,Mailed check,20.6,Low,581.85,Low Value,No
3387-VATUS,Month-to-month,Yes,Bank transfer (automatic),94.85,Very High,462.8,Low Value,Yes
6402-SSEJG,One year,No,Electronic check,61.05,Medium,1540.2,Medium Value,No
1143-NMNQJ,Month-to-month,Yes,Electronic check,85.7,High,169.8,Low Value,Yes
1169-SAOCL,One year,Yes,Bank transfer (automatic),106.65,Very High,5168.1,High Value,No
1110-KYLGQ,Month-to-month,No,Credit card (automatic),108.25,Very High,6780.1,High Value,Yes
9929-PLVPA,Month-to-month,No,Credit card (automatic),20.4,Low,94.5,Low Value,Yes
3518-PZXZQ,Month-to-month,Yes,Mailed check,55.3,Medium,55.3,Low Value,Yes
2371-JUNGC,Month-to-month,No,Mailed check,20.25,Low,208,Low Value,Yes
7693-QPEFS,Month-to-month,Yes,Bank transfer (automatic),72.95,High,3829.75,High Value,Yes
0924-BJCRC,Month-to-month,No,Electronic check,89.45,High,5294.6,High Value,Yes
5074-FBGHB,One year,Yes,Credit card (automatic),104.65,Very High,6889.8,High Value,No
2351-BKRZW,Two year,No,Bank transfer (automatic),75.2,High,3254.35,High Value,No
4455-BFSPD,One year,No,Bank transfer (automatic),101.15,Very High,6383.9,High Value,No
0415-MOSGF,Month-to-month,No,Mailed check,44.4,Medium,44.4,Low Value,Yes
1724-BQUHA,Month-to-month,Yes,Electronic check,89.5,High,477.7,Low Value,Yes
3948-KXDUF,Two year,No,Bank transfer (automatic),68.75,Medium,4447.55,High Value,No
2323-ARSVR,Two year,Yes,Electronic check,111.05,Very High,7321.05,High Value,No
0815-MFZGM,Two year,Yes,Credit card (automatic),99,Very High,4135,High Value,No
4826-XTSOH,Month-to-month,Yes,Electronic check,86.05,High,86.05,Low Value,Yes
5480-XTFFL,Two year,No,Mailed check,21,Low,697.7,Medium Value,No
8295-FHIVV,Month-to-month,Yes,Mailed check,19.4,Low,168.65,Low Value,Yes
2495-INZWQ,Month-to-month,Yes,Electronic check,44.55,Medium,174.3,Low Value,Yes
9086-YJYXS,One year,No,Bank transfer (automatic),77.2,High,2753.8,High Value,No
1179-INLAT,One year,Yes,Mailed check,19.45,Low,69.25,Low Value,No
7909-FIOIY,Month-to-month,Yes,Mailed check,24.85,Low,434.8,Low Value,Yes
4139-SUGLD,Month-to-month,No,Bank transfer (automatic),35.4,Low,1077.5,Medium Value,Yes
6857-VWJDT,Month-to-month,No,Mailed check,95.65,Very High,95.65,Low Value,Yes
6351-SCJKT,Month-to-month,No,Mailed check,41.35,Medium,107.25,Low Value,Yes
5468-BPMMO,Month-to-month,No,Electronic check,19.6,Low,851.2,Medium Value,Yes
5624-BQSSA,Month-to-month,No,Mailed check,20.95,Low,20.95,Low Value,Yes
0197-PNKNK,One year,No,Bank transfer (automatic),84.45,High,5848.6,High Value,No
2439-QKJUL,Month-to-month,No,Mailed check,20.25,Low,109.8,Low Value,Yes
1194-SPVSP,Month-to-month,No,Bank transfer (automatic),19.65,Low,19.65,Low Value,Yes
9534-NSXEM,One year,Yes,Credit card (automatic),20.65,Low,595.5,Low Value,No
2408-WITXK,Month-to-month,Yes,Electronic check,34.7,Low,329.8,Low Value,Yes
8929-KSWIH,Two year,No,Bank transfer (automatic),99.3,Very High,2513.5,Medium Value,No
2250-IVBWA,Month-to-month,No,Electronic check,81.05,High,5135.35,High Value,Yes
1810-MVMAI,Month-to-month,No,Electronic check,67.6,Medium,2000.2,Medium Value,Yes
9506-UXUSK,Month-to-month,Yes,Electronic check,70.15,Medium,931.75,Medium Value,Yes
1229-RCALF,One year,Yes,Electronic check,115,Very High,7396.15,High Value,No
3572-UOLYZ,Month-to-month,Yes,Bank transfer (automatic),84.8,High,3958.85,High Value,Yes
1429-UYJSV,One year,No,Mailed check,19.7,Low,260.9,Low Value,No
5577-OTWWW,Month-to-month,No,Bank transfer (automatic),19.75,Low,297.3,Low Value,Yes
6100-QQHEB,Month-to-month,Yes,Electronic check,92.55,Very High,1515.1,Medium Value,Yes
6366-XIVKZ,Month-to-month,Yes,Mailed check,63.15,Medium,816.8,Medium Value,Yes
3470-OBUET,Two year,No,Credit card (automatic),74,High,4868.4,High Value,No
2770-NSVDG,Month-to-month,No,Electronic check,29.1,Low,688,Medium Value,Yes
9375-MHRRS,Month-to-month,No,Mailed check,50.05,Medium,288.35,Low Value,Yes
2634-HCZGT,One year,Yes,Electronic check,60.05,Medium,3229.65,High Value,No
7503-QQRVF,Month-to-month,Yes,Credit card (automatic),74.3,High,1178.25,Medium Value,Yes
4860-YZGZM,Month-to-month,No,Electronic check,20,Low,185.4,Low Value,Yes
6599-GZWCM,One year,Yes,Mailed check,74.65,High,966.25,Medium Value,No
2691-NZETQ,Month-to-month,Yes,Electronic check,85.35,High,758.6,Medium Value,Yes
4404-HIBDJ,One year,No,Mailed check,74.3,High,1863.8,Medium Value,No
5533-NHFRF,Month-to-month,Yes,Electronic check,44.4,Medium,265.8,Low Value,Yes
7037-MTYVW,Two year,Yes,Bank transfer (automatic),85.4,High,3297,High Value,No
4760-THGOT,Month-to-month,Yes,Electronic check,94.1,Very High,4107.3,High Value,Yes
7295-JOMMD,Month-to-month,Yes,Bank transfer (automatic),98.1,Very High,396.3,Low Value,Yes
4016-BJKTZ,Two year,No,Electronic check,108.9,Very High,2809.05,High Value,No
6584-VQMYT,One year,No,Mailed check,56.2,Medium,1567.55,Medium Value,No
9838-BFCQT,Two year,No,Mailed check,26.1,Low,1851.45,Medium Value,No
2790-XUYMV,One year,Yes,Credit card (automatic),85.45,High,6028.95,High Value,No
0581-MDMPW,Month-to-month,Yes,Credit card (automatic),88.95,High,2072.75,Medium Value,Yes
5013-SBUIH,Two year,Yes,Electronic check,109.65,Very High,5551.15,High Value,No
1023-BQXZE,Two year,Yes,Bank transfer (automatic),74.35,High,4317.35,High Value,No
9163-GHAYE,Month-to-month,No,Electronic check,48.85,Medium,736.8,Medium Value,Yes
3904-UKFRE,Month-to-month,Yes,Electronic check,80.1,High,336.15,Low Value,Yes
5353-WILCI,Month-to-month,No,Electronic check,56.05,Medium,1522.65,Medium Value,Yes
0709-TVGUR,Month-to-month,Yes,Electronic check,74.55,High,622.9,Low Value,Yes
0058-EVZWM,Month-to-month,Yes,Bank transfer (automatic),89.8,High,4959.6,High Value,Yes
6023-YEBUP,Month-to-month,Yes,Electronic check,100.95,Very High,329.95,Low Value,Yes
7209-JCUDS,Month-to-month,Yes,Electronic check,94.9,Very High,1048.85,Medium Value,Yes
7009-PCARS,One year,No,Bank transfer (automatic),19.1,Low,1001.5,Medium Value,No
0519-DRGTI,Month-to-month,No,Mailed check,20.35,Low,442.6,Low Value,Yes
1017-FBQMM,One year,Yes,Credit card (automatic),106.05,Very High,6703.5,High Value,No
3001-CBHLQ,Month-to-month,Yes,Electronic check,104.9,Very High,3351.55,High Value,Yes
1985-MBRYP,Two year,Yes,Bank transfer (automatic),19.65,Low,779.25,Medium Value,No
6158-DWPZT,One year,No,Bank transfer (automatic),24.1,Low,259.8,Low Value,No
9372-TXXPS,Two year,No,Bank transfer (automatic),59.85,Medium,3483.45,High Value,No
3259-QMXUN,Two year,Yes,Electronic check,86.1,High,4890.5,High Value,No
1015-JPFYW,One year,No,Mailed check,19.45,Low,136.75,Low Value,No
6645-MXQJT,Month-to-month,No,Electronic check,97.1,Very High,184.15,Low Value,Yes
4360-QRAVE,Month-to-month,No,Electronic check,36.65,Medium,1315,Medium Value,Yes
8433-WPJTV,One year,Yes,Bank transfer (automatic),103.9,Very High,6767.1,High Value,No
5804-JMYIO,Two year,No,Mailed check,19.75,Low,757.95,Medium Value,No
3763-GCZHZ,One year,Yes,Electronic check,104.05,Very High,6890,High Value,No
6484-LATFU,Two year,No,Mailed check,24.55,Low,1657.4,Medium Value,No
7599-NTMDP,Two year,No,Bank transfer (automatic),48.7,Medium,3008.55,High Value,No
0772-GYEQQ,Month-to-month,Yes,Mailed check,88.35,High,262.05,Low Value,Yes
0536-ACXIP,Two year,Yes,Electronic check,109.55,Very High,8165.1,High Value,No
0936-NQLJU,Two year,No,Credit card (automatic),20.65,Low,875.55,Medium Value,No
4831-EOBFE,Month-to-month,No,Credit card (automatic),94.65,Very High,2649.15,Medium Value,Yes
1575-KRZZE,Month-to-month,No,Electronic check,55.2,Medium,220.65,Low Value,Yes
3251-YMVWZ,One year,No,Bank transfer (automatic),24.05,Low,1301.9,Medium Value,No
4102-OQUPX,Month-to-month,Yes,Electronic check,74.4,High,74.4,Low Value,Yes
9170-GYZJC,Month-to-month,No,Credit card (automatic),79.9,High,3326.2,High Value,Yes
4884-LEVMQ,Two year,Yes,Bank transfer (automatic),20.45,Low,790,Medium Value,No
8857-CUPFQ,Two year,No,Mailed check,19.25,Low,1237.65,Medium Value,No
7610-TVOPG,Month-to-month,Yes,Electronic check,26.35,Low,378.6,Low Value,Yes
3638-DIMPH,One year,No,Electronic check,43.8,Medium,592.65,Low Value,No
1845-ZLLIG,Month-to-month,Yes,Mailed check,50.15,Medium,50.15,Low Value,Yes
8559-WNQZS,Two year,No,Mailed check,20.45,Low,20.45,Low Value,No
3999-QGRJH,Month-to-month,Yes,Electronic check,69.7,Medium,560.85,Low Value,Yes
1699-UOTXU,Two year,No,Electronic check,61.4,Medium,3638.25,High Value,No
2454-RPBRZ,Month-to-month,Yes,Electronic check,98.1,Very High,1060.2,Medium Value,Yes
0635-WKOLD,One year,No,Credit card (automatic),70.75,High,2921.75,High Value,No
5993-JSUWV,Two year,Yes,Bank transfer (automatic),61.15,Medium,4017.45,High Value,No
4518-FZBSX,One year,No,Mailed check,20.25,Low,854.9,Medium Value,No
5387-ASZNZ,One year,Yes,Credit card (automatic),63.85,Medium,4174.35,High Value,No
6988-CJEYV,Month-to-month,No,Electronic check,98.7,Very High,4920.55,High Value,Yes
2002-MZHWP,Month-to-month,No,Mailed check,20.5,Low,20.5,Low Value,Yes
3097-FQTVJ,Two year,No,Mailed check,20,Low,810.3,Medium Value,No
5465-BUBFA,Two year,No,Bank transfer (automatic),19.3,Low,772.4,Medium Value,No
7299-GNVPL,Month-to-month,No,Mailed check,84.4,High,1936.85,Medium Value,Yes
9743-DQKQW,Month-to-month,No,Electronic check,25.1,Low,79.8,Low Value,Yes
1215-VFYVK,Month-to-month,No,Mailed check,48.25,Medium,202.25,Low Value,Yes
9371-BITHB,Two year,No,Mailed check,19.85,Low,1070.5,Medium Value,No
2265-CYWIV,Month-to-month,Yes,Electronic check,99.6,Very High,347.65,Low Value,Yes
9093-FPDLG,Month-to-month,Yes,Electronic check,94.2,Very High,999.9,Medium Value,Yes
0541-FITGH,Month-to-month,Yes,Mailed check,62.15,Medium,113.1,Low Value,Yes
6985-HAYWX,Month-to-month,No,Bank transfer (automatic),79.3,High,2015.8,Medium Value,Yes
7508-KBIMB,One year,Yes,Credit card (automatic),56.25,Medium,1454.25,Medium Value,No
6838-HVLXG,Month-to-month,No,Mailed check,20.3,Low,246.7,Low Value,Yes
2277-DJJDL,Month-to-month,Yes,Electronic check,99,Very High,6017.9,High Value,Yes
1897-OKVMW,Two year,Yes,Mailed check,90.6,Very High,5817.45,High Value,No
5485-ITNPC,Two year,Yes,Bank transfer (automatic),85.9,High,5595.3,High Value,No
0233-FTHAV,One year,Yes,Bank transfer (automatic),79.2,High,4765,High Value,No
4644-PIZRT,One year,Yes,Bank transfer (automatic),70.35,Medium,1201.65,Medium Value,No
8922-NPKBJ,Two year,No,Mailed check,19.35,Low,867.3,Medium Value,No
2740-TVLFN,Month-to-month,Yes,Electronic check,50.15,Medium,50.15,Low Value,Yes
7771-CFQRQ,Two year,No,Bank transfer (automatic),63.8,Medium,3007.25,High Value,No
9512-PHSMG,Month-to-month,Yes,Mailed check,20.55,Low,252.75,Low Value,Yes
6963-EZQEE,Two year,Yes,Credit card (automatic),88.55,High,6306.5,High Value,No
2452-KDRRH,Month-to-month,Yes,Credit card (automatic),101.4,Very High,6841.05,High Value,Yes
2004-OCQXK,Month-to-month,Yes,Electronic check,81.95,High,81.95,Low Value,Yes
5027-QPKTE,Month-to-month,Yes,Electronic check,69.35,Medium,451.1,Low Value,Yes
4146-SVFUD,Month-to-month,No,Mailed check,44.6,Medium,44.6,Low Value,Yes
1564-HJUVY,Month-to-month,Yes,Bank transfer (automatic),63.75,Medium,226.2,Low Value,Yes
3617-XLSGQ,Two year,No,Bank transfer (automatic),109.25,Very High,7082.5,High Value,No
7517-LDMPS,Month-to-month,Yes,Electronic check,84.6,High,1017.35,Medium Value,Yes
7244-KXYZN,One year,No,Credit card (automatic),20.45,Low,527.35,Low Value,No
5226-NOZFC,Month-to-month,Yes,Electronic check,85.75,High,2146.5,Medium Value,Yes
2672-HUYVI,Month-to-month,Yes,Electronic check,91.1,Very High,455.3,Low Value,Yes
1400-WIVLL,Two year,No,Electronic check,107.95,Very High,5969.85,High Value,No
7508-MYBOG,Month-to-month,Yes,Electronic check,86.1,High,1235.55,Medium Value,Yes
8148-NLEGT,Two year,No,Electronic check,22.95,Low,1014.25,Medium Value,No
0148-DCDOS,Month-to-month,Yes,Bank transfer (automatic),94.7,Very High,2362.1,Medium Value,Yes
8347-GDTMP,Two year,No,Credit card (automatic),19.45,Low,1225.65,Medium Value,No
9992-RRAMN,Month-to-month,Yes,Electronic check,85.1,High,1873.7,Medium Value,Yes
6746-WAUWT,One year,Yes,Credit card (automatic),19.7,Low,386.5,Low Value,No
0310-MVLET,Month-to-month,Yes,Electronic check,99.15,Very High,6010.05,High Value,Yes
0428-IKYCP,Month-to-month,Yes,Bank transfer (automatic),87,High,1850.65,Medium Value,Yes
4550-VBOFE,Month-to-month,Yes,Electronic check,102.95,Very High,7101.5,High Value,Yes
2187-PKZAY,Month-to-month,Yes,Bank transfer (automatic),79.95,High,1043.4,Medium Value,Yes
4003-OCTMP,One year,Yes,Electronic check,64,Medium,1910.75,Medium Value,No
6652-YFFJO,Month-to-month,Yes,Electronic check,64.9,Medium,716.1,Medium Value,Yes
7225-IILWY,Two year,No,Mailed check,25.75,Low,1686.15,Medium Value,No
5248-RPYWW,Two year,Yes,Bank transfer (automatic),90.15,Very High,6716.45,High Value,No
7923-IYJWY,Two year,Yes,Credit card (automatic),116.1,Very High,7839.85,High Value,No
3170-GWYKC,Month-to-month,Yes,Bank transfer (automatic),104.95,Very High,6236.75,High Value,Yes
5696-QURRL,Month-to-month,Yes,Mailed check,45.05,Medium,45.05,Low Value,Yes
7409-KIUTL,Month-to-month,Yes,Electronic check,71,High,71,Low Value,Yes
9830-ECLEN,One year,No,Mailed check,50,Medium,2919.85,High Value,No
1732-VHUBQ,Month-to-month,No,Bank transfer (automatic),70.55,High,3309.25,High Value,Yes
0495-RVCBF,Month-to-month,Yes,Electronic check,79.7,High,79.7,Low Value,Yes
2668-TZSPS,Month-to-month,No,Mailed check,20.45,Low,20.45,Low Value,Yes
7854-EDSSA,Month-to-month,No,Electronic check,59,Medium,1254.7,Medium Value,Yes
8869-TORSS,One year,Yes,Credit card (automatic),60.35,Medium,2896.4,High Value,No
7446-SFAOA,One year,Yes,Bank transfer (automatic),19.85,Low,717.5,Medium Value,No
9522-ZSINC,One year,Yes,Electronic check,19.95,Low,253.8,Low Value,No
8234-GSZYK,Two year,No,Bank transfer (automatic),26.45,Low,1110.05,Medium Value,No
6505-OZNPG,Two year,Yes,Mailed check,63.4,Medium,348.8,Low Value,No
6164-HAQTX,Two year,No,Bank transfer (automatic),53.95,Medium,3888.65,High Value,No
0679-IDSTG,Month-to-month,Yes,Electronic check,69.25,Medium,69.25,Low Value,Yes
7765-LWVVH,Two year,Yes,Electronic check,95.1,Very High,6843.15,High Value,No
1658-TJVOA,Month-to-month,Yes,Electronic check,74.1,High,450.9,Low Value,Yes
0953-LGOVU,Month-to-month,No,Mailed check,35.5,Low,432.25,Low Value,Yes
2115-BFTIW,Month-to-month,No,Mailed check,70.95,High,1767.35,Medium Value,Yes
4692-NNQRU,One year,No,Electronic check,79.2,High,1742.45,Medium Value,No
7742-MYPGI,Month-to-month,Yes,Mailed check,48.8,Medium,297.35,Low Value,Yes
0611-DFXKO,Month-to-month,Yes,Mailed check,89,High,1820.45,Medium Value,Yes
7780-OTDSO,Month-to-month,Yes,Electronic check,99.4,Very High,1742.95,Medium Value,Yes
9619-GSATL,One year,No,Electronic check,55.45,Medium,2444.25,Medium Value,No
5622-UEJFI,Two year,Yes,Credit card (automatic),25.4,Low,949.8,Medium Value,No
9747-DDZOS,Month-to-month,No,Bank transfer (automatic),73.5,High,73.5,Low Value,Yes
0674-DGMAQ,Month-to-month,Yes,Electronic check,93.5,Very High,2970.8,High Value,Yes
6203-HBZPA,Two year,No,Credit card (automatic),63.9,Medium,3334.95,High Value,No
0484-FFVBJ,One year,Yes,Bank transfer (automatic),64.85,Medium,2010.95,Medium Value,No
0301-FIDRB,Two year,Yes,Bank transfer (automatic),63.8,Medium,4684.3,High Value,No
4139-JPIAM,Month-to-month,Yes,Credit card (automatic),44.45,Medium,2181.55,Medium Value,Yes
2181-TIDSV,Two year,Yes,Bank transfer (automatic),19.95,Low,1303.25,Medium Value,No
2761-XECQW,Month-to-month,Yes,Mailed check,43.35,Medium,371.4,Low Value,Yes
1936-CZAKF,Two year,No,Credit card (automatic),49.65,Medium,2409.9,Medium Value,No
9453-PATOS,Two year,No,Mailed check,85.1,High,6155.4,High Value,No
0564-JJHGS,Month-to-month,Yes,Electronic check,95.5,Very High,829.1,Medium Value,Yes
3348-CFRNX,Month-to-month,Yes,Mailed check,92.35,Very High,2602.9,Medium Value,Yes
4402-FTBXC,Month-to-month,No,Mailed check,89.8,High,4667,High Value,Yes
1428-GTBJJ,Month-to-month,Yes,Electronic check,74.55,High,824.75,Medium Value,Yes
2931-XIQBR,One year,No,Mailed check,103.05,Very High,5153.5,High Value,No
0106-UGRDO,Two year,Yes,Electronic check,116,Very High,8182.85,High Value,No
5542-TBBWB,Month-to-month,Yes,Electronic check,69.9,Medium,69.9,Low Value,Yes
1930-QPBVZ,Two year,No,Bank transfer (automatic),95.1,Very High,6683.4,High Value,No
2606-PKWJB,One year,No,Mailed check,40.25,Medium,1564.05,Medium Value,No
5322-ZSMZY,Two year,No,Mailed check,25.75,Low,755.6,Medium Value,No
8059-UDZFY,Month-to-month,Yes,Bank transfer (automatic),105.35,Very High,3465.05,High Value,Yes
7740-BTPUX,Two year,Yes,Electronic check,113.6,Very High,6292.7,High Value,No
5220-AGAAX,Two year,Yes,Bank transfer (automatic),24,Low,1664.3,Medium Value,No
0208-BPQEJ,Month-to-month,No,Bank transfer (automatic),19.4,Low,198.1,Low Value,Yes
9435-JMLSX,Two year,Yes,Bank transfer (automatic),86.1,High,6045.9,High Value,No
3352-ALMCK,Month-to-month,Yes,Mailed check,102.65,Very High,4108.15,High Value,Yes
5312-IRCFR,One year,Yes,Electronic check,92.85,Very High,5980.75,High Value,No
5294-IMHHT,One year,No,Bank transfer (automatic),97.75,Very High,5043.2,High Value,No
8802-UNOJF,Month-to-month,Yes,Mailed check,83.8,High,1029.75,Medium Value,Yes
6313-GIDIT,Month-to-month,Yes,Electronic check,54.45,Medium,2854.55,High Value,Yes
6176-YJWAS,Two year,Yes,Credit card (automatic),97.95,Very High,7114.25,High Value,No
5310-NOOVA,Two year,No,Electronic check,19.95,Low,907.05,Medium Value,No
4526-EXKKN,Two year,Yes,Mailed check,24.6,Low,973.95,Medium Value,No
5311-IHLEI,Month-to-month,Yes,Bank transfer (automatic),50.95,Medium,605.75,Low Value,Yes
3987-KQDDU,Month-to-month,No,Electronic check,75.6,High,661.55,Low Value,Yes
3404-JNXAX,Month-to-month,Yes,Electronic check,80.75,High,4116.9,High Value,Yes
5131-PONJI,Month-to-month,Yes,Credit card (automatic),90.4,Very High,4494.65,High Value,Yes
2845-AFFTX,Month-to-month,Yes,Electronic check,99.8,Very High,4259.3,High Value,Yes
3489-VSFRD,One year,Yes,Credit card (automatic),60.25,Medium,3282.75,High Value,No
3345-JHUEO,Month-to-month,Yes,Electronic check,20.2,Low,55.7,Low Value,Yes
5815-HGGHV,One year,Yes,Mailed check,64.15,Medium,1274.45,Medium Value,No
5260-UMPWX,Month-to-month,Yes,Credit card (automatic),20.25,Low,493.95,Low Value,Yes
2249-YPRNG,Month-to-month,Yes,Bank transfer (automatic),105.85,Very High,2239.65,Medium Value,Yes
7410-YTJIK,Month-to-month,No,Mailed check,75.45,High,480.75,Low Value,Yes
4626-GYCZP,Month-to-month,Yes,Electronic check,93.85,Very High,635.6,Low Value,Yes
5649-RXQTV,Month-to-month,Yes,Electronic check,99,Very High,5038.15,High Value,Yes
2674-MIAHT,Month-to-month,Yes,Mailed check,80.3,High,324.2,Low Value,Yes
2576-HXMPA,Month-to-month,No,Credit card (automatic),19.55,Low,19.55,Low Value,Yes
7587-AOVVU,Month-to-month,No,Electronic check,100.75,Very High,2793.55,High Value,Yes
5590-BYNII,Month-to-month,Yes,Electronic check,100.75,Very High,2095,Medium Value,Yes
6898-MDLZW,Month-to-month,Yes,Mailed check,53.75,Medium,648.65,Low Value,Yes
3237-AJGEH,Month-to-month,Yes,Mailed check,31,Low,95.05,Low Value,Yes
4707-YNOQA,One year,Yes,Credit card (automatic),25.6,Low,917.15,Medium Value,No
9357-UJRUN,One year,Yes,Electronic check,58.35,Medium,1346.9,Medium Value,No
1591-NFNLQ,Month-to-month,No,Credit card (automatic),80,High,4242.35,High Value,Yes
8648-PFRMP,Month-to-month,Yes,Electronic check,46.35,Medium,672.7,Low Value,Yes
7663-CUXZB,Two year,No,Electronic check,113.75,Very High,6561.25,High Value,No
0258-NOKBL,Month-to-month,No,Electronic check,90.4,Very High,268.45,Low Value,Yes
1163-VIPRI,Two year,No,Electronic check,109.3,Very High,7337.55,High Value,No
2815-CPTUL,Month-to-month,Yes,Mailed check,70.25,Medium,331.9,Low Value,Yes
9348-ROUAI,Two year,No,Credit card (automatic),90.3,Very High,5194.05,High Value,No
9443-JUBUO,Two year,Yes,Credit card (automatic),65.25,Medium,4478.85,High Value,No
0596-BQCEQ,Month-to-month,Yes,Electronic check,100.15,Very High,6283.3,High Value,Yes
1481-ZUWZA,Month-to-month,Yes,Credit card (automatic),94.5,Very High,2659.4,Medium Value,Yes
3043-TYBNO,Month-to-month,No,Mailed check,60.65,Medium,196.9,Low Value,Yes
4830-FAXFM,Month-to-month,Yes,Credit card (automatic),24.1,Low,439.2,Low Value,Yes
5906-BFOZT,Month-to-month,Yes,Mailed check,19.5,Low,19.5,Low Value,Yes
2960-NKRSO,Month-to-month,Yes,Electronic check,85.95,High,2107.15,Medium Value,Yes
8996-ZROXE,One year,Yes,Electronic check,53.5,Medium,3035.8,High Value,No
5598-IKHQQ,Two year,No,Credit card (automatic),25.45,Low,1866.45,Medium Value,No
0397-ZXWQF,Two year,No,Bank transfer (automatic),20.5,Low,1430.95,Medium Value,No
5266-PFRQK,One year,Yes,Credit card (automatic),20.85,Low,1071.6,Medium Value,No
4674-HGNUA,Two year,No,Credit card (automatic),89.9,Very High,6457.15,High Value,No
6765-MBQNU,One year,No,Mailed check,26,Low,684.05,Medium Value,No
9786-IJYDL,Two year,Yes,Mailed check,113.2,Very High,3914.05,High Value,No
1303-SRDOK,Two year,Yes,Credit card (automatic),69.05,Medium,3842.6,High Value,No
3769-MHZNV,Two year,No,Mailed check,20.1,Low,670.35,Low Value,No
6295-OSINB,Two year,Yes,Electronic check,109.65,Very High,7880.25,High Value,No
3308-MHOOC,Month-to-month,Yes,Mailed check,19.2,Low,19.2,Low Value,Yes
2309-OSFEU,Month-to-month,Yes,Mailed check,33.9,Low,298.45,Low Value,Yes
2207-QPJED,Month-to-month,No,Electronic check,90,Very High,3371.75,High Value,Yes
4177-JPDFU,Month-to-month,No,Mailed check,34,Low,442.45,Low Value,Yes
2239-CFOUJ,One year,No,Mailed check,20.4,Low,20.4,Low Value,No
8046-DNVTL,Two year,Yes,Credit card (automatic),38.6,Medium,2345.55,Medium Value,No
2209-XADXF,Month-to-month,No,Bank transfer (automatic),25.25,Low,25.25,Low Value,Yes
6620-JDYNW,Month-to-month,Yes,Mailed check,60.6,Medium,1156.35,Medium Value,Yes
1891-FZYSA,Month-to-month,Yes,Electronic check,89.95,Very High,6143.15,High Value,Yes
4770-UEZOX,Month-to-month,Yes,Electronic check,74.75,High,144.8,Low Value,Yes
1038-RQOST,Month-to-month,No,Mailed check,20.6,Low,414.95,Low Value,Yes
7613-LLQFO,Month-to-month,Yes,Electronic check,84.45,High,1059.55,Medium Value,Yes
4568-TTZRT,Month-to-month,No,Mailed check,20.4,Low,181.8,Low Value,Yes
9513-DXHDA,One year,No,Electronic check,81.7,High,2212.55,Medium Value,No
2640-PMGFL,Month-to-month,Yes,Electronic check,79.5,High,2180.55,Medium Value,Yes
3801-HMYNL,Month-to-month,No,Mailed check,89.15,High,89.15,Low Value,Yes
0516-QREYC,Month-to-month,Yes,Mailed check,20.3,Low,459.95,Low Value,Yes
9685-WKZGT,Month-to-month,Yes,Electronic check,74.95,High,1036.75,Medium Value,Yes
6022-UGGSO,Month-to-month,Yes,Electronic check,74.4,High,2276.95,Medium Value,Yes
8084-OIVBS,One year,No,Mailed check,20,Low,211.95,Low Value,No
8896-BQTTI,Month-to-month,Yes,Mailed check,25,Low,25,Low Value,Yes
3865-QBWSJ,Month-to-month,Yes,Mailed check,80.45,High,3162.65,High Value,Yes
3352-RICWQ,Two year,No,Mailed check,19.75,Low,210.65,Low Value,No
2160-GPFXD,Two year,Yes,Credit card (automatic),65.65,Medium,3566.7,High Value,No
2065-MMKGR,One year,Yes,Credit card (automatic),71,High,2080.1,Medium Value,No
5857-TYBCJ,Month-to-month,Yes,Electronic check,89.2,High,4040.2,High Value,Yes
1498-NHTLT,Two year,Yes,Electronic check,86.75,High,5186,High Value,No
4484-CGXFK,Month-to-month,Yes,Electronic check,55.3,Medium,196.15,Low Value,Yes
1402-PTHGN,One year,Yes,Mailed check,61.5,Medium,1087.45,Medium Value,No
4176-RELJR,Two year,No,Credit card (automatic),25.1,Low,1672.15,Medium Value,No
6214-EDAKZ,Month-to-month,No,Electronic check,55.15,Medium,1206.05,Medium Value,Yes
5199-FPUSP,One year,No,Credit card (automatic),34.05,Low,1113.95,Medium Value,No
6377-KSLXC,Month-to-month,No,Mailed check,19.95,Low,107.05,Low Value,Yes
1796-JANOW,Month-to-month,No,Mailed check,19.95,Low,38.15,Low Value,Yes
0238-WHBIQ,Two year,No,Credit card (automatic),89.7,High,6339.3,High Value,No
8735-NBLWT,Month-to-month,No,Mailed check,20.4,Low,184.1,Low Value,Yes
6651-RLGGM,Two year,No,Mailed check,26.3,Low,1688.9,Medium Value,No
6127-ISGTU,Month-to-month,Yes,Electronic check,84.95,High,1378.25,Medium Value,Yes
1614-JBEBI,Month-to-month,Yes,Mailed check,20.7,Low,137.6,Low Value,Yes
8740-XLHDR,Month-to-month,Yes,Mailed check,43.25,Medium,219,Low Value,Yes
1208-DNHLN,One year,Yes,Credit card (automatic),48.35,Medium,1067.15,Medium Value,No
1761-AEZZR,Month-to-month,Yes,Electronic check,79.55,High,79.55,Low Value,Yes
3923-CSIHK,Month-to-month,Yes,Electronic check,71.05,High,3444.85,High Value,Yes
5696-EXCYS,Two year,No,Credit card (automatic),19.45,Low,369.05,Low Value,No
5795-KTGUD,Two year,Yes,Bank transfer (automatic),110.8,Very High,7553.6,High Value,No
7120-RFMVS,Month-to-month,No,Electronic check,84.5,High,84.5,Low Value,Yes
7924-GJZFI,Month-to-month,Yes,Electronic check,69.3,Medium,1813.1,Medium Value,Yes
4702-HDRKD,One year,Yes,Bank transfer (automatic),49.35,Medium,3321.35,High Value,No
8512-WIWYV,One year,No,Credit card (automatic),20.35,Low,707.5,Medium Value,No
5897-ZYEKH,One year,Yes,Electronic check,105.6,Very High,7112.15,High Value,No
5456-ITGIC,Two year,Yes,Credit card (automatic),64.45,Medium,4641.1,High Value,No
7317-GGVPB,Two year,Yes,Credit card (automatic),108.6,Very High,7690.9,High Value,No
1406-PUQVY,Month-to-month,Yes,Electronic check,49.9,Medium,49.9,Low Value,Yes
1322-AGOQM,Month-to-month,No,Bank transfer (automatic),30.3,Low,1380.1,Medium Value,Yes
3677-IYRBF,Month-to-month,Yes,Electronic check,30.4,Low,78.65,Low Value,Yes
5692-FPTAH,Month-to-month,Yes,Mailed check,45.4,Medium,45.4,Low Value,Yes
9114-AAFQH,One year,Yes,Electronic check,65.65,Medium,3094.65,High Value,No
8715-KKTFG,One year,Yes,Bank transfer (automatic),103.3,Very High,6518.35,High Value,No
1550-LOAHA,Month-to-month,No,Bank transfer (automatic),84.15,High,2585.95,Medium Value,Yes
1728-BQDMA,Month-to-month,No,Electronic check,44.45,Medium,82.7,Low Value,Yes
0268-QKIWO,Month-to-month,No,Electronic check,19.75,Low,58.85,Low Value,Yes
0876-WDUUZ,Month-to-month,Yes,Credit card (automatic),85.4,High,425.9,Low Value,Yes
5117-ZSMHQ,Two year,No,Bank transfer (automatic),89.9,Very High,6342.7,High Value,No
5151-HQRDG,Month-to-month,Yes,Mailed check,55.05,Medium,2030.75,Medium Value,Yes
0960-HUWBM,Two year,Yes,Bank transfer (automatic),104.1,Very High,6700.05,High Value,No
6465-GSRCL,One year,Yes,Bank transfer (automatic),106.6,Very High,7244.7,High Value,No
0617-FHSGK,Month-to-month,No,Credit card (automatic),75.2,High,3678.3,High Value,Yes
0263-FJTQO,Two year,Yes,Credit card (automatic),70.5,High,3486.65,High Value,No
7319-ZNRTR,One year,No,Electronic check,19.6,Low,411.15,Low Value,No
2858-MOFSQ,One year,Yes,Mailed check,55.85,Medium,937.5,Medium Value,No
7503-EPSZW,Two year,Yes,Mailed check,24.05,Low,1559.15,Medium Value,No
7089-XXAYG,One year,Yes,Credit card (automatic),38.1,Medium,970.4,Medium Value,No
8118-LSUEL,Month-to-month,Yes,Electronic check,106.4,Very High,2483.5,Medium Value,Yes
8070-AAWZP,Month-to-month,No,Mailed check,34.25,Low,828.2,Medium Value,Yes
1666-JXLKU,Month-to-month,Yes,Electronic check,100.05,Very High,3810.55,High Value,Yes
7855-DIWPO,Month-to-month,Yes,Electronic check,68.65,Medium,1493.2,Medium Value,Yes
5133-POWUA,Month-to-month,Yes,Mailed check,45.8,Medium,45.8,Low Value,Yes
5652-MSDEY,Month-to-month,Yes,Mailed check,75.75,High,777.3,Medium Value,Yes
7005-CCBKV,Month-to-month,Yes,Electronic check,84.4,High,556.35,Low Value,Yes
1810-BOHSY,One year,Yes,Credit card (automatic),96.4,Very High,4911.05,High Value,No
1784-BXEFA,Month-to-month,Yes,Mailed check,20.55,Low,187.35,Low Value,Yes
7351-MHQVU,Month-to-month,No,Credit card (automatic),50.95,Medium,307.6,Low Value,Yes
9224-VTYID,Two year,Yes,Mailed check,90.5,Very High,4318.35,High Value,No
9500-IWPXQ,One year,Yes,Electronic check,79.4,High,4820.55,High Value,No
5762-TJXGK,Two year,Yes,Bank transfer (automatic),58.75,Medium,3038.55,High Value,No
4504-YOULA,Month-to-month,Yes,Credit card (automatic),59.45,Medium,2136.9,Medium Value,Yes
5569-IDSEY,One year,Yes,Bank transfer (automatic),105.7,Very High,7472.15,High Value,No
4250-FDVOU,Month-to-month,No,Electronic check,56.25,Medium,389.1,Low Value,Yes
7284-ZZLOH,Two year,No,Credit card (automatic),53.3,Medium,2296.25,Medium Value,No
5277-ZLOOR,Month-to-month,Yes,Electronic check,85.55,High,187.45,Low Value,Yes
2141-RRYGO,Month-to-month,Yes,Bank transfer (automatic),68.65,Medium,261.25,Low Value,Yes
1777-JYQPJ,Month-to-month,No,Mailed check,24.3,Low,38.45,Low Value,Yes
6376-GAHQE,Month-to-month,No,Electronic check,77.85,High,299.2,Low Value,Yes
3401-URHDA,One year,No,Credit card (automatic),59.9,Medium,3043.6,High Value,No
1599-EAHXY,One year,No,Credit card (automatic),23.95,Low,1506.4,Medium Value,No
8631-XVRZL,One year,Yes,Mailed check,20.15,Low,163.7,Low Value,No
5052-PNLOS,Month-to-month,Yes,Bank transfer (automatic),105.35,Very High,323.25,Low Value,Yes
3853-LYGAM,Month-to-month,Yes,Bank transfer (automatic),95.65,Very High,1640,Medium Value,Yes
6979-ZNSFF,Month-to-month,Yes,Electronic check,87.05,High,762.1,Medium Value,Yes
5751-USDBL,Two year,No,Mailed check,81,High,3846.35,High Value,No
5680-LQOGP,Two year,Yes,Credit card (automatic),82.45,High,5646.6,High Value,No
2386-LAHRK,Month-to-month,Yes,Mailed check,53.5,Medium,53.5,Low Value,Yes
8189-DUKMV,One year,No,Bank transfer (automatic),20.5,Low,79.05,Low Value,No
6032-IGALN,Month-to-month,Yes,Mailed check,25.1,Low,25.1,Low Value,Yes
9931-DCEZH,One year,Yes,Credit card (automatic),54.4,Medium,1516.6,Medium Value,No
1898-JSNDC,One year,Yes,Credit card (automatic),58.6,Medium,2224.5,Medium Value,No
0315-LVCRK,Month-to-month,No,Electronic check,84.8,High,888.75,Medium Value,Yes
3911-RSNHI,Two year,Yes,Credit card (automatic),61.4,Medium,4310.35,High Value,No
2410-CIYFZ,Month-to-month,No,Mailed check,20.4,Low,42.9,Low Value,Yes
4248-HCETZ,Month-to-month,Yes,Mailed check,79.65,High,2365.15,Medium Value,Yes
5505-OVWQW,One year,No,Mailed check,20.15,Low,353.65,Low Value,No
7271-AJDTL,Month-to-month,Yes,Credit card (automatic),94.45,Very High,5073.1,High Value,Yes
1867-TJHTS,Month-to-month,Yes,Bank transfer (automatic),79.8,High,4526.85,High Value,Yes
0516-WJVXC,Month-to-month,No,Electronic check,54.2,Medium,308.25,Low Value,Yes
9174-FKWZE,Month-to-month,Yes,Electronic check,19.45,Low,19.45,Low Value,Yes
6860-YRJZP,Month-to-month,Yes,Electronic check,74.05,High,678.45,Medium Value,Yes
4429-WYGFR,Month-to-month,No,Bank transfer (automatic),49.15,Medium,1237.3,Medium Value,Yes
2817-LVCPP,Two year,No,Credit card (automatic),19.4,Low,1023.95,Medium Value,No
5038-ETMLM,Two year,Yes,Bank transfer (automatic),113.65,Very High,8182.75,High Value,No
5056-FIMPT,One year,Yes,Credit card (automatic),106,Very High,4532.3,High Value,No
4521-WFJAI,Two year,Yes,Bank transfer (automatic),25.95,Low,1444.05,Medium Value,No
6569-KTMDU,Month-to-month,No,Mailed check,19.1,Low,19.1,Low Value,Yes
8809-RIHDD,Two year,Yes,Electronic check,103.4,Very High,7372.65,High Value,No
8809-XKHMD,Two year,Yes,Bank transfer (automatic),100.55,Very High,7325.1,High Value,No
0396-YCHWO,Month-to-month,Yes,Electronic check,95.4,Very High,3474.2,High Value,Yes
0867-LDTTC,Month-to-month,No,Bank transfer (automatic),75.15,High,392.65,Low Value,Yes
4822-NGOCH,Month-to-month,Yes,Electronic check,84.45,High,1058.6,Medium Value,Yes
9391-DXGGG,One year,No,Credit card (automatic),89.15,High,3990.75,High Value,No
9844-FELAJ,One year,Yes,Electronic check,107.9,Very High,7475.85,High Value,No
2122-SZZZD,One year,No,Credit card (automatic),19.5,Low,835.5,Medium Value,No
5307-DZCVC,Month-to-month,Yes,Credit card (automatic),85.95,High,2628.6,Medium Value,Yes
3148-AOIQT,Two year,Yes,Credit card (automatic),24.95,Low,1718.35,Medium Value,No
8679-JOEVF,Month-to-month,No,Electronic check,59.4,Medium,1023.9,Medium Value,Yes
8395-ETZKQ,One year,No,Bank transfer (automatic),19.5,Low,1193.55,Medium Value,No
6692-YQHXC,Month-to-month,Yes,Credit card (automatic),69.95,Medium,1205.5,Medium Value,Yes
3889-VWBID,Two year,No,Bank transfer (automatic),82.85,High,5776.45,High Value,No
5222-JCXZT,Month-to-month,No,Mailed check,19,Low,78.9,Low Value,Yes
9754-CLVZW,Month-to-month,No,Credit card (automatic),38.85,Medium,1025.15,Medium Value,Yes
1432-FPAXX,Month-to-month,Yes,Electronic check,30.6,Low,856.35,Medium Value,Yes
2739-CCZMB,Month-to-month,No,Credit card (automatic),20.35,Low,122,Low Value,Yes
7080-TNUWP,One year,Yes,Bank transfer (automatic),95,Very High,6602.9,High Value,No
0496-AHOOK,One year,No,Bank transfer (automatic),74.4,High,1712.9,Medium Value,No
8336-TAVKX,Two year,No,Bank transfer (automatic),78.45,High,5682.25,High Value,No
2468-SJFLM,Month-to-month,Yes,Mailed check,74.3,High,74.3,Low Value,Yes
3181-VTHOE,One year,Yes,Bank transfer (automatic),51.05,Medium,3635.15,High Value,No
7168-HDQHG,Month-to-month,No,Bank transfer (automatic),19.2,Low,702.9,Medium Value,Yes
4803-AXVYP,Month-to-month,Yes,Electronic check,99.55,Very High,3734.25,High Value,Yes
3884-HCSWG,Month-to-month,Yes,Electronic check,70,Medium,1144.5,Medium Value,Yes
4567-AKPIA,One year,Yes,Bank transfer (automatic),109.1,Very High,4454.25,High Value,No
5077-DXTCG,Month-to-month,Yes,Electronic check,45.3,Medium,45.3,Low Value,Yes
1142-WACZW,Month-to-month,No,Bank transfer (automatic),29.85,Low,75.6,Low Value,Yes
7901-HXJVA,Month-to-month,No,Electronic check,76.45,High,1117.55,Medium Value,Yes
5649-ANRML,Month-to-month,Yes,Credit card (automatic),95.1,Very High,180.25,Low Value,Yes
4892-VLANZ,Month-to-month,No,Mailed check,19.8,Low,19.8,Low Value,Yes
5924-IFQTT,Month-to-month,Yes,Electronic check,72.8,High,930.05,Medium Value,Yes
7968-QUXNS,Month-to-month,No,Mailed check,18.95,Low,110.15,Low Value,Yes
2919-HBCJO,Month-to-month,Yes,Bank transfer (automatic),76.65,High,333.6,Low Value,Yes
4236-XPXAV,Month-to-month,Yes,Mailed check,99.15,Very High,465.05,Low Value,Yes
8903-WMRNW,Month-to-month,No,Electronic check,101.75,Very High,1669.4,Medium Value,Yes
2452-SNHFZ,Month-to-month,No,Credit card (automatic),75.45,High,3545.1,High Value,Yes
3629-WEAAM,Month-to-month,No,Mailed check,64.1,Medium,504.05,Low Value,Yes
6029-CSMJE,Month-to-month,Yes,Mailed check,25.65,Low,440.2,Low Value,Yes
7993-NQLJE,Month-to-month,No,Mailed check,75.1,High,1151.55,Medium Value,Yes
9909-DFRJA,One year,Yes,Bank transfer (automatic),95.85,Very High,2475.35,Medium Value,No
9099-FTUHS,Month-to-month,No,Electronic check,54.4,Medium,1249.25,Medium Value,Yes
0581-BXBUB,Month-to-month,No,Electronic check,72.75,High,317.75,Low Value,Yes
4962-CHQPW,One year,No,Mailed check,19.85,Low,535.05,Low Value,No
9467-ROOLM,Month-to-month,No,Mailed check,19.05,Low,461.3,Low Value,Yes
3030-YZADT,Month-to-month,No,Mailed check,44.95,Medium,431,Low Value,Yes
7410-KTVFV,Month-to-month,Yes,Mailed check,49.55,Medium,878.35,Medium Value,Yes
5150-ITWWB,Month-to-month,Yes,Electronic check,94.85,Very High,335.75,Low Value,Yes
2253-KPMNB,Two year,No,Bank transfer (automatic),46.25,Medium,3121.4,High Value,No
1345-ZUKID,One year,No,Mailed check,19.35,Low,324.8,Low Value,No
6429-SHBCB,Month-to-month,No,Mailed check,69.6,Medium,1394.55,Medium Value,Yes
9281-OFDMF,Month-to-month,No,Electronic check,90.7,Very High,3413.25,High Value,Yes
2603-HVKCG,Month-to-month,Yes,Electronic check,101.4,Very High,3143.65,High Value,Yes
1834-WULEG,One year,No,Mailed check,20.25,Low,439.75,Low Value,No
9097-ZUBYC,Month-to-month,No,Bank transfer (automatic),48.8,Medium,664.4,Low Value,Yes
5148-ORICT,Two year,Yes,Mailed check,74.35,High,4759.55,High Value,No
4893-GYUJU,One year,Yes,Mailed check,19.35,Low,1033,Medium Value,No
4578-PHJYZ,One year,Yes,Electronic check,68.75,Medium,3482.85,High Value,No
7272-QDCKA,One year,No,Electronic check,100.2,Very High,2688.45,Medium Value,No
8908-SLFCJ,Two year,Yes,Credit card (automatic),20.85,Low,435.25,Low Value,No
8393-DLHGA,Month-to-month,Yes,Electronic check,95.9,Very High,2448.75,Medium Value,Yes
9766-HGEDE,One year,No,Mailed check,19.35,Low,307,Low Value,No
6968-MHOMU,One year,Yes,Credit card (automatic),45,Medium,2689.35,Medium Value,No
7395-IGJOS,Month-to-month,No,Bank transfer (automatic),81.5,High,1329.2,Medium Value,Yes
5044-XDPYX,Two year,No,Mailed check,25.5,Low,1281.25,Medium Value,No
1814-WFGVS,Two year,No,Mailed check,48.9,Medium,3527,High Value,No
2834-SPCJV,Month-to-month,No,Electronic check,84.1,High,4348.65,High Value,Yes
3721-WKIIL,Two year,Yes,Mailed check,19.6,Low,561.15,Low Value,No
6734-CKRSM,Month-to-month,No,Mailed check,20,Low,63.6,Low Value,Yes
1265-ZFOSD,Two year,Yes,Mailed check,81.3,High,5129.3,High Value,No
6568-POCUI,Two year,Yes,Credit card (automatic),95.2,Very High,4285.8,High Value,No
7890-VYYWG,Month-to-month,Yes,Mailed check,36.45,Medium,93.7,Low Value,Yes
5197-LQXXH,Two year,Yes,Credit card (automatic),83.3,High,5894.5,High Value,No
9907-SWKKF,Month-to-month,No,Mailed check,25.05,Low,25.05,Low Value,Yes
3457-PQBYH,Two year,No,Credit card (automatic),20.3,Low,1160.75,Medium Value,No
7682-AZNDK,Month-to-month,Yes,Electronic check,89.85,High,3091.75,High Value,Yes
0587-DMGBH,Month-to-month,Yes,Electronic check,49.85,Medium,365.55,Low Value,Yes
5384-ZTTWP,Month-to-month,No,Mailed check,19.8,Low,272.95,Low Value,Yes
3745-HRPHI,Two year,No,Bank transfer (automatic),54.65,Medium,3632,High Value,No
7636-OWBPG,Month-to-month,Yes,Credit card (automatic),29.35,Low,381.2,Low Value,Yes
1231-YNDEK,Two year,Yes,Bank transfer (automatic),19.15,Low,1035.5,Medium Value,No
1407-DIGZV,Two year,No,Mailed check,19.1,Low,52,Low Value,No
6397-JNZZG,Month-to-month,No,Credit card (automatic),55.55,Medium,2342.2,Medium Value,Yes
0570-BFQHT,Month-to-month,No,Electronic check,80.55,High,653.9,Low Value,Yes
4393-OBCRR,One year,No,Mailed check,20.25,Low,71.2,Low Value,No
3523-QRQLL,One year,Yes,Bank transfer (automatic),69.5,Medium,1498.2,Medium Value,No
8564-LDKFL,One year,Yes,Bank transfer (automatic),106,Very High,4178.65,High Value,No
3696-DFHHB,Two year,No,Bank transfer (automatic),25.5,Low,1821.8,Medium Value,No
0895-DQHEW,Month-to-month,Yes,Electronic check,104.3,Very High,5278.15,High Value,Yes
4717-GHADL,Two year,Yes,Mailed check,79.6,High,4024.2,High Value,No
5501-TVMGM,Month-to-month,Yes,Electronic check,55.25,Medium,55.25,Low Value,Yes
5879-HMFFH,Two year,No,Bank transfer (automatic),88.05,High,6520.8,High Value,No
6772-WFQRD,One year,Yes,Bank transfer (automatic),20.4,Low,854.9,Medium Value,No
3810-DVDQQ,Two year,Yes,Bank transfer (automatic),117.6,Very High,8308.9,High Value,No
6972-SNKKW,Month-to-month,No,Mailed check,20,Low,109.2,Low Value,Yes
3694-GLTJM,Month-to-month,Yes,Credit card (automatic),19.65,Low,92.05,Low Value,Yes
8550-XSXUQ,One year,Yes,Credit card (automatic),70.55,High,3420.5,High Value,No
8149-RSOUN,Month-to-month,Yes,Electronic check,93.85,Very High,93.85,Low Value,Yes
9055-MOJJJ,One year,No,Mailed check,65.8,Medium,4068,High Value,No
4359-INNWN,One year,No,Credit card (automatic),20.05,Low,337.9,Low Value,No
0585-EGDDA,Month-to-month,Yes,Electronic check,80,High,3168.75,High Value,Yes
4032-RMHCI,One year,No,Credit card (automatic),35.4,Low,1412.4,Medium Value,No
0549-CYCQN,One year,Yes,Bank transfer (automatic),79.6,High,3974.7,High Value,No
3481-JHUZH,Month-to-month,Yes,Electronic check,80.25,High,3439,High Value,Yes
7250-EQKIY,Month-to-month,No,Mailed check,50.45,Medium,50.45,Low Value,Yes
3594-IVHJZ,Month-to-month,Yes,Mailed check,20.45,Low,42.45,Low Value,Yes
6869-FGJJC,One year,No,Credit card (automatic),79.6,High,5461.45,High Value,No
3896-ZVNET,Two year,No,Mailed check,24.7,Low,571.75,Low Value,No
8205-VSLRB,Two year,No,Credit card (automatic),77.3,High,5498.2,High Value,No
5960-MVTUK,Month-to-month,Yes,Electronic check,29.75,Low,96.85,Low Value,Yes
6817-WTYHE,Month-to-month,No,Bank transfer (automatic),44.9,Medium,111.05,Low Value,Yes
3082-VQXNH,Month-to-month,No,Credit card (automatic),29.8,Low,94.4,Low Value,Yes
4013-UBXWQ,Month-to-month,Yes,Electronic check,74.65,High,521.1,Low Value,Yes
4931-TRZWN,Month-to-month,Yes,Electronic check,71.95,High,923.85,Medium Value,Yes
0750-EKNGL,Month-to-month,No,Mailed check,20.75,Low,141.1,Low Value,Yes
7669-LCRSD,Month-to-month,Yes,Mailed check,56.3,Medium,628.65,Low Value,Yes
3567-PQTSO,One year,Yes,Electronic check,105.25,Very High,5576.3,High Value,No
5519-NPHVG,Month-to-month,Yes,Electronic check,94.2,Very High,1046.1,Medium Value,Yes
8043-PNYSD,Two year,No,Mailed check,19.55,Low,1245.6,Medium Value,No
9938-EKRGF,Month-to-month,No,Mailed check,84.45,High,1287.85,Medium Value,Yes
2703-AMTUL,One year,No,Mailed check,53.65,Medium,1939.35,Medium Value,No
0928-JMXNP,Month-to-month,Yes,Electronic check,29.9,Low,118.25,Low Value,Yes
8173-RXAYP,Two year,No,Mailed check,19.7,Low,452.55,Low Value,No
4825-XJGDM,One year,No,Credit card (automatic),43.7,Medium,2696.55,Medium Value,No
5402-HTOTQ,Month-to-month,No,Electronic check,55.3,Medium,875.35,Medium Value,Yes
6734-JDTTV,Two year,Yes,Credit card (automatic),19.85,Low,1267.05,Medium Value,No
7850-THJMU,Two year,No,Credit card (automatic),19.65,Low,494.9,Low Value,No
3890-RTCMS,Month-to-month,Yes,Mailed check,49.45,Medium,799,Medium Value,Yes
8849-GYOKR,One year,No,Bank transfer (automatic),106.55,Very High,5763.3,High Value,No
3148-BLQJT,Month-to-month,No,Mailed check,20.1,Low,20.1,Low Value,Yes
3717-FDJFU,Two year,No,Mailed check,20.45,Low,106.9,Low Value,No
3665-JATSN,Month-to-month,Yes,Electronic check,39.7,Medium,710.05,Medium Value,Yes
7966-YOTQW,Month-to-month,Yes,Credit card (automatic),54.5,Medium,568.2,Low Value,Yes
0461-CVKMU,Month-to-month,No,Electronic check,83.8,High,1900.25,Medium Value,Yes
8806-EAGWC,Month-to-month,No,Mailed check,55.15,Medium,159.15,Low Value,Yes
8853-TZDGH,Two year,Yes,Bank transfer (automatic),111.6,Very High,8012.75,High Value,No
7779-LGOVN,Month-to-month,Yes,Electronic check,86.65,High,856.65,Medium Value,Yes
4324-BZCKL,Month-to-month,Yes,Mailed check,55.55,Medium,551.3,Low Value,Yes
6924-TDGMT,One year,Yes,Mailed check,20.55,Low,184.95,Low Value,No
9710-ZUSHQ,Month-to-month,Yes,Bank transfer (automatic),106.75,Very High,4056.75,High Value,Yes
1536-YHDOE,One year,Yes,Mailed check,62.1,Medium,1096.65,Medium Value,No
8123-QBNAZ,Month-to-month,Yes,Credit card (automatic),104.5,Very High,3684.95,High Value,Yes
3629-ZNKXA,Month-to-month,Yes,Electronic check,101.8,Very High,1752.45,Medium Value,Yes
4827-LTQRJ,One year,Yes,Credit card (automatic),110.6,Very High,7210.85,High Value,No
7711-YIJWC,One year,No,Bank transfer (automatic),84.9,High,5264.5,High Value,No
5482-VXSXJ,Month-to-month,Yes,Mailed check,93.2,Very High,2157.3,Medium Value,Yes
7365-BVCJH,Month-to-month,Yes,Electronic check,24.4,Low,24.4,Low Value,Yes
9620-ENEJV,Month-to-month,No,Credit card (automatic),70.55,High,433.95,Low Value,Yes
4183-WCSEP,Month-to-month,Yes,Electronic check,78.45,High,2435.15,Medium Value,Yes
2378-YIZKA,Two year,Yes,Credit card (automatic),85,High,5607.75,High Value,No
5498-TXHLF,Month-to-month,No,Electronic check,87.45,High,2874.15,High Value,Yes
0689-DSXGL,Month-to-month,No,Bank transfer (automatic),85.8,High,4433.3,High Value,Yes
6818-DJXAA,Month-to-month,Yes,Electronic check,91.1,Very High,964.35,Medium Value,Yes
9722-UJOJR,Month-to-month,Yes,Electronic check,70.75,High,1974.8,Medium Value,Yes
0464-WJTKO,Two year,No,Bank transfer (automatic),20.1,Low,1460.85,Medium Value,No
8902-ZEOVF,One year,No,Mailed check,20.05,Low,951.55,Medium Value,No
6778-EICRF,One year,No,Mailed check,74.8,High,1821.2,Medium Value,No
2662-NNTDK,One year,No,Credit card (automatic),24.8,Low,1600.95,Medium Value,No
4132-KALRO,Month-to-month,Yes,Mailed check,100.85,Very High,399.25,Low Value,Yes
3902-FOIGH,Month-to-month,Yes,Electronic check,101.35,Very High,1218.55,Medium Value,Yes
6772-KSATR,Month-to-month,Yes,Electronic check,81.7,High,81.7,Low Value,Yes
7112-OPOTK,Month-to-month,No,Electronic check,68.25,Medium,2171.15,Medium Value,Yes
2874-YXVVA,Month-to-month,Yes,Electronic check,105.1,Very High,3634.8,High Value,Yes
1245-HARPS,Two year,No,Mailed check,20.4,Low,292.4,Low Value,No
4210-QFJMF,Month-to-month,Yes,Electronic check,79.15,High,317.25,Low Value,Yes
4323-ELYYB,One year,No,Mailed check,20,Low,218.55,Low Value,No
4293-ETKAP,Two year,Yes,Bank transfer (automatic),79.4,High,5071.9,High Value,No
6064-PUPMC,One year,No,Credit card (automatic),57.2,Medium,1423.35,Medium Value,No
6504-VBLFL,Two year,No,Electronic check,58.6,Medium,3068.6,High Value,No
6322-PJJDJ,Two year,Yes,Electronic check,94.8,Very High,4690.65,High Value,No
0330-BGYZE,One year,No,Bank transfer (automatic),102.5,Very High,6157.6,High Value,No
1085-LDWAM,One year,Yes,Credit card (automatic),20.35,Low,1442.65,Medium Value,No
7586-ZATGZ,Month-to-month,Yes,Electronic check,84.9,High,3369.05,High Value,Yes
7197-VOJMM,Two year,Yes,Credit card (automatic),69.2,Medium,4671.65,High Value,No
3318-OSATS,Month-to-month,Yes,Electronic check,95.45,Very High,3474.05,High Value,Yes
5828-AVIPD,One year,Yes,Electronic check,100.95,Very High,1875.55,Medium Value,No
1843-TLSGD,Two year,No,Mailed check,20.85,Low,272.35,Low Value,No
9626-VFRGG,Month-to-month,Yes,Bank transfer (automatic),88.5,High,3645.05,High Value,Yes
7075-BNDVQ,Month-to-month,No,Mailed check,35,Low,135.75,Low Value,Yes
9143-CANJF,Month-to-month,No,Electronic check,55.15,Medium,1319.85,Medium Value,Yes
7284-BUYEC,Month-to-month,Yes,Credit card (automatic),50.95,Medium,229.4,Low Value,Yes
2041-JIJCI,Month-to-month,Yes,Electronic check,64,Medium,370.25,Low Value,Yes
1086-LXKFY,Month-to-month,Yes,Mailed check,69.1,Medium,69.1,Low Value,Yes
4900-MSOMT,Two year,No,Bank transfer (automatic),80.2,High,5714.2,High Value,No
2229-VWQJH,Month-to-month,Yes,Credit card (automatic),49.3,Medium,1233.25,Medium Value,Yes
9194-GFVOI,Two year,No,Credit card (automatic),84.35,High,3571.6,High Value,No
1336-EZFZY,Month-to-month,No,Mailed check,20.05,Low,83.3,Low Value,Yes
4282-MSACW,One year,Yes,Credit card (automatic),117.2,Very High,8035.95,High Value,No
1403-LKLIK,One year,No,Mailed check,20.1,Low,579.4,Low Value,No
2636-ALXXZ,Month-to-month,Yes,Electronic check,69.6,Medium,69.6,Low Value,Yes
7774-OJSXI,One year,Yes,Electronic check,103.45,Very High,3066.45,High Value,No
7786-WBJYI,Month-to-month,No,Bank transfer (automatic),77.95,High,305.55,Low Value,Yes
0136-IFMYD,Two year,Yes,Electronic check,109.95,Very High,7634.25,High Value,No
5144-TVGLP,Month-to-month,No,Electronic check,94.75,Very High,3653,High Value,Yes
9643-AVVWI,Month-to-month,Yes,Electronic check,80,High,241.3,Low Value,Yes
0253-ZTEOB,Two year,No,Electronic check,79.65,High,3870.3,High Value,No
2706-QZIHY,Two year,No,Mailed check,25.2,Low,387.9,Low Value,No
6061-PQHMK,One year,No,Credit card (automatic),19.9,Low,527.5,Low Value,No
9885-CSMWE,Month-to-month,No,Electronic check,78.45,High,78.45,Low Value,Yes
6137-MFAJN,Month-to-month,Yes,Electronic check,44.8,Medium,2104.55,Medium Value,Yes
9122-UMROB,Month-to-month,No,Mailed check,20.3,Low,20.3,Low Value,Yes
4232-JGKIY,Month-to-month,No,Electronic check,19.2,Low,19.2,Low Value,Yes
2402-TAIRZ,One year,No,Electronic check,80.05,High,3019.1,High Value,No
9659-ZTWSM,One year,Yes,Bank transfer (automatic),107.35,Very High,7051.95,High Value,No
9139-TWBAS,One year,No,Bank transfer (automatic),47.85,Medium,1190.5,Medium Value,No
6685-GBWJZ,One year,No,Credit card (automatic),70.8,High,4448.8,High Value,No
5016-ETTFF,Month-to-month,No,Mailed check,29.5,Low,255.25,Low Value,Yes
3866-MDTUB,Month-to-month,Yes,Electronic check,70.75,High,146.9,Low Value,Yes
2195-VVRJF,Month-to-month,Yes,Credit card (automatic),59.1,Medium,1011.05,Medium Value,Yes
3913-RDSJZ,Two year,No,Mailed check,25.55,Low,1714.95,Medium Value,No
8058-JMEQO,Month-to-month,Yes,Electronic check,84.45,High,762.5,Medium Value,Yes
4203-QGNZA,Month-to-month,No,Mailed check,20.25,Low,535.35,Low Value,Yes
5043-TRZWM,Month-to-month,No,Electronic check,75.55,High,75.55,Low Value,Yes
0697-ZMSWS,Month-to-month,Yes,Electronic check,85.65,High,338.9,Low Value,Yes
7657-DYEPJ,One year,Yes,Credit card (automatic),70.15,Medium,2497.35,Medium Value,No
9494-BDNNC,One year,No,Electronic check,95.3,Very High,6273.4,High Value,No
1640-PLFMP,Month-to-month,Yes,Electronic check,70.25,Medium,70.25,Low Value,Yes
5366-OBVMR,Month-to-month,Yes,Mailed check,50.3,Medium,908.75,Medium Value,Yes
8276-MQBYC,Month-to-month,Yes,Electronic check,97.8,Very High,4913.3,High Value,Yes
7644-OMVMY,Two year,No,Mailed check,19.85,Low,,,No
7593-XFKDI,Month-to-month,No,Mailed check,46.3,Medium,46.3,Low Value,Yes
4573-JKNAE,Two year,No,Bank transfer (automatic),19.35,Low,212.3,Low Value,No
0337-CNPZE,Month-to-month,Yes,Electronic check,106.3,Very High,4443.45,High Value,Yes
9817-APLHW,Month-to-month,No,Electronic check,25,Low,316.2,Low Value,Yes
8380-MQINP,Two year,No,Mailed check,20.3,Low,1079.05,Medium Value,No
0840-DFEZH,Month-to-month,Yes,Electronic check,75.35,High,564.65,Low Value,Yes
1513-XNPPH,Month-to-month,Yes,Electronic check,89.4,High,1095.65,Medium Value,Yes
8690-ZVLCL,Two year,No,Credit card (automatic),88,High,6161.9,High Value,No
6015-VVHHE,Month-to-month,Yes,Credit card (automatic),83.15,High,446.05,Low Value,Yes
1125-SNVCK,Month-to-month,No,Mailed check,43.8,Medium,2106.05,Medium Value,Yes
0384-LPITE,One year,No,Credit card (automatic),62.05,Medium,2511.55,Medium Value,No
4616-EWBNJ,One year,No,Bank transfer (automatic),20.1,Low,318.6,Low Value,No
6347-DCUIK,Month-to-month,Yes,Mailed check,74.15,High,811.8,Medium Value,Yes
1335-HQMKX,One year,Yes,Electronic check,101.35,Very High,7323.15,High Value,No
2545-EBUPK,Month-to-month,Yes,Electronic check,84.05,High,186.05,Low Value,Yes
6923-AQONU,Two year,No,Mailed check,20.9,Low,454,Low Value,No
2172-EJXVF,One year,Yes,Electronic check,105.9,Very High,7521.95,High Value,No
0897-FEGMU,Month-to-month,Yes,Electronic check,99.5,Very High,1056.95,Medium Value,Yes
7663-RGWBC,Month-to-month,Yes,Mailed check,44.15,Medium,44.15,Low Value,Yes
1120-BMWUB,Month-to-month,Yes,Mailed check,53.9,Medium,834.15,Medium Value,Yes
9124-LHCJQ,Month-to-month,Yes,Mailed check,85.45,High,85.45,Low Value,Yes
4536-PLEQY,Month-to-month,Yes,Credit card (automatic),85.05,High,999.8,Medium Value,Yes
7029-IJEJK,One year,No,Bank transfer (automatic),44.1,Medium,2369.7,Medium Value,No
8871-JLMHM,Two year,No,Credit card (automatic),90.2,Very High,6297.65,High Value,No
2235-ZGKPT,Month-to-month,No,Mailed check,50.85,Medium,239.55,Low Value,Yes
3891-PUQOD,Month-to-month,No,Electronic check,59.2,Medium,59.2,Low Value,Yes
5447-VYTKW,Month-to-month,No,Mailed check,53.45,Medium,1461.45,Medium Value,Yes
3623-FQBOX,Month-to-month,Yes,Mailed check,19.95,Low,416.4,Low Value,Yes
0689-NKYLF,Month-to-month,Yes,Electronic check,83.2,High,1060.6,Medium Value,Yes
8659-HDIYE,Month-to-month,No,Credit card (automatic),74.65,High,4869.35,High Value,Yes
3658-KIBGF,Month-to-month,Yes,Electronic check,54.9,Medium,54.9,Low Value,Yes
3474-BAFSJ,Two year,Yes,Bank transfer (automatic),57.5,Medium,3265.95,High Value,No
5519-YLDGW,Month-to-month,Yes,Electronic check,103.9,Very High,2254.2,Medium Value,Yes
3865-ZFZIB,Two year,No,Mailed check,19.65,Low,358.15,Low Value,No
1855-AGAWH,One year,Yes,Electronic check,93.8,Very High,2939.8,High Value,No
7109-CQYUZ,Two year,Yes,Mailed check,89.25,High,4652.4,High Value,No
1370-GGAWX,One year,Yes,Electronic check,94.15,Very High,4408.45,High Value,No
4680-KUTAJ,Month-to-month,Yes,Electronic check,55.6,Medium,580.8,Low Value,Yes
5307-UVGNB,Month-to-month,Yes,Bank transfer (automatic),48.7,Medium,2495.2,Medium Value,Yes
4946-EDSEW,Month-to-month,Yes,Mailed check,19.25,Low,180.3,Low Value,Yes
2883-ILGWO,Month-to-month,Yes,Bank transfer (automatic),104.9,Very High,5913.95,High Value,Yes
2516-VQRRV,Month-to-month,Yes,Mailed check,75.45,High,158.4,Low Value,Yes
7580-UGXNC,Month-to-month,No,Mailed check,54.85,Medium,104.2,Low Value,Yes
3642-BYHDO,Two year,No,Bank transfer (automatic),19.9,Low,1389.35,Medium Value,No
9629-NHXFW,Month-to-month,Yes,Mailed check,19.4,Low,19.4,Low Value,Yes
2696-RZVZW,Two year,No,Credit card (automatic),25.05,Low,1629.2,Medium Value,No
5766-FTRTS,Two year,No,Mailed check,84.45,High,6033.1,High Value,No
0396-HUJBP,Month-to-month,No,Mailed check,19.3,Low,44.4,Low Value,Yes
5178-LMXOP,Month-to-month,Yes,Electronic check,95.1,Very High,95.1,Low Value,Yes
8879-ZKJOF,One year,Yes,Bank transfer (automatic),79.85,High,3320.75,High Value,No
6285-FTQBF,Two year,No,Credit card (automatic),25.55,Low,1867.7,Medium Value,No
8185-UPYBR,Month-to-month,Yes,Electronic check,75.5,High,438,Low Value,Yes
4585-HETAI,Month-to-month,Yes,Electronic check,73.75,High,325.45,Low Value,Yes
7526-BEZQB,Month-to-month,Yes,Electronic check,96.05,Very High,1148.1,Medium Value,Yes
1474-JUWSM,One year,Yes,Electronic check,68.4,Medium,3972.25,High Value,No
3530-CRZSB,Month-to-month,No,Mailed check,20.65,Low,155.9,Low Value,Yes
8498-XXGWA,Month-to-month,Yes,Mailed check,55.15,Medium,3673.15,High Value,Yes
9617-INGJY,Month-to-month,Yes,Mailed check,70.6,High,70.6,Low Value,Yes
0621-TSSMU,One year,No,Credit card (automatic),19.95,Low,1126.75,Medium Value,No
7234-KMNRQ,Month-to-month,No,Mailed check,19,Low,73.45,Low Value,Yes
7636-PEPNS,One year,Yes,Mailed check,44.1,Medium,2413.05,Medium Value,No
4683-WYDOU,Two year,Yes,Bank transfer (automatic),107.6,Very High,6912.7,High Value,No
9052-DHNKM,One year,No,Electronic check,61.55,Medium,1581.95,Medium Value,No
6794-HKIAJ,Month-to-month,No,Bank transfer (automatic),90.7,Very High,5586.45,High Value,Yes
5578-NKCXI,One year,No,Credit card (automatic),99.25,Very High,5846.65,High Value,No
1642-HMARX,Two year,Yes,Electronic check,91.7,Very High,6424.7,High Value,No
3096-WPXBT,One year,Yes,Credit card (automatic),100.7,Very High,6018.65,High Value,No
8434-PNQZX,Two year,Yes,Credit card (automatic),78.45,High,3373.4,High Value,No
5950-AAAGJ,Month-to-month,No,Bank transfer (automatic),84.3,High,1537.9,Medium Value,Yes
4299-OPXEJ,Two year,Yes,Bank transfer (automatic),19.55,Low,1080.55,Medium Value,No
4951-UKAAQ,Month-to-month,Yes,Electronic check,88.95,High,355.2,Low Value,Yes
9618-LFJRU,Month-to-month,No,Credit card (automatic),20.45,Low,82.85,Low Value,Yes
6693-DJWTY,One year,No,Credit card (automatic),55.6,Medium,2016.45,Medium Value,No
0744-GKNGE,Month-to-month,Yes,Bank transfer (automatic),86.8,High,5327.25,High Value,Yes
6447-EGDIV,One year,No,Mailed check,20.95,Low,683.25,Medium Value,No
1167-OYZJF,Two year,Yes,Bank transfer (automatic),20.05,Low,1263.05,Medium Value,No
2108-YKQTY,Month-to-month,No,Credit card (automatic),50.7,Medium,151.3,Low Value,Yes
4806-DXQCE,Two year,Yes,Electronic check,113.65,Very High,7714.65,High Value,No
4918-QLLIW,Month-to-month,No,Credit card (automatic),53.4,Medium,188.7,Low Value,Yes
7056-IMHCC,Month-to-month,Yes,Electronic check,101.9,Very High,5549.4,High Value,Yes
4854-SSLTN,Two year,No,Mailed check,59.5,Medium,130.5,Low Value,No
5294-DMSFH,Month-to-month,Yes,Credit card (automatic),87.8,High,2621.75,Medium Value,Yes
4837-PZTIC,Two year,No,Mailed check,41.9,Medium,1875.25,Medium Value,No
1625-JAIIY,One year,Yes,Electronic check,83,High,5685.8,High Value,No
0603-OLQDC,Month-to-month,Yes,Mailed check,69.85,Medium,837.5,Medium Value,Yes
3272-VUHPV,Month-to-month,No,Bank transfer (automatic),56.3,Medium,401.5,Low Value,Yes
4176-FXYBO,Month-to-month,No,Electronic check,109.55,Very High,6118.95,High Value,Yes
1063-DHQJF,Two year,Yes,Mailed check,92.15,Very High,6480.9,High Value,No
8663-UPDGF,Month-to-month,Yes,Bank transfer (automatic),69.5,Medium,1800.05,Medium Value,Yes
6719-FGEDO,Two year,Yes,Bank transfer (automatic),97,Very High,7104.2,High Value,No
1837-YQUCE,Two year,Yes,Bank transfer (automatic),58.35,Medium,4214.25,High Value,No
2947-DOMLJ,Month-to-month,No,Mailed check,50.6,Medium,50.6,Low Value,Yes
4112-LUEIZ,Month-to-month,Yes,Electronic check,89.5,High,863.1,Medium Value,Yes
0369-ZGOVK,One year,Yes,Bank transfer (automatic),70.4,High,1992.2,Medium Value,No
4510-HIMLV,Month-to-month,Yes,Electronic check,69.8,Medium,69.8,Low Value,Yes
9919-KNPOO,Month-to-month,Yes,Electronic check,94.3,Very High,1948.35,Medium Value,Yes
8749-JMNKX,Month-to-month,Yes,Bank transfer (automatic),93.8,Very High,4750.95,High Value,Yes
7872-BAAZR,One year,No,Bank transfer (automatic),19.55,Low,1007.9,Medium Value,No
9391-LMANN,One year,No,Electronic check,95.95,Very High,5036.9,High Value,No
2430-USGXP,Month-to-month,Yes,Electronic check,101.05,Very High,2391.8,Medium Value,Yes
8174-TBVCF,Two year,Yes,Credit card (automatic),94.8,Very High,6859.05,High Value,No
1698-XFZCI,One year,Yes,Electronic check,107.75,Very High,6521.9,High Value,No
1877-HKBQX,One year,Yes,Mailed check,54.6,Medium,617.85,Low Value,No
4450-DLLMH,Month-to-month,Yes,Credit card (automatic),71.3,High,157.75,Low Value,Yes
0428-AXXLJ,One year,Yes,Bank transfer (automatic),19.5,Low,516.3,Low Value,No
2746-DIJLO,One year,Yes,Credit card (automatic),56.3,Medium,2364,Medium Value,No
5955-ERIHD,Month-to-month,Yes,Electronic check,94.7,Very High,1687.95,Medium Value,Yes
0917-EZOLA,Two year,Yes,Bank transfer (automatic),104.15,Very High,7689.95,High Value,No
3508-VLHCZ,Two year,Yes,Credit card (automatic),90.55,Very High,6239.05,High Value,No
4086-ATNFV,One year,Yes,Mailed check,60.8,Medium,2042.05,Medium Value,No
0468-YRPXN,Month-to-month,Yes,Credit card (automatic),98.8,Very High,2807.1,High Value,Yes
5996-NRVXR,One year,Yes,Credit card (automatic),98.15,Very High,4116.8,High Value,No
3739-YBWAB,One year,No,Mailed check,35.35,Low,1317.95,Medium Value,No
7047-FWEYA,One year,Yes,Electronic check,103.15,Very High,4594.65,High Value,No
2000-MPKCA,One year,Yes,Electronic check,107.75,Very High,6332.75,High Value,No
9762-YAQAA,One year,No,Credit card (automatic),81.4,High,3213.75,High Value,No
5949-EBSQK,Month-to-month,No,Credit card (automatic),61.45,Medium,229.55,Low Value,Yes
5473-KHBPS,One year,Yes,Credit card (automatic),95.7,Very High,4976.15,High Value,No
0100-DUVFC,One year,Yes,Electronic check,104.8,Very High,7308.95,High Value,No
5397-TUPSH,One year,Yes,Bank transfer (automatic),70.95,High,4555.2,High Value,No
8950-MTZNV,Month-to-month,Yes,Mailed check,44.95,Medium,44.95,Low Value,Yes
0326-VDYXE,One year,Yes,Electronic check,97.65,Very High,6982.5,High Value,No
6773-LQTVT,Month-to-month,Yes,Mailed check,35.65,Medium,1025.15,Medium Value,Yes
7274-RTAPZ,Month-to-month,Yes,Electronic check,90.55,Very High,90.55,Low Value,Yes
0436-TWFFZ,Two year,Yes,Mailed check,85.25,High,5714.2,High Value,No
8566-YPRGL,Month-to-month,Yes,Mailed check,19.5,Low,19.5,Low Value,Yes
0311-UNPFF,Month-to-month,Yes,Bank transfer (automatic),88.8,High,2274.35,Medium Value,Yes
6609-MXJHJ,Two year,Yes,Mailed check,25.1,Low,789.55,Medium Value,No
2669-OIDSD,Month-to-month,Yes,Credit card (automatic),100.05,Very High,4834,High Value,Yes
8400-WZICQ,Month-to-month,No,Electronic check,55.7,Medium,3131.8,High Value,Yes
3834-XUIFC,Month-to-month,Yes,Mailed check,85.2,High,602.55,Low Value,Yes
9576-SYUHJ,Month-to-month,Yes,Electronic check,91.15,Very High,3369.25,High Value,Yes
0410-IPFTY,Month-to-month,Yes,Bank transfer (automatic),83.85,High,2674.15,Medium Value,Yes
2831-EBWRN,Month-to-month,Yes,Electronic check,45.9,Medium,199.75,Low Value,Yes
9430-NKQLY,Two year,Yes,Credit card (automatic),25.1,Low,1790.8,Medium Value,No
8414-MYSHR,Month-to-month,Yes,Electronic check,91.4,Very High,449.75,Low Value,Yes
0247-SLUJI,Month-to-month,No,Mailed check,19.7,Low,19.7,Low Value,Yes
9402-ORRAH,Month-to-month,Yes,Electronic check,91.5,Very High,1400.3,Medium Value,Yes
6483-OATDN,Month-to-month,Yes,Credit card (automatic),51.3,Medium,411.6,Low Value,Yes
1293-HHSHJ,One year,No,Mailed check,21.1,Low,741,Medium Value,No
4840-ORQXB,Month-to-month,No,Electronic check,104.75,Very High,5841.35,High Value,Yes
7599-FKVXZ,Month-to-month,Yes,Bank transfer (automatic),106.15,Very High,4512.7,High Value,Yes
3982-DQLUS,Month-to-month,Yes,Electronic check,85.75,High,5688.45,High Value,Yes
8610-ZIKJJ,One year,No,Mailed check,20.3,Low,31.9,Low Value,No
3756-VNWDH,One year,Yes,Electronic check,100.75,Very High,6674.65,High Value,No
7801-KICAO,Month-to-month,Yes,Electronic check,74.15,High,1345.75,Medium Value,Yes
7673-LPRNY,One year,Yes,Electronic check,78.55,High,1843.05,Medium Value,No
8229-TNIQA,Month-to-month,Yes,Mailed check,45.3,Medium,196.95,Low Value,Yes
6060-QBMGV,Two year,No,Credit card (automatic),19.85,Low,1433.8,Medium Value,No
7339-POGZN,Month-to-month,No,Electronic check,50.7,Medium,214.55,Low Value,Yes
2828-SLQPF,Month-to-month,Yes,Bank transfer (automatic),45,Medium,865.85,Medium Value,Yes
4465-VDKIQ,Month-to-month,No,Electronic check,77.8,High,1358.6,Medium Value,Yes
2921-XWDJH,Month-to-month,Yes,Electronic check,83.45,High,3147.15,High Value,Yes
6221-AVQYL,Month-to-month,Yes,Credit card (automatic),73.25,High,131.05,Low Value,Yes
2558-BUOZZ,One year,No,Bank transfer (automatic),94.8,Very High,4535.85,High Value,No
9257-AZMTZ,Two year,No,Bank transfer (automatic),20.1,Low,1078.75,Medium Value,No
0003-MKNFE,Month-to-month,No,Mailed check,59.9,Medium,542.4,Low Value,Yes
0975-UYDTX,One year,Yes,Credit card (automatic),90.1,Very High,2312.55,Medium Value,No
7743-EXURX,Month-to-month,Yes,Electronic check,51.05,Medium,415.05,Low Value,Yes
4682-BLBUC,One year,Yes,Electronic check,70.95,High,3250.45,High Value,No
0975-VOOVL,Month-to-month,No,Mailed check,29.2,Low,98.5,Low Value,Yes
5968-VXZLG,Month-to-month,Yes,Bank transfer (automatic),46.6,Medium,87.9,Low Value,Yes
5569-KGJHX,Month-to-month,Yes,Bank transfer (automatic),85.35,High,754.65,Medium Value,Yes
4988-IQIGL,Month-to-month,Yes,Electronic check,75.35,High,75.35,Low Value,Yes
5201-FRKKS,Month-to-month,No,Bank transfer (automatic),74.3,High,1952.25,Medium Value,Yes
9799-CAYJJ,Month-to-month,Yes,Electronic check,69.3,Medium,153.8,Low Value,Yes
7730-IUTDZ,Month-to-month,Yes,Electronic check,75.2,High,3198.6,High Value,Yes
0426-TIRNE,Month-to-month,No,Mailed check,20.9,Low,20.9,Low Value,Yes
5443-SCMKX,One year,Yes,Electronic check,94.3,Very High,5610.15,High Value,No
8295-KMENE,Two year,Yes,Mailed check,76.45,High,4519.5,High Value,No
6738-ISCBM,One year,Yes,Electronic check,54,Medium,2440.25,Medium Value,No
9821-BESNZ,One year,Yes,Electronic check,104.25,Very High,6860.6,High Value,No
3678-MNGZX,Two year,No,Bank transfer (automatic),19.95,Low,1377.7,Medium Value,No
1335-NTIUC,Month-to-month,Yes,Electronic check,24.95,Low,190.25,Low Value,Yes
2916-BQZLN,Month-to-month,Yes,Electronic check,84.75,High,1651.95,Medium Value,Yes
4558-CGYCZ,Month-to-month,No,Mailed check,19.75,Low,78.3,Low Value,Yes
2368-GAKKQ,Two year,Yes,Bank transfer (automatic),113.65,Very High,7939.25,High Value,No
8710-YGLWG,Month-to-month,Yes,Mailed check,44.9,Medium,44.9,Low Value,Yes
3199-XGZCY,Month-to-month,Yes,Electronic check,75.25,High,576.7,Low Value,Yes
3785-KTYSH,Two year,No,Mailed check,24.6,Low,1279,Medium Value,No
6814-ZPWFQ,One year,No,Bank transfer (automatic),25,Low,1260.7,Medium Value,No
4063-EIKNQ,Month-to-month,No,Bank transfer (automatic),20.95,Low,267.35,Low Value,Yes
6993-YCOBK,Two year,Yes,Electronic check,110.6,Very High,6586.85,High Value,No
5206-HPJKM,Month-to-month,Yes,Credit card (automatic),55.5,Medium,934.15,Medium Value,Yes
7587-RZNME,Month-to-month,Yes,Electronic check,43.3,Medium,123.65,Low Value,Yes
0748-RDGGM,One year,Yes,Bank transfer (automatic),109.5,Very High,7534.65,High Value,No
8393-JMVMB,Month-to-month,No,Mailed check,19.45,Low,19.45,Low Value,Yes
5019-GQVCR,Month-to-month,Yes,Electronic check,84.85,High,3645.6,High Value,Yes
6036-TTFYU,Month-to-month,No,Mailed check,19.6,Low,314.45,Low Value,Yes
2550-AEVRU,One year,No,Electronic check,53.45,Medium,3053,High Value,No
0969-RGKCU,One year,No,Credit card (automatic),19.8,Low,677.05,Low Value,No
0378-CJKPV,Two year,No,Credit card (automatic),112.1,Very High,7965.95,High Value,No
4706-AXVKM,Month-to-month,Yes,Credit card (automatic),84.8,High,906.85,Medium Value,Yes
5889-JTMUL,Month-to-month,Yes,Electronic check,95.05,Very High,4888.7,High Value,Yes
9026-RNUJS,Month-to-month,No,Electronic check,50.35,Medium,237.25,Low Value,Yes
3746-EUBYR,Month-to-month,Yes,Bank transfer (automatic),74.6,High,74.6,Low Value,Yes
2332-EFBJY,Month-to-month,Yes,Mailed check,19.7,Low,342.4,Low Value,Yes
2880-FPNAE,Month-to-month,Yes,Electronic check,74.2,High,140.1,Low Value,Yes
1703-MGIAB,Month-to-month,Yes,Mailed check,69,Medium,1108,Medium Value,Yes
4311-QTTAI,One year,No,Credit card (automatic),19.35,Low,295.55,Low Value,No
9474-PHLYD,Month-to-month,Yes,Electronic check,59.45,Medium,892.65,Medium Value,Yes
4318-RAJVY,One year,Yes,Mailed check,19.8,Low,198.25,Low Value,No
2165-VOEGB,One year,Yes,Bank transfer (automatic),105.2,Very High,4822.85,High Value,No
3612-YUNGG,Two year,Yes,Credit card (automatic),109.2,Very High,6741.15,High Value,No
2254-DLXRI,Month-to-month,Yes,Mailed check,79.15,High,79.15,Low Value,Yes
5062-CJJKH,One year,No,Mailed check,53.65,Medium,1355.45,Medium Value,No
9028-LIHRP,Two year,No,Credit card (automatic),100.2,Very High,7209,High Value,No
2219-MVUSO,Month-to-month,Yes,Mailed check,45.15,Medium,438.4,Low Value,Yes
1053-MXTTK,Two year,Yes,Bank transfer (automatic),108.65,Very High,7726.35,High Value,No
1530-ZTDOZ,Month-to-month,No,Bank transfer (automatic),40.65,Medium,2070.75,Medium Value,Yes
1301-LOPVR,One year,Yes,Credit card (automatic),55.35,Medium,1636.95,Medium Value,No
0853-TWRVK,Two year,No,Bank transfer (automatic),105.6,Very High,7581.5,High Value,No
8914-RBTSB,Month-to-month,No,Electronic check,93.8,Very High,3019.5,High Value,Yes
6212-ATMLK,Month-to-month,Yes,Electronic check,95.7,Very High,4729.75,High Value,Yes
8200-LGKSR,Two year,No,Electronic check,83.2,High,6126.1,High Value,No
1568-BEKZM,Two year,No,Credit card (automatic),90.05,Very High,6333.4,High Value,No
0670-ANMUU,One year,No,Credit card (automatic),97.65,Very High,6687.85,High Value,No
6897-RWMUB,Two year,Yes,Bank transfer (automatic),68.05,Medium,4158.25,High Value,No
0963-ZBDRN,Month-to-month,Yes,Electronic check,96.2,Very High,3183.4,High Value,Yes
7594-RQHXR,Month-to-month,Yes,Electronic check,79.6,High,79.6,Low Value,Yes
6999-CHVCF,Two year,Yes,Bank transfer (automatic),102.1,Very High,7149.35,High Value,No
6134-KWTBV,Two year,No,Bank transfer (automatic),23.4,Low,1429.65,Medium Value,No
1077-HUUJM,Month-to-month,Yes,Electronic check,71.05,High,472.65,Low Value,Yes
6331-EWIEB,Month-to-month,Yes,Electronic check,85.25,High,1734.5,Medium Value,Yes
0895-LNKRC,One year,No,Mailed check,19.45,Low,113.5,Low Value,No
2045-BMBTJ,Month-to-month,Yes,Bank transfer (automatic),59.45,Medium,1884.65,Medium Value,Yes
8417-GSODA,One year,No,Bank transfer (automatic),92.2,Very High,2568.15,Medium Value,No
5171-EPLKN,Two year,No,Credit card (automatic),19.85,Low,470,Low Value,No
4452-QIIEB,Month-to-month,No,Mailed check,43.9,Medium,278.4,Low Value,Yes
5998-VVEJY,Month-to-month,Yes,Electronic check,80.5,High,2088.8,Medium Value,Yes
1624-NALOJ,Month-to-month,Yes,Electronic check,89.8,High,502.6,Low Value,Yes
6741-EGCBI,Month-to-month,Yes,Credit card (automatic),90.5,Very High,2595.85,Medium Value,Yes
7820-ZYGNY,One year,No,Credit card (automatic),90.45,Very High,5825.5,High Value,No
4317-VTEOA,Month-to-month,Yes,Electronic check,50.75,Medium,50.75,Low Value,Yes
9677-AVKED,One year,Yes,Electronic check,84.6,High,4449.75,High Value,No
1670-SVOWZ,Month-to-month,Yes,Credit card (automatic),89.65,High,1208.35,Medium Value,Yes
2227-JRSJX,Month-to-month,Yes,Bank transfer (automatic),99.15,Very High,1956.4,Medium Value,Yes
9847-HNVGP,One year,No,Mailed check,19.95,Low,310.6,Low Value,No
6696-YDAYZ,Two year,No,Mailed check,20.5,Low,290.55,Low Value,No
8980-WQFWL,Month-to-month,Yes,Electronic check,62.1,Medium,2096.1,Medium Value,Yes
1730-ZMAME,Month-to-month,Yes,Electronic check,79.5,High,2665,Medium Value,Yes
6506-EYCNH,Month-to-month,Yes,Bank transfer (automatic),19.55,Low,543.8,Low Value,Yes
4634-JLRJT,Month-to-month,Yes,Mailed check,20.35,Low,20.35,Low Value,Yes
9501-UKKNL,Month-to-month,Yes,Electronic check,51.7,Medium,3005.8,High Value,Yes
2560-QTSBS,One year,Yes,Bank transfer (automatic),23.3,Low,1623.15,Medium Value,No
7541-YLXCL,One year,Yes,Mailed check,65.4,Medium,2498.4,Medium Value,No
4795-WRNVT,Month-to-month,No,Mailed check,65.1,Medium,2586,Medium Value,Yes
6080-TCMYC,Month-to-month,Yes,Electronic check,81.2,High,3292.3,High Value,Yes
0260-ZDLGK,Month-to-month,Yes,Mailed check,72.9,High,651.4,Low Value,Yes
7860-UXCRM,Two year,No,Credit card (automatic),74.5,High,4674.55,High Value,No
6357-JJPQT,Month-to-month,Yes,Electronic check,80.5,High,232.35,Low Value,Yes
2292-XQWSV,One year,No,Mailed check,60.3,Medium,2448.5,Medium Value,No
9552-TGUZV,Month-to-month,Yes,Mailed check,75,High,658.1,Low Value,Yes
5913-INRQV,One year,No,Mailed check,90.15,Very High,3128.8,High Value,No
8722-NGNBH,Month-to-month,No,Mailed check,40,Medium,223.45,Low Value,Yes
6210-KBBPI,Month-to-month,Yes,Credit card (automatic),99.45,Very High,919.4,Medium Value,Yes
9643-YBLUR,Month-to-month,Yes,Credit card (automatic),69.05,Medium,653.95,Low Value,Yes
8734-FNWVH,Month-to-month,No,Bank transfer (automatic),59.7,Medium,1825.5,Medium Value,Yes
9447-YPTBX,One year,Yes,Bank transfer (automatic),19.85,Low,943.1,Medium Value,No
0133-BMFZO,Month-to-month,Yes,Electronic check,86.25,High,181.65,Low Value,Yes
6128-CZOMY,Month-to-month,Yes,Electronic check,45.65,Medium,45.65,Low Value,Yes
9540-JYROE,Month-to-month,Yes,Mailed check,70.1,Medium,551.35,Low Value,Yes
9026-LHEVG,Month-to-month,No,Electronic check,40.75,Medium,359.4,Low Value,Yes
2260-USTRB,Month-to-month,Yes,Bank transfer (automatic),70.2,Medium,115.95,Low Value,Yes
3656-TKRVZ,Month-to-month,No,Electronic check,55.35,Medium,165.2,Low Value,Yes
7011-CVEUC,Month-to-month,Yes,Credit card (automatic),95.7,Very High,2338.35,Medium Value,Yes
6185-TASNN,Month-to-month,No,Electronic check,46.3,Medium,46.3,Low Value,Yes
7925-PNRGI,Month-to-month,No,Mailed check,81.3,High,3541.1,High Value,Yes
8623-TMRBY,Month-to-month,Yes,Electronic check,84.2,High,4146.05,High Value,Yes
1552-CZCLL,Month-to-month,No,Credit card (automatic),20,Low,1087.25,Medium Value,Yes
3038-PQIUY,Month-to-month,Yes,Bank transfer (automatic),66.15,Medium,2522.4,Medium Value,Yes
1501-SGHBW,Month-to-month,No,Mailed check,45.85,Medium,81,Low Value,Yes
9313-CDOGY,Month-to-month,No,Electronic check,19.6,Low,717.3,Medium Value,Yes
8148-BPLZQ,Month-to-month,Yes,Electronic check,49.8,Medium,1734.2,Medium Value,Yes
2623-DRYAM,One year,Yes,Electronic check,101.75,Very High,7069.3,High Value,No
9987-LUTYD,One year,No,Mailed check,55.15,Medium,742.9,Medium Value,No
3208-YPIOE,Month-to-month,No,Electronic check,75.25,High,3017.65,High Value,Yes
4488-KQFDT,One year,Yes,Electronic check,103.95,Very High,6423,High Value,No
2612-RANWT,Month-to-month,Yes,Bank transfer (automatic),100.15,Very High,1164.3,Medium Value,Yes
5693-PIPCS,Two year,Yes,Credit card (automatic),99.65,Very High,4220.35,High Value,No
0491-KAPQG,Month-to-month,Yes,Electronic check,73.7,High,1558.7,Medium Value,Yes
1925-LFCZZ,One year,Yes,Bank transfer (automatic),50.05,Medium,2743.45,Medium Value,No
8039-EQPIM,Two year,No,Bank transfer (automatic),60.25,Medium,4055.5,High Value,No
6900-PXRMS,Month-to-month,No,Electronic check,105.75,Very High,2710.25,Medium Value,Yes
8707-RMEZH,One year,No,Credit card (automatic),87.3,High,6055.55,High Value,No
3346-BRMIS,Month-to-month,Yes,Electronic check,48.35,Medium,810.7,Medium Value,Yes
3209-ZPKFI,Month-to-month,No,Electronic check,54.25,Medium,2538.2,Medium Value,Yes
6479-VDGRK,Two year,No,Bank transfer (automatic),85.3,High,6129.2,High Value,No
9373-WSLOY,Month-to-month,Yes,Electronic check,50,Medium,1750.85,Medium Value,Yes
2933-FILNV,Month-to-month,Yes,Mailed check,24.4,Low,36.55,Low Value,Yes
3569-JFODW,Two year,No,Credit card (automatic),90.95,Very High,6652.45,High Value,No
9819-FBNSV,Month-to-month,Yes,Bank transfer (automatic),72.25,High,2575.45,Medium Value,Yes
9544-PYPSJ,Month-to-month,Yes,Credit card (automatic),96.1,Very High,6019.35,High Value,Yes
1591-XWLGB,Two year,No,Credit card (automatic),19.85,Low,1379.6,Medium Value,No
0396-UKGAI,Month-to-month,Yes,Bank transfer (automatic),55.3,Medium,1284.2,Medium Value,Yes
3243-ZHOHY,One year,No,Mailed check,20.1,Low,296.15,Low Value,No
5186-EJEGL,Month-to-month,Yes,Mailed check,69.5,Medium,653.25,Low Value,Yes
7527-QNRUS,Two year,Yes,Mailed check,25.15,Low,412.6,Low Value,No
9986-BONCE,Month-to-month,No,Bank transfer (automatic),20.95,Low,85.5,Low Value,Yes
2722-JMONI,Month-to-month,Yes,Electronic check,49.55,Medium,49.55,Low Value,Yes
2203-GHNWN,Month-to-month,Yes,Mailed check,79.65,High,1928.7,Medium Value,Yes
3878-AVSOQ,Month-to-month,Yes,Electronic check,71.25,High,71.25,Low Value,Yes
3258-SYSWS,Two year,No,Bank transfer (automatic),113.8,Very High,7845.8,High Value,No
5296-PSYVW,Two year,No,Electronic check,24.55,Low,1750.7,Medium Value,No
6319-QSUSR,Month-to-month,No,Credit card (automatic),19.7,Low,216.2,Low Value,Yes
4083-EUGRJ,Month-to-month,No,Mailed check,20.25,Low,178.5,Low Value,Yes
7579-OOPEC,Month-to-month,No,Credit card (automatic),50.15,Medium,115.1,Low Value,Yes
0512-FLFDW,One year,Yes,Credit card (automatic),100.5,Very High,6029,High Value,No
1771-OADNZ,Month-to-month,Yes,Electronic check,95.9,Very High,2745.2,Medium Value,Yes
0487-CRLZF,Two year,Yes,Bank transfer (automatic),74.45,High,3721.9,High Value,No
2107-FBPTK,Month-to-month,Yes,Electronic check,104.1,Very High,3121.1,High Value,Yes
9451-WLYRI,One year,No,Credit card (automatic),19.05,Low,990.45,Medium Value,No
8219-VYBVI,Two year,No,Mailed check,25,Low,1004.35,Medium Value,No
1991-VOPLL,Month-to-month,No,Mailed check,19.05,Low,157.65,Low Value,Yes
9738-QLWTP,One year,No,Electronic check,81.9,High,3219.75,High Value,No
1016-DJTSV,Month-to-month,Yes,Electronic check,69.7,Medium,572.85,Low Value,Yes
9419-IPPBE,One year,Yes,Electronic check,90.15,Very High,4554.85,High Value,No
0174-QRVVY,Two year,No,Credit card (automatic),25.35,Low,1847.55,Medium Value,No
5699-BNCAS,Two year,Yes,Mailed check,24.65,Low,1766.75,Medium Value,No
2900-PHPLN,Two year,Yes,Credit card (automatic),19.55,Low,1462.05,Medium Value,No
0612-RTZZA,Month-to-month,No,Electronic check,25.25,Low,25.25,Low Value,Yes
8106-GWQOK,Two year,Yes,Bank transfer (automatic),60,Medium,2193.2,Medium Value,No
8751-EDEKA,Month-to-month,No,Credit card (automatic),89.9,Very High,2433.5,Medium Value,Yes
6878-GGDWG,Month-to-month,No,Bank transfer (automatic),19.4,Low,641.15,Low Value,Yes
4039-PIMHX,Two year,No,Mailed check,49.8,Medium,2398.4,Medium Value,No
8450-LUGUK,Two year,Yes,Bank transfer (automatic),24.1,Low,861.85,Medium Value,No
3604-WLABM,Month-to-month,No,Electronic check,54.25,Medium,583,Low Value,Yes
0795-GMVQO,One year,No,Credit card (automatic),109.9,Very High,7332.4,High Value,No
2259-OUUSZ,One year,Yes,Credit card (automatic),35.5,Low,249.55,Low Value,No
1142-IHLOO,One year,No,Credit card (automatic),87.55,High,4475.9,High Value,No
6410-LEFEN,Month-to-month,No,Electronic check,45.15,Medium,416.45,Low Value,Yes
4633-MKHYU,Month-to-month,Yes,Mailed check,88.4,High,788.6,Medium Value,Yes
6257-RJOHI,Month-to-month,Yes,Mailed check,50.8,Medium,202.3,Low Value,Yes
1545-JFUML,Two year,Yes,Electronic check,99,Very High,6994.6,High Value,No
3194-ORPIK,Month-to-month,Yes,Bank transfer (automatic),84.4,High,4116.15,High Value,Yes
7826-VVKWT,Two year,Yes,Electronic check,96.55,Very High,2263.45,Medium Value,No
1353-GHZOS,One year,Yes,Bank transfer (automatic),59.75,Medium,1374.35,Medium Value,No
2587-EKXTS,Month-to-month,Yes,Electronic check,111.5,Very High,4915.15,High Value,Yes
5442-BXVND,Month-to-month,No,Bank transfer (automatic),24.25,Low,838.5,Medium Value,Yes
8816-VXNZD,Month-to-month,Yes,Electronic check,75.1,High,75.1,Low Value,Yes
9378-FXTIZ,One year,Yes,Credit card (automatic),70.15,Medium,3715.65,High Value,No
1723-HKXJQ,Month-to-month,Yes,Electronic check,101.75,Very High,4273.45,High Value,Yes
7825-GKXMW,Month-to-month,No,Electronic check,45.8,Medium,45.8,Low Value,Yes
9753-OYLBX,Month-to-month,No,Mailed check,20.5,Low,20.5,Low Value,Yes
2364-UFROM,One year,No,Electronic check,70.4,High,2044.75,Medium Value,No
6656-JWRQX,Month-to-month,No,Mailed check,30.55,Low,30.55,Low Value,Yes
6473-ULUHT,Month-to-month,No,Electronic check,84.9,High,1398.25,Medium Value,Yes
1240-KNSEZ,Month-to-month,Yes,Mailed check,20.1,Low,20.1,Low Value,Yes
0836-SEYLU,Month-to-month,No,Mailed check,40.65,Medium,328.95,Low Value,Yes
4433-JCGCG,Month-to-month,Yes,Electronic check,101,Very High,4680.05,High Value,Yes
3716-BDVDB,Month-to-month,Yes,Electronic check,69.1,Medium,69.1,Low Value,Yes
7688-AWMDX,Two year,No,Bank transfer (automatic),54.5,Medium,3778.2,High Value,No
2842-BCQGE,Month-to-month,Yes,Credit card (automatic),75.35,High,3161.4,High Value,Yes
7244-QWYHG,One year,Yes,Bank transfer (automatic),44.45,Medium,2188.45,Medium Value,No
5899-MQZZL,Month-to-month,Yes,Mailed check,75,High,999.45,Medium Value,Yes
6849-OYAMU,One year,No,Bank transfer (automatic),100,Very High,1888.65,Medium Value,No
5312-UXESG,Month-to-month,No,Bank transfer (automatic),98.05,Very High,3990.6,High Value,Yes
9488-HGMJH,Month-to-month,Yes,Electronic check,71.15,High,71.15,Low Value,Yes
6038-GCYEC,Month-to-month,Yes,Credit card (automatic),54.15,Medium,1240.25,Medium Value,Yes
2150-WLKUW,One year,No,Bank transfer (automatic),63.9,Medium,2635,Medium Value,No
7159-FVYPK,Month-to-month,Yes,Bank transfer (automatic),69.15,Medium,235,Low Value,Yes
7032-LMBHI,One year,No,Bank transfer (automatic),64.65,Medium,2347.85,Medium Value,No
1150-WFARN,Two year,Yes,Credit card (automatic),108.75,Very High,7156.2,High Value,No
6088-BXMRG,Month-to-month,Yes,Electronic check,98.85,Very High,3089.6,High Value,Yes
3144-AUDBS,Month-to-month,Yes,Electronic check,49.15,Medium,270.8,Low Value,Yes
4821-SJHJV,Month-to-month,No,Electronic check,89.6,High,2901.8,High Value,Yes
7346-MEDWM,Month-to-month,Yes,Electronic check,83.25,High,4949.1,High Value,Yes
1137-DGOWI,One year,No,Bank transfer (automatic),70.25,Medium,2198.9,Medium Value,No
5616-PRTNT,Month-to-month,Yes,Electronic check,19.4,Low,374.5,Low Value,Yes
3812-LRZIR,Two year,No,Electronic check,24.5,Low,761.95,Medium Value,No
4818-QIUFN,Month-to-month,Yes,Electronic check,79.15,High,1520.9,Medium Value,Yes
9483-GCPWE,One year,No,Mailed check,20.1,Low,190.25,Low Value,No
4227-OJHAL,One year,Yes,Credit card (automatic),73,High,5163,High Value,No
9220-CXRSC,Two year,No,Credit card (automatic),61.4,Medium,4059.85,High Value,No
4993-JCRGJ,Month-to-month,Yes,Mailed check,84.3,High,2281.6,Medium Value,Yes
9537-JALFH,Two year,No,Bank transfer (automatic),19.9,Low,1356.7,Medium Value,No
6698-OXETB,Two year,No,Mailed check,20.4,Low,231.45,Low Value,No
2103-ZRXFN,Month-to-month,No,Mailed check,50.75,Medium,50.75,Low Value,Yes
3724-BSCVH,One year,No,Mailed check,20.45,Low,242.4,Low Value,No
4877-TSOFF,One year,Yes,Bank transfer (automatic),75.75,High,4264.25,High Value,No
9209-NWPGU,One year,No,Electronic check,65.4,Medium,2774.55,High Value,No
6961-VCPMC,Month-to-month,Yes,Electronic check,80.4,High,3605.2,High Value,Yes
7306-YDSOI,Two year,Yes,Bank transfer (automatic),59.75,Medium,4069.9,High Value,No
5288-AHOUP,Month-to-month,Yes,Electronic check,78.5,High,874.2,Medium Value,Yes
6688-UZPWD,Month-to-month,Yes,Electronic check,102,Very High,1145.35,Medium Value,Yes
0655-YDGFJ,Month-to-month,No,Bank transfer (automatic),48.95,Medium,1323.7,Medium Value,Yes
8468-EHYJA,Month-to-month,Yes,Electronic check,99.65,Very High,5497.05,High Value,Yes
6823-SIDFQ,One year,No,Credit card (automatic),18.25,Low,534.7,Low Value,No
1097-FSPVW,Month-to-month,No,Credit card (automatic),54.55,Medium,2455.05,Medium Value,Yes
2839-RFSQE,Month-to-month,No,Mailed check,20.65,Low,38.7,Low Value,Yes
8328-SKJNO,One year,No,Bank transfer (automatic),40.65,Medium,947.4,Medium Value,No
7010-ZMVBF,Month-to-month,No,Mailed check,20.45,Low,357,Low Value,Yes
5201-CBWYG,One year,No,Bank transfer (automatic),24.8,Low,1476.25,Medium Value,No
0968-GSIKN,Month-to-month,Yes,Mailed check,70.8,High,70.8,Low Value,Yes
1965-DDBWU,Month-to-month,Yes,Credit card (automatic),89.05,High,1448.6,Medium Value,Yes
9057-SIHCH,Month-to-month,Yes,Electronic check,96.6,Very High,291.9,Low Value,Yes
6352-GIGGQ,One year,Yes,Bank transfer (automatic),88.8,High,5903.15,High Value,No
3635-QQRQD,Two year,Yes,Credit card (automatic),20.05,Low,1201.65,Medium Value,No
6771-XWBDM,Month-to-month,Yes,Credit card (automatic),104.5,Very High,5921.35,High Value,Yes
2897-DOVND,Month-to-month,Yes,Electronic check,69.8,Medium,146.65,Low Value,Yes
3082-YVEKW,Two year,Yes,Bank transfer (automatic),77.15,High,1759.4,Medium Value,No
0191-EQUUH,Two year,No,Bank transfer (automatic),35.05,Low,844.45,Medium Value,No
7134-HBPBS,Two year,Yes,Bank transfer (automatic),108.1,Very High,7774.05,High Value,No
3489-HHPFY,Month-to-month,Yes,Electronic check,84.05,High,134.05,Low Value,Yes
2926-JEJJC,One year,Yes,Bank transfer (automatic),20.2,Low,140.95,Low Value,No
8601-QACRS,Month-to-month,Yes,Mailed check,50.6,Medium,249.95,Low Value,Yes
4950-BDEUX,Month-to-month,No,Electronic check,49.2,Medium,1701.65,Medium Value,Yes
5789-LDFXO,One year,No,Electronic check,24.6,Low,592.65,Low Value,No
0508-OOLTO,Month-to-month,Yes,Electronic check,71.65,High,135.75,Low Value,Yes
2984-TBYKU,Two year,Yes,Credit card (automatic),104.9,Very High,7732.65,High Value,No
9822-WMWVG,Month-to-month,Yes,Electronic check,106.5,Very High,4282.4,High Value,Yes
2391-SOORI,Month-to-month,No,Electronic check,49.35,Medium,219.65,Low Value,Yes
9040-KZVWO,One year,No,Bank transfer (automatic),75.5,High,2018.1,Medium Value,No
2645-QTLMB,Month-to-month,Yes,Electronic check,94.25,Very High,669,Low Value,Yes
4806-HIPDW,Month-to-month,Yes,Electronic check,68.95,Medium,68.95,Low Value,Yes
1548-ARAGG,Month-to-month,Yes,Mailed check,58.5,Medium,224.85,Low Value,Yes
6339-RZCBJ,Two year,No,Credit card (automatic),78.9,High,3771.5,High Value,No
4424-TKOPW,Month-to-month,Yes,Electronic check,93.85,Very High,196.75,Low Value,Yes
4415-WNGVR,One year,Yes,Electronic check,79.2,High,943.85,Medium Value,No
2522-AHJXR,Month-to-month,Yes,Bank transfer (automatic),109.45,Very High,6572.85,High Value,Yes
0412-UCCNP,Two year,Yes,Electronic check,59.2,Medium,3175.85,High Value,No
1816-FLZDK,Month-to-month,No,Mailed check,29.15,Low,29.15,Low Value,Yes
7096-UCLNH,Month-to-month,No,Mailed check,20.05,Low,20.05,Low Value,Yes
8443-ZRDBZ,Month-to-month,Yes,Electronic check,76.05,High,318.9,Low Value,Yes
9136-ALYBR,Month-to-month,Yes,Mailed check,24.45,Low,24.45,Low Value,Yes
4615-PIVVU,Two year,No,Credit card (automatic),66.5,Medium,2762.75,High Value,No
8885-QSQBX,Month-to-month,No,Bank transfer (automatic),49.55,Medium,49.55,Low Value,Yes
7479-NITWS,Month-to-month,Yes,Credit card (automatic),89.35,High,631.85,Low Value,Yes
8617-ENBDS,Month-to-month,Yes,Credit card (automatic),73.6,High,232.5,Low Value,Yes
9385-NXKDA,Two year,Yes,Credit card (automatic),82.65,High,5919.35,High Value,No
0430-IHCDJ,Month-to-month,Yes,Electronic check,49,Medium,749.25,Medium Value,Yes
2959-MJHIC,Month-to-month,Yes,Electronic check,80.35,High,307.4,Low Value,Yes
6674-KVJHG,One year,No,Electronic check,25.2,Low,245.15,Low Value,No
1814-DKOLC,Month-to-month,No,Mailed check,25.45,Low,134.75,Low Value,Yes
4201-JMNGR,Month-to-month,Yes,Electronic check,55.8,Medium,55.8,Low Value,Yes
9351-HXDMR,Two year,Yes,Credit card (automatic),110.9,Very High,8240.85,High Value,No
3537-HPKQT,Month-to-month,Yes,Credit card (automatic),77.75,High,4266.4,High Value,Yes
2129-ALKBS,Month-to-month,Yes,Electronic check,26.2,Low,1077.5,Medium Value,Yes
5821-MMEIL,Two year,No,Bank transfer (automatic),19.9,Low,1115.6,Medium Value,No
5960-WPXQM,Month-to-month,Yes,Electronic check,79.05,High,79.05,Low Value,Yes
0684-AOSIH,Month-to-month,Yes,Electronic check,95,Very High,95,Low Value,Yes
8260-NGFNY,Month-to-month,No,Mailed check,25.2,Low,25.2,Low Value,Yes
1309-XGFSN,One year,Yes,Electronic check,80.85,High,4079.55,High Value,No
1866-RZZQS,Month-to-month,Yes,Electronic check,98.4,Very High,4187.75,High Value,Yes
6968-URWQU,One year,Yes,Mailed check,56.35,Medium,2391.15,Medium Value,No
4742-TXUEX,Two year,No,Bank transfer (automatic),19.3,Low,890.5,Medium Value,No
9631-XEYKE,Month-to-month,No,Bank transfer (automatic),50.4,Medium,137.25,Low Value,Yes
8631-NBHFZ,Two year,No,Credit card (automatic),79.4,High,5154.6,High Value,No
1335-MXCSE,Two year,Yes,Credit card (automatic),55.25,Medium,3119.9,High Value,No
8873-TMKGR,One year,No,Mailed check,19.1,Low,529.5,Low Value,No
8800-JOOCF,Month-to-month,Yes,Electronic check,84.05,High,966.55,Medium Value,Yes
1469-LBJQJ,Month-to-month,Yes,Electronic check,105.2,Very High,6936.85,High Value,Yes
4958-XCBDQ,Month-to-month,Yes,Electronic check,101.4,Very High,3496.3,High Value,Yes
8337-UPOAQ,Month-to-month,Yes,Electronic check,89.8,High,914.3,Medium Value,Yes
0064-YIJGF,Month-to-month,Yes,Bank transfer (automatic),75.75,High,1929,Medium Value,Yes
2386-OWURY,Month-to-month,Yes,Electronic check,95.3,Very High,5817.7,High Value,Yes
1725-IQNIY,Two year,No,Bank transfer (automatic),109.75,Very High,6110.2,High Value,No
0310-VQXAM,Month-to-month,No,Mailed check,19.85,Low,178.8,Low Value,Yes
6598-RFFVI,One year,No,Credit card (automatic),19.3,Low,28.3,Low Value,No
3453-RTHJQ,Month-to-month,Yes,Electronic check,69.1,Medium,435,Low Value,Yes
6712-OAWRH,Month-to-month,Yes,Electronic check,91.25,Very High,2351.8,Medium Value,Yes
6278-FEPBZ,Month-to-month,No,Mailed check,20.25,Low,186.15,Low Value,Yes
4280-DLSHD,Month-to-month,Yes,Mailed check,54.75,Medium,445.85,Low Value,Yes
1508-DFXCU,Month-to-month,Yes,Electronic check,81.45,High,912,Medium Value,Yes
8614-VGMMV,Month-to-month,Yes,Electronic check,49.1,Medium,679.55,Medium Value,Yes
7868-BGSZA,One year,Yes,Electronic check,80.2,High,3581.6,High Value,No
2800-QQUSO,Month-to-month,Yes,Electronic check,100.3,Very High,4222.95,High Value,Yes
2930-UOTMB,Month-to-month,No,Credit card (automatic),65.25,Medium,1994.3,Medium Value,Yes
7973-DZRKH,Two year,Yes,Credit card (automatic),90.95,Very High,5930.05,High Value,No
5914-DVBWJ,Month-to-month,Yes,Electronic check,85.45,High,1505.85,Medium Value,Yes
7698-YFGEZ,Month-to-month,No,Mailed check,20,Low,20,Low Value,Yes
2533-QVMSK,Two year,Yes,Electronic check,94.1,Very High,5638.3,High Value,No
9773-PEQBZ,Month-to-month,No,Electronic check,79.85,High,797.25,Medium Value,Yes
8644-XLFBW,Month-to-month,Yes,Electronic check,71.65,High,71.65,Low Value,Yes
0650-BWOZN,Month-to-month,Yes,Electronic check,73.55,High,1359.45,Medium Value,Yes
8625-AZYZY,Month-to-month,Yes,Electronic check,104.65,Very High,2542.45,Medium Value,Yes
7785-RDVIG,Month-to-month,No,Mailed check,19.3,Low,54.7,Low Value,Yes
9602-WCXPI,One year,No,Credit card (automatic),20.15,Low,989.05,Medium Value,No
2903-YYTBW,Month-to-month,No,Electronic check,44.55,Medium,44.55,Low Value,Yes
3620-MWJNE,Month-to-month,Yes,Mailed check,54.45,Medium,87.3,Low Value,Yes
8573-JGCZW,One year,Yes,Bank transfer (automatic),19.65,Low,351.55,Low Value,No
6837-HAEVO,Two year,Yes,Electronic check,105,Very High,7297.75,High Value,No
6701-YVNQG,Two year,Yes,Credit card (automatic),88.7,High,6301.7,High Value,No
9306-CPCBC,Month-to-month,Yes,Electronic check,74.25,High,210.3,Low Value,Yes
4304-XUMGI,Two year,Yes,Bank transfer (automatic),75.15,High,3822.45,High Value,No
9504-YAZWB,Two year,No,Mailed check,20.25,Low,1048.45,Medium Value,No
8819-ZBYNA,Two year,Yes,Credit card (automatic),109.1,Very High,6393.65,High Value,No
6174-NRBTZ,One year,Yes,Bank transfer (automatic),30.75,Low,1489.3,Medium Value,No
9481-IEBZY,Month-to-month,Yes,Credit card (automatic),112.9,Very High,8061.5,High Value,Yes
1833-VGRUM,Month-to-month,Yes,Electronic check,74.2,High,74.2,Low Value,Yes
6137-NICCO,Month-to-month,Yes,Mailed check,94.05,Very High,518.75,Low Value,Yes
9065-ZCPQX,Two year,No,Bank transfer (automatic),78.85,High,5763.15,High Value,No
6402-EJMWF,Month-to-month,Yes,Mailed check,55.3,Medium,238.5,Low Value,Yes
3620-EHIMZ,Two year,No,Mailed check,19.35,Low,1031.7,Medium Value,No
3213-VVOLG,Two year,No,Mailed check,25.35,Low,,,No
6870-ECSHE,One year,No,Mailed check,20.45,Low,34.8,Low Value,No
8747-UDCOI,Two year,No,Bank transfer (automatic),19.35,Low,1319.95,Medium Value,No
8374-XGEJJ,Month-to-month,Yes,Electronic check,101,Very High,4388.4,High Value,Yes
2656-TABEH,Month-to-month,Yes,Electronic check,100.2,Very High,420.2,Low Value,Yes
6946-LMSQS,One year,Yes,Electronic check,89.05,High,2177.45,Medium Value,No
4626-OZDTJ,One year,Yes,Credit card (automatic),78.65,High,3950.85,High Value,No
9169-BSVIN,Month-to-month,No,Bank transfer (automatic),74.75,High,827.05,Medium Value,Yes
2325-ZUSFD,One year,Yes,Bank transfer (automatic),70.1,Medium,3913.3,High Value,No
8194-PEEBY,One year,No,Mailed check,19.9,Low,533.5,Low Value,No
6872-HXFNF,One year,No,Bank transfer (automatic),58.35,Medium,3756.45,High Value,No
3932-CMDTD,One year,Yes,Electronic check,105.65,Very High,443.9,Low Value,No
7714-YXSMB,Month-to-month,Yes,Bank transfer (automatic),100.5,Very High,2599.95,Medium Value,Yes
8387-UGUSU,Month-to-month,No,Mailed check,20.05,Low,284.3,Low Value,Yes
1080-BWSYE,Two year,No,Credit card (automatic),25.65,Low,1740.8,Medium Value,No
4039-HEUNW,Month-to-month,Yes,Electronic check,96.5,Very High,3436.1,High Value,Yes
1194-HVAIF,Month-to-month,No,Credit card (automatic),95,Very High,2462.55,Medium Value,Yes
0812-WUPTB,Month-to-month,No,Mailed check,70.85,High,70.85,Low Value,Yes
3594-UVONA,One year,Yes,Credit card (automatic),85.95,High,3110.1,High Value,No
0004-TLHLJ,Month-to-month,Yes,Electronic check,73.9,High,280.85,Low Value,Yes
1767-TGTKO,Month-to-month,Yes,Electronic check,45.45,Medium,411.75,Low Value,Yes
8439-LTUGF,Month-to-month,Yes,Credit card (automatic),20,Low,198.6,Low Value,Yes
8805-JNRAZ,Month-to-month,No,Mailed check,49.2,Medium,103.7,Low Value,Yes
5089-IFSDP,Two year,Yes,Bank transfer (automatic),109.45,Very High,6144.55,High Value,No
6418-HNFED,Two year,Yes,Credit card (automatic),83.25,High,4089.45,High Value,No
0206-OYVOC,Two year,Yes,Mailed check,19.25,Low,864.2,Medium Value,No
7291-CDTMJ,Month-to-month,Yes,Bank transfer (automatic),19.65,Low,19.65,Low Value,Yes
7128-GGCNO,Month-to-month,No,Bank transfer (automatic),72.8,High,3249.4,High Value,Yes
0237-YFUTL,Month-to-month,Yes,Bank transfer (automatic),109.65,Very High,5405.8,High Value,Yes
7691-KGKGP,Month-to-month,No,Credit card (automatic),65,Medium,3363.8,High Value,Yes
6710-HSJRD,Month-to-month,Yes,Electronic check,114.1,Very High,7132.15,High Value,Yes
3675-EQOZA,Month-to-month,No,Bank transfer (automatic),20.65,Low,93.55,Low Value,Yes
0840-DCNZE,One year,Yes,Bank transfer (automatic),86.95,High,4138.9,High Value,No
1732-FEKLD,One year,Yes,Bank transfer (automatic),94.75,Very High,5121.75,High Value,No
9862-KJTYK,Month-to-month,Yes,Credit card (automatic),25.35,Low,566.1,Low Value,Yes
0479-HMSWA,Two year,Yes,Electronic check,105.45,Very High,2715.3,Medium Value,No
5854-KSRBJ,Two year,No,Mailed check,25.4,Low,1782.05,Medium Value,No
0365-BZUWY,Month-to-month,Yes,Electronic check,102.55,Very High,1742.5,Medium Value,Yes
4817-VYYWS,Month-to-month,Yes,Electronic check,100.2,Very High,2983.8,High Value,Yes
5701-SVCWR,Month-to-month,No,Mailed check,24,Low,24,Low Value,Yes
3129-AAQOU,Two year,No,Mailed check,25.6,Low,485.9,Low Value,No
4922-CVPDX,Two year,Yes,Credit card (automatic),73.5,High,1905.7,Medium Value,No
1396-QWFBJ,Month-to-month,Yes,Bank transfer (automatic),74.05,High,1565.7,Medium Value,Yes
1357-BIJKI,One year,Yes,Electronic check,98.25,Very High,4858.7,High Value,No
1099-BTKWT,One year,Yes,Electronic check,54.4,Medium,3723.65,High Value,No
5299-SJCZT,Month-to-month,Yes,Bank transfer (automatic),101.55,Very High,298.35,Low Value,Yes
2018-PZKMU,Month-to-month,No,Electronic check,103.1,Very High,970.45,Medium Value,Yes
7340-KEFQE,Two year,No,Bank transfer (automatic),34.2,Low,1782,Medium Value,No
4570-QHXHL,Month-to-month,Yes,Electronic check,43.75,Medium,405.7,Low Value,Yes
2403-BCASL,One year,Yes,Electronic check,111.95,Very High,4534.9,High Value,No
7392-YYPYJ,Month-to-month,Yes,Electronic check,100.65,Very High,2415.95,Medium Value,Yes
2898-LSJGD,One year,Yes,Electronic check,55.95,Medium,1157.05,Medium Value,No
2223-GDSHL,Two year,Yes,Bank transfer (automatic),116.05,Very High,8297.5,High Value,No
7359-PTSXY,Month-to-month,No,Electronic check,45.75,Medium,45.75,Low Value,Yes
9470-RTWDV,One year,Yes,Credit card (automatic),82,High,2083.1,Medium Value,No
2176-OSJUV,Two year,No,Bank transfer (automatic),65.15,Medium,4681.75,High Value,No
9348-YVOMK,Month-to-month,Yes,Credit card (automatic),44.8,Medium,176.2,Low Value,Yes
8104-OSKWT,Month-to-month,Yes,Electronic check,79.8,High,1001.2,Medium Value,Yes
4521-YEEHE,Month-to-month,Yes,Electronic check,88.85,High,1594.75,Medium Value,Yes
4090-KPJIP,Month-to-month,Yes,Electronic check,74.95,High,212.4,Low Value,Yes
3786-WOVKF,One year,Yes,Bank transfer (automatic),106.85,Very High,7677.4,High Value,No
4503-BDXBD,Month-to-month,No,Electronic check,74.95,High,815.5,Medium Value,Yes
6086-ESGRL,Month-to-month,No,Credit card (automatic),80.15,High,80.15,Low Value,Yes
2592-HODOV,One year,No,Credit card (automatic),19.3,Low,259.65,Low Value,No
3886-CERTZ,One year,Yes,Electronic check,109.25,Very High,8109.8,High Value,No
7995-ZHHNZ,One year,No,Credit card (automatic),56.1,Medium,2386.85,Medium Value,No
3824-RHKVR,Month-to-month,No,Credit card (automatic),19.7,Low,340.35,Low Value,Yes
5816-SCGFC,Month-to-month,Yes,Mailed check,51.3,Medium,419.35,Low Value,Yes
5989-AXPUC,Two year,No,Mailed check,118.6,Very High,7990.05,High Value,No
4979-HPRFL,Two year,No,Bank transfer (automatic),24.15,Low,1402.25,Medium Value,No
8590-OHDIW,One year,No,Mailed check,20.3,Low,749.35,Medium Value,No
8015-IHCGW,Two year,Yes,Electronic check,115.5,Very High,8425.15,High Value,No
2332-TODQS,One year,No,Credit card (automatic),25.05,Low,1171.5,Medium Value,No
9278-VZKCD,Month-to-month,Yes,Electronic check,109.1,Very High,5647.95,High Value,Yes
8008-OTEZX,One year,No,Mailed check,19.65,Low,708.8,Medium Value,No
2773-OVBPK,Two year,Yes,Bank transfer (automatic),111.3,Very High,7567.2,High Value,No
5999-LCXAO,Month-to-month,No,Mailed check,29.9,Low,29.9,Low Value,Yes
5206-XZZQI,Month-to-month,Yes,Mailed check,80.6,High,4348.1,High Value,Yes
4803-LBYPN,Month-to-month,No,Mailed check,20.8,Low,635.9,Low Value,Yes
5759-RCVCB,Month-to-month,No,Credit card (automatic),35.2,Low,108.95,Low Value,Yes
6372-RFVNS,Month-to-month,No,Electronic check,78.8,High,78.8,Low Value,Yes
2139-FQHLM,Month-to-month,No,Mailed check,89.95,Very High,1682.4,Medium Value,Yes
8261-GWDBQ,Two year,Yes,Bank transfer (automatic),116.05,Very High,6925.9,High Value,No
1093-YSWCA,Two year,No,Credit card (automatic),19.55,Low,223.15,Low Value,No
8938-UMKPI,Month-to-month,Yes,Electronic check,106.4,Very High,5127.95,High Value,Yes
0991-BRRFB,Month-to-month,No,Electronic check,49.4,Medium,874.8,Medium Value,Yes
3882-IYOIJ,Two year,No,Credit card (automatic),115.25,Very High,6758.45,High Value,No
8749-TZYEC,Two year,No,Credit card (automatic),24.8,Low,1874.3,Medium Value,No
1755-FZQEC,One year,No,Mailed check,19.9,Low,791.15,Medium Value,No
3115-JPJDD,One year,Yes,Credit card (automatic),81.25,High,4639.45,High Value,No
5600-KTXFM,Month-to-month,No,Mailed check,69.95,Medium,143.9,Low Value,Yes
3871-IKPYH,Month-to-month,No,Electronic check,69.1,Medium,69.1,Low Value,Yes
6319-IEJWJ,Month-to-month,Yes,Electronic check,90.2,Very High,1776.55,Medium Value,Yes
9025-AOMKI,Month-to-month,Yes,Bank transfer (automatic),93.55,Very High,536.4,Low Value,Yes
6339-TBELP,Two year,Yes,Credit card (automatic),86.4,High,6172,High Value,No
7964-YESJC,Month-to-month,No,Mailed check,66.3,Medium,1559.45,Medium Value,Yes
6173-GOLSU,Month-to-month,Yes,Credit card (automatic),94.65,Very High,6079,High Value,Yes
5275-SQEIZ,Month-to-month,Yes,Mailed check,80.85,High,80.85,Low Value,Yes
7716-YTYHG,One year,Yes,Mailed check,82.05,High,4029.95,High Value,No
9938-ZREHM,One year,No,Mailed check,72.1,High,2658.4,Medium Value,No
7950-XWOVN,Month-to-month,No,Mailed check,34.7,Low,383.55,Low Value,Yes
4390-KYULV,Month-to-month,Yes,Credit card (automatic),20.55,Low,51.15,Low Value,Yes
4647-MUZON,Month-to-month,Yes,Credit card (automatic),95.95,Very High,1745.5,Medium Value,Yes
9702-AIUJO,One year,Yes,Bank transfer (automatic),44.8,Medium,2230.85,Medium Value,No
8849-PRIQJ,One year,Yes,Electronic check,109.4,Very High,7281.6,High Value,No
8851-RAGOV,Month-to-month,Yes,Mailed check,71.05,High,1837.7,Medium Value,Yes
1304-NECVQ,Month-to-month,Yes,Electronic check,78.55,High,149.55,Low Value,Yes
5396-IZEPB,Month-to-month,No,Credit card (automatic),19.7,Low,180.7,Low Value,Yes
1729-VLAZJ,One year,No,Mailed check,40.25,Medium,411.45,Low Value,No
8285-ABVLB,Two year,No,Credit card (automatic),19.85,Low,1328.35,Medium Value,No
0701-TJSEF,Month-to-month,Yes,Bank transfer (automatic),68.25,Medium,576.95,Low Value,Yes
5712-VBOXD,Month-to-month,Yes,Credit card (automatic),20.15,Low,68.45,Low Value,Yes
6629-LADHQ,Month-to-month,No,Mailed check,50.95,Medium,123.05,Low Value,Yes
8945-GRKHX,Month-to-month,No,Electronic check,78.65,High,78.65,Low Value,Yes
1559-DTODC,Month-to-month,Yes,Bank transfer (automatic),25.15,Low,468.35,Low Value,Yes
4797-MIWUM,Month-to-month,Yes,Bank transfer (automatic),20.25,Low,174.7,Low Value,Yes
6959-UWKHF,Month-to-month,Yes,Electronic check,42.9,Medium,42.9,Low Value,Yes
8720-RQSBJ,Month-to-month,No,Electronic check,44,Medium,44,Low Value,Yes
4537-CIBHB,One year,No,Mailed check,20.25,Low,172.35,Low Value,No
3815-SLMEF,Month-to-month,No,Mailed check,34.25,Low,139.35,Low Value,Yes
5154-VEKBL,Month-to-month,No,Mailed check,58.5,Medium,539.85,Low Value,Yes
4324-AHJKS,Month-to-month,No,Credit card (automatic),55.8,Medium,300.4,Low Value,Yes
4355-CVPVS,One year,No,Bank transfer (automatic),88.9,High,4968,High Value,No
4495-LHSSK,Month-to-month,No,Mailed check,57.65,Medium,992.7,Medium Value,Yes
5655-JSMZM,Month-to-month,Yes,Electronic check,96.2,Very High,4718.25,High Value,Yes
5915-ANOEI,Two year,No,Mailed check,79.15,High,5536.5,High Value,No
9861-PDSZP,Two year,Yes,Credit card (automatic),108.05,Very High,7806.6,High Value,No
4505-EXZHB,Month-to-month,No,Electronic check,74.4,High,434.1,Low Value,Yes
7225-CBZPL,Month-to-month,Yes,Electronic check,94.8,Very High,1563.9,Medium Value,Yes
6704-UTUKK,Month-to-month,Yes,Electronic check,45.9,Medium,1332.4,Medium Value,Yes
4587-VVTOX,Month-to-month,Yes,Electronic check,105.3,Very High,545.2,Low Value,Yes
2019-HDCZY,Two year,No,Electronic check,102.6,Very High,6296.75,High Value,No
4652-NNHNY,Month-to-month,Yes,Bank transfer (automatic),73.85,High,1284.2,Medium Value,Yes
8788-DOXSU,One year,Yes,Bank transfer (automatic),61.35,Medium,3645.5,High Value,No
7404-JLKQG,Month-to-month,No,Electronic check,57.55,Medium,161.45,Low Value,Yes
7421-ZLUPA,Month-to-month,Yes,Mailed check,29.25,Low,226.95,Low Value,Yes
8972-HJWNV,Month-to-month,Yes,Electronic check,84.55,High,646.85,Low Value,Yes
3274-NSDWE,Two year,No,Credit card (automatic),19.6,Low,1441.65,Medium Value,No
2632-IVXVF,Two year,No,Credit card (automatic),111.75,Very High,7511.3,High Value,No
3692-JHONH,One year,Yes,Electronic check,106.5,Very High,5621.85,High Value,No
8915-NNTRC,Two year,Yes,Credit card (automatic),107.7,Very High,7919.8,High Value,No
5914-GXMDA,One year,No,Mailed check,19.3,Low,593.2,Low Value,No
7463-IFMQU,Two year,No,Bank transfer (automatic),20.05,Low,1423.65,Medium Value,No
2920-RNCEZ,Month-to-month,Yes,Credit card (automatic),69.95,Medium,69.95,Low Value,Yes
2541-YGPKE,One year,No,Credit card (automatic),63.7,Medium,2763.35,High Value,No
8515-OCTJS,Two year,No,Credit card (automatic),24.75,Low,692.1,Medium Value,No
5382-TEMLV,Month-to-month,Yes,Bank transfer (automatic),50.9,Medium,2298.55,Medium Value,Yes
3441-CGZJH,One year,Yes,Credit card (automatic),60.4,Medium,2640.55,Medium Value,No
9592-ERDKV,One year,No,Mailed check,79.25,High,2911.8,High Value,No
2860-RANUS,Month-to-month,Yes,Credit card (automatic),85.8,High,1727.5,Medium Value,Yes
5261-QSHQM,Month-to-month,Yes,Electronic check,24.45,Low,86.6,Low Value,Yes
4778-IZARL,Two year,Yes,Credit card (automatic),110.1,Very High,6705.7,High Value,No
0432-CAJZV,Month-to-month,No,Mailed check,90.7,Very High,237.65,Low Value,Yes
7008-LZVOZ,Two year,Yes,Credit card (automatic),25.3,Low,1672.35,Medium Value,No
8868-WOZGU,Month-to-month,Yes,Electronic check,105.7,Very High,2979.5,High Value,Yes
1200-TUZHR,Month-to-month,No,Electronic check,85.2,High,695.75,Medium Value,Yes
9365-CSLBQ,Two year,No,Mailed check,24.35,Low,1654.6,Medium Value,No
1334-FJSVR,Month-to-month,Yes,Electronic check,24.25,Low,24.25,Low Value,Yes
5884-FBCTL,Two year,No,Bank transfer (automatic),25.1,Low,1857.85,Medium Value,No
7130-CTCUS,Month-to-month,Yes,Bank transfer (automatic),54.55,Medium,825.1,Medium Value,Yes
6242-FEGFD,Two year,No,Mailed check,96.6,Very High,6424.25,High Value,No
7625-XCQRH,Month-to-month,Yes,Electronic check,76.5,High,837.95,Medium Value,Yes
6194-HBGQN,One year,Yes,Credit card (automatic),81.15,High,4126.2,High Value,No
7634-WSWDB,Month-to-month,Yes,Electronic check,38.5,Medium,330.8,Low Value,Yes
6986-IXNDM,Month-to-month,Yes,Electronic check,92.9,Very High,1337.45,Medium Value,Yes
1731-TVIUK,Month-to-month,Yes,Electronic check,93.5,Very High,362.2,Low Value,Yes
2987-BJXIK,Two year,No,Mailed check,84.7,High,5991.05,High Value,No
9769-TSBZE,Two year,No,Electronic check,66,Medium,4891.5,High Value,No
0406-BPDVR,One year,Yes,Credit card (automatic),101.5,Very High,5373.1,High Value,No
0618-XWMSS,Month-to-month,Yes,Bank transfer (automatic),74.9,High,2068.55,Medium Value,Yes
1395-WSWXR,Two year,No,Mailed check,20.75,Low,487.05,Low Value,No
6023-GSSXW,Two year,Yes,Credit card (automatic),61.45,Medium,4131.2,High Value,No
6752-APNJL,Month-to-month,No,Mailed check,54.5,Medium,2301.15,Medium Value,Yes
5276-KQWHG,Month-to-month,Yes,Electronic check,69.6,Medium,131.65,Low Value,Yes
0420-HLGXF,Month-to-month,Yes,Electronic check,99.75,Very High,4036,High Value,Yes
7446-KQISO,Two year,Yes,Bank transfer (automatic),109.75,Very High,4900.65,High Value,No
9823-EALYC,Two year,Yes,Bank transfer (automatic),80.85,High,5727.45,High Value,No
0582-AVCLN,Two year,No,Mailed check,20.3,Low,743.05,Medium Value,No
5803-NQJZO,Two year,Yes,Bank transfer (automatic),67.8,Medium,4804.65,High Value,No
2565-JSLRY,Month-to-month,Yes,Mailed check,24.05,Low,24.05,Low Value,Yes
2607-DHDAK,Two year,Yes,Credit card (automatic),19.8,Low,1414.65,Medium Value,No
1073-XXCZD,Two year,No,Bank transfer (automatic),25.7,Low,1443.65,Medium Value,No
0743-HRVFF,One year,Yes,Electronic check,56.15,Medium,2898.95,High Value,No
4006-HKYHO,Two year,Yes,Bank transfer (automatic),86.7,High,5309.5,High Value,No
3727-JEZTU,Month-to-month,No,Mailed check,20.4,Low,20.4,Low Value,Yes
8143-ETQTI,Two year,Yes,Mailed check,19.65,Low,451.55,Low Value,No
6689-KXGBO,Month-to-month,No,Electronic check,50.55,Medium,50.55,Low Value,Yes
9667-TKTVZ,Month-to-month,Yes,Mailed check,54.35,Medium,117.05,Low Value,Yes
3657-COGMW,Month-to-month,No,Credit card (automatic),108.1,Very High,5839.3,High Value,Yes
8570-KLJYJ,One year,No,Mailed check,54.45,Medium,1893.5,Medium Value,No
7754-IXRMC,Month-to-month,No,Mailed check,45.35,Medium,45.35,Low Value,Yes
9473-CBZOP,One year,No,Mailed check,59,Medium,1654.45,Medium Value,No
2969-WGHQO,One year,No,Electronic check,69.45,Medium,477.05,Low Value,No
6615-NGGZJ,Month-to-month,Yes,Electronic check,100.55,Very High,1415.55,Medium Value,Yes
4334-HOWRP,Two year,Yes,Credit card (automatic),64.95,Medium,4546,High Value,No
4255-DDUOU,Month-to-month,Yes,Mailed check,20.5,Low,20.5,Low Value,Yes
5863-OOKCL,Month-to-month,No,Mailed check,18.85,Low,163.2,Low Value,Yes
1686-STUHN,One year,No,Bank transfer (automatic),19.8,Low,849.9,Medium Value,No
1329-VHWNP,Month-to-month,No,Bank transfer (automatic),25.05,Low,189.95,Low Value,Yes
2984-MIIZL,Month-to-month,Yes,Bank transfer (automatic),74.8,High,321.9,Low Value,Yes
0266-GMEAO,Two year,Yes,Credit card (automatic),114.3,Very High,8058.55,High Value,No
5590-YRFJT,Month-to-month,Yes,Electronic check,24.45,Low,482.8,Low Value,Yes
5574-NXZIU,Two year,No,Credit card (automatic),109.2,Very High,7049.75,High Value,No
0019-GFNTW,Two year,No,Bank transfer (automatic),45.05,Medium,2560.1,Medium Value,No
4256-ZWTZI,Month-to-month,Yes,Mailed check,51,Medium,286.8,Low Value,Yes
8309-PPCED,Two year,Yes,Bank transfer (automatic),110.45,Very High,7982.5,High Value,No
4098-NAUKP,Month-to-month,Yes,Electronic check,84.65,High,5683.6,High Value,Yes
5196-WPYOW,One year,No,Mailed check,60.05,Medium,3994.05,High Value,No
4608-LCIMN,Month-to-month,No,Bank transfer (automatic),44.65,Medium,369.15,Low Value,Yes
1485-YDHMM,Month-to-month,Yes,Bank transfer (automatic),93.25,Very High,4631.7,High Value,Yes
4054-CUMIA,Month-to-month,Yes,Mailed check,20.25,Low,401.95,Low Value,Yes
0603-TPMIB,Two year,No,Mailed check,25.45,Low,1534.05,Medium Value,No
2525-GVKQU,Two year,No,Mailed check,20.6,Low,1093,Medium Value,No
8161-QYMTT,Month-to-month,Yes,Electronic check,94.1,Very High,701.3,Medium Value,Yes
9581-GVBXT,One year,No,Mailed check,34.8,Low,1980.3,Medium Value,No
5862-BRIXZ,Two year,Yes,Bank transfer (automatic),60.75,Medium,2893.4,High Value,No
5404-GGUKR,Month-to-month,Yes,Electronic check,51.35,Medium,262.3,Low Value,Yes
3308-JSGML,Two year,Yes,Credit card (automatic),64.05,Medium,3886.85,High Value,No
2126-GSEGL,Two year,Yes,Bank transfer (automatic),84.8,High,5917.55,High Value,No
3677-TNKIO,Month-to-month,Yes,Credit card (automatic),71,High,914,Medium Value,Yes
0440-QEXBZ,Month-to-month,Yes,Mailed check,50.15,Medium,2139.1,Medium Value,Yes
2434-EEVDB,Two year,Yes,Credit card (automatic),94.6,Very High,5948.7,High Value,No
6762-QVYJO,Two year,No,Mailed check,59.75,Medium,3624.35,High Value,No
6199-IWKGC,One year,No,Electronic check,100.25,Very High,4753.85,High Value,No
2675-DHUTR,Month-to-month,Yes,Electronic check,98.9,Very High,5780.7,High Value,Yes
8152-VETUR,Two year,Yes,Credit card (automatic),97.7,Very High,6869.7,High Value,No
9667-EQRXU,Month-to-month,Yes,Electronic check,40.3,Medium,1172.95,Medium Value,Yes
7446-YPODE,Month-to-month,No,Bank transfer (automatic),60.25,Medium,662.95,Low Value,Yes
9522-BNTHX,Month-to-month,Yes,Electronic check,56.25,Medium,1765.95,Medium Value,Yes
4676-WLUHT,Two year,No,Bank transfer (automatic),46.2,Medium,2431.95,Medium Value,No
3329-WDIOK,Month-to-month,Yes,Electronic check,50.6,Medium,155.35,Low Value,Yes
7980-MHFLQ,Two year,No,Mailed check,24.9,Low,1859.2,Medium Value,No
2873-ZLIWT,Month-to-month,Yes,Electronic check,84.85,High,3303.05,High Value,Yes
3415-TAILE,Month-to-month,No,Mailed check,65.7,Medium,134.35,Low Value,Yes
0757-WCUUZ,Two year,No,Credit card (automatic),63.35,Medium,3409.1,High Value,No
1629-DQQVB,Month-to-month,No,Bank transfer (automatic),50.1,Medium,709.5,Medium Value,Yes
1915-IOFGU,Month-to-month,No,Electronic check,70.5,High,70.5,Low Value,Yes
3045-XETSH,Month-to-month,Yes,Electronic check,94.85,Very High,953.45,Medium Value,Yes
0374-AACSZ,Month-to-month,No,Electronic check,50.15,Medium,50.15,Low Value,Yes
7239-HZZCX,Month-to-month,No,Mailed check,19.75,Low,19.75,Low Value,Yes
4872-VXRIL,One year,Yes,Bank transfer (automatic),64.65,Medium,3665.55,High Value,No
9140-CZQZZ,Two year,Yes,Bank transfer (automatic),79.6,High,5515.8,High Value,No
3423-HHXAO,One year,Yes,Mailed check,19.5,Low,272,Low Value,No
9938-TKDGL,Two year,Yes,Electronic check,99.55,Very High,6668,High Value,No
0531-ZZJWQ,Month-to-month,Yes,Electronic check,74,High,4052.4,High Value,Yes
6537-QLGEX,Month-to-month,Yes,Electronic check,38.9,Medium,664.4,Low Value,Yes
2688-BHGOG,Month-to-month,Yes,Electronic check,79.55,High,718.55,Medium Value,Yes
7683-CBDKJ,Month-to-month,Yes,Electronic check,65.45,Medium,937.6,Medium Value,Yes
0946-CLJTI,Month-to-month,Yes,Electronic check,98.7,Very High,5812.6,High Value,Yes
3160-TYXLT,Month-to-month,Yes,Bank transfer (automatic),46.3,Medium,2546.85,Medium Value,Yes
1325-USMEC,Two year,Yes,Credit card (automatic),99.35,Very High,6944.5,High Value,No
0916-QOFDP,Month-to-month,Yes,Electronic check,95.8,Very High,1346.3,Medium Value,Yes
0628-CNQRM,One year,Yes,Bank transfer (automatic),67.5,Medium,1544.05,Medium Value,No
5606-AMZBO,Month-to-month,Yes,Credit card (automatic),78.15,High,765.15,Medium Value,Yes
6199-IPCAO,Two year,No,Mailed check,26.1,Low,692.55,Medium Value,No
7665-TOALD,Month-to-month,Yes,Electronic check,69.6,Medium,69.6,Low Value,Yes
0112-QWPNC,One year,No,Electronic check,84.35,High,4059.35,High Value,No
0324-BRPCJ,Month-to-month,Yes,Electronic check,100.2,Very High,6851.65,High Value,Yes
2777-PHDEI,Month-to-month,No,Electronic check,78.05,High,78.05,Low Value,Yes
5640-CAXOA,One year,Yes,Credit card (automatic),40.35,Medium,1187.05,Medium Value,No
2235-EZAIK,Two year,No,Credit card (automatic),79.2,High,5401.9,High Value,No
3847-BAERP,Month-to-month,Yes,Mailed check,20.9,Low,247,Low Value,Yes
1196-AMORA,Month-to-month,No,Electronic check,73.6,High,520,Low Value,Yes
4282-YMKNA,Month-to-month,Yes,Electronic check,74.75,High,706.6,Medium Value,Yes
1453-RZFON,Month-to-month,No,Mailed check,49.9,Medium,49.9,Low Value,Yes
8263-OKETD,Month-to-month,Yes,Credit card (automatic),68.9,Medium,1370.35,Medium Value,Yes
0670-KDOMA,Month-to-month,Yes,Mailed check,20.25,Low,20.25,Low Value,Yes
2476-YGEFM,Month-to-month,Yes,Credit card (automatic),76,High,2215.25,Medium Value,Yes
8687-BAFGU,Month-to-month,No,Electronic check,74,High,74,Low Value,Yes
0641-EVBOJ,Month-to-month,Yes,Mailed check,82.3,High,214.4,Low Value,Yes
0829-XXPLX,Month-to-month,Yes,Bank transfer (automatic),89.4,High,1871.15,Medium Value,Yes
9974-JFBHQ,Month-to-month,Yes,Credit card (automatic),99.15,Very High,6171.2,High Value,Yes
5356-RHIPP,Month-to-month,Yes,Mailed check,20.2,Low,20.2,Low Value,Yes
6624-JDRDS,Month-to-month,No,Bank transfer (automatic),29.45,Low,161.45,Low Value,Yes
0608-JDVEC,Two year,No,Electronic check,19.8,Low,1013.2,Medium Value,No
9780-FKVVF,Month-to-month,Yes,Bank transfer (automatic),59.15,Medium,336.7,Low Value,Yes
1919-RTPQD,Month-to-month,No,Electronic check,44.75,Medium,333.65,Low Value,Yes
5214-NLTIT,Two year,Yes,Credit card (automatic),90.8,Very High,6511.8,High Value,No
3345-PBBFH,Month-to-month,Yes,Bank transfer (automatic),49.55,Medium,393.45,Low Value,Yes
5055-BRMNE,Two year,No,Credit card (automatic),106.7,Very High,7009.5,High Value,No
9189-JWSHV,Month-to-month,Yes,Electronic check,93.55,Very High,2264.05,Medium Value,Yes
2190-PHBHR,Two year,Yes,Credit card (automatic),94.45,Very High,6921.7,High Value,No
2650-GYRYL,One year,Yes,Bank transfer (automatic),19.45,Low,600.25,Low Value,No
0746-JTRFU,Month-to-month,Yes,Electronic check,25.05,Low,56.35,Low Value,Yes
5208-FVQKB,Two year,No,Mailed check,67.95,Medium,4664.15,High Value,No
7184-LRUUR,One year,No,Bank transfer (automatic),65.25,Medium,1441.8,Medium Value,No
6627-CFOSN,Month-to-month,Yes,Bank transfer (automatic),99.45,Very High,5623.7,High Value,Yes
3982-JGSFD,One year,Yes,Credit card (automatic),20.35,Low,695.85,Medium Value,No
1574-DYCWE,Two year,No,Mailed check,19.95,Low,1028.75,Medium Value,No
7247-XOZPB,One year,No,Bank transfer (automatic),77.4,High,4155.95,High Value,No
2466-FCCPT,One year,No,Bank transfer (automatic),19.7,Low,395.6,Low Value,No
6211-WWLTF,Two year,No,Credit card (automatic),99.7,Very High,6330.4,High Value,No
4826-TZEVA,Month-to-month,No,Credit card (automatic),74.8,High,2971.7,High Value,Yes
6016-NXBNJ,One year,Yes,Mailed check,19.15,Low,638,Low Value,No
9138-EFSMO,One year,No,Bank transfer (automatic),78.95,High,2034.25,Medium Value,No
0576-WNXXC,Month-to-month,Yes,Electronic check,95.55,Very High,2510.2,Medium Value,Yes
4632-XJMEX,One year,No,Credit card (automatic),62.85,Medium,3419.5,High Value,No
8910-LEDAG,Month-to-month,No,Credit card (automatic),71.55,High,2427.35,Medium Value,Yes
3452-GWUIN,Month-to-month,Yes,Electronic check,94.95,Very High,1760.25,Medium Value,Yes
2716-GFZOR,Month-to-month,Yes,Credit card (automatic),86.1,High,3551.65,High Value,Yes
3724-UCSHY,Month-to-month,No,Mailed check,19.55,Low,122.9,Low Value,Yes
8626-XHBIE,Two year,Yes,Mailed check,24.8,Low,1424.2,Medium Value,No
4628-CTTLA,Month-to-month,Yes,Electronic check,39.3,Medium,2111.45,Medium Value,Yes
3192-LNKRK,Month-to-month,Yes,Mailed check,84.05,High,2909.95,High Value,Yes
4439-YRNVD,Month-to-month,No,Electronic check,36.25,Medium,374,Low Value,Yes
2876-VBBBL,Month-to-month,Yes,Mailed check,20.25,Low,20.25,Low Value,Yes
6834-NXDCA,Month-to-month,Yes,Electronic check,23.9,Low,300.8,Low Value,Yes
2208-UGTGR,Month-to-month,No,Electronic check,98.6,Very High,5581.05,High Value,Yes
3005-TYFRD,Month-to-month,Yes,Credit card (automatic),103.65,Very High,5676.65,High Value,Yes
8670-MEFCP,Two year,Yes,Credit card (automatic),92.9,Very High,3379.25,High Value,No
3079-BCHLN,One year,No,Bank transfer (automatic),19.9,Low,942.95,Medium Value,No
7777-UNYHB,Month-to-month,Yes,Credit card (automatic),20.1,Low,232.4,Low Value,Yes
5597-GLBUC,Month-to-month,Yes,Electronic check,85.45,High,85.45,Low Value,Yes
7278-CKDNC,Month-to-month,Yes,Electronic check,80.5,High,2088.45,Medium Value,Yes
2748-MYRVK,One year,No,Bank transfer (automatic),99.9,Very High,6137,High Value,No
8450-UYIBU,Month-to-month,Yes,Electronic check,39.85,Medium,1434.6,Medium Value,Yes
2969-VAPYH,One year,No,Credit card (automatic),60.5,Medium,3870,High Value,No
4822-YCXMX,Month-to-month,Yes,Electronic check,84.8,High,2043.45,Medium Value,Yes
7181-OQCUT,Month-to-month,No,Mailed check,103.85,Very High,2215,Medium Value,Yes
8474-UMLNT,Month-to-month,No,Bank transfer (automatic),67.8,Medium,842.25,Medium Value,Yes
9821-POOTN,Month-to-month,Yes,Electronic check,75.2,High,2576.2,Medium Value,Yes
3836-FZSDJ,Two year,No,Bank transfer (automatic),24.85,Low,1901,Medium Value,No
9142-XMYJH,Month-to-month,No,Credit card (automatic),19.35,Low,601.6,Low Value,Yes
6559-ILWKJ,Two year,No,Electronic check,49.35,Medium,3515.25,High Value,No
0187-QSXOE,Month-to-month,Yes,Electronic check,89,High,605.45,Low Value,Yes
7733-UDMTP,Month-to-month,Yes,Electronic check,55,Medium,3094.05,High Value,Yes
2649-HWLYB,Two year,No,Bank transfer (automatic),76.15,High,4929.55,High Value,No
5214-CHIWJ,One year,No,Mailed check,20.3,Low,595.05,Low Value,No
4229-CZMLL,Month-to-month,Yes,Electronic check,74.9,High,469.8,Low Value,Yes
6904-JLBGY,Two year,Yes,Credit card (automatic),117.35,Very High,8436.25,High Value,No
2465-BLLEU,Month-to-month,Yes,Mailed check,19.75,Low,19.75,Low Value,Yes
1685-VAYJF,Month-to-month,No,Credit card (automatic),45.2,Medium,492,Low Value,Yes
8874-EJNSR,Two year,No,Mailed check,25.2,Low,987.95,Medium Value,No
6917-YACBP,Month-to-month,Yes,Electronic check,89.75,High,5496.9,High Value,Yes
5049-MUBWG,One year,No,Bank transfer (automatic),75,High,1908.35,Medium Value,No
4223-WOZCM,Month-to-month,No,Mailed check,49.95,Medium,107.1,Low Value,Yes
0769-MURVM,Two year,No,Bank transfer (automatic),65.7,Medium,4575.35,High Value,No
9253-VIFJQ,One year,No,Credit card (automatic),67.05,Medium,4309.55,High Value,No
7030-FZTFM,Two year,No,Credit card (automatic),110.9,Very High,7922.75,High Value,No
9741-YLNTD,Month-to-month,Yes,Bank transfer (automatic),87.95,High,522.35,Low Value,Yes
5917-RYRMG,One year,No,Credit card (automatic),19.8,Low,587.7,Low Value,No
5120-ZBLAI,One year,No,Bank transfer (automatic),75.7,High,3876.2,High Value,No
1194-BHJYC,Two year,Yes,Mailed check,62.15,Medium,3778.85,High Value,No
3663-MITLP,Month-to-month,Yes,Electronic check,101.25,Very High,1457.25,Medium Value,Yes
0906-QVPMS,Two year,No,Bank transfer (automatic),115.15,Very High,8349.45,High Value,No
9025-ZRPVR,Month-to-month,Yes,Mailed check,18.95,Low,185.6,Low Value,Yes
1905-OEILC,Month-to-month,No,Mailed check,19.5,Low,19.5,Low Value,Yes
7858-GTZSP,Month-to-month,Yes,Electronic check,86.55,High,1066.9,Medium Value,Yes
3285-UCQVC,Month-to-month,No,Credit card (automatic),28.6,Low,973.55,Medium Value,Yes
6248-BSHKG,One year,No,Mailed check,20.4,Low,1226.45,Medium Value,No
4685-TFLLS,One year,No,Bank transfer (automatic),19.8,Low,342.3,Low Value,No
3470-BTGQO,Month-to-month,No,Mailed check,45.65,Medium,985.05,Medium Value,Yes
1209-VFFOC,Two year,Yes,Mailed check,56.4,Medium,3948.45,High Value,No
8224-DWCKX,Month-to-month,Yes,Credit card (automatic),73.3,High,828.05,Medium Value,Yes
5482-PLVPE,Month-to-month,No,Electronic check,24.35,Low,41.85,Low Value,Yes
4553-DVPZG,Month-to-month,Yes,Electronic check,101.35,Very High,6164.7,High Value,Yes
4902-OHLSK,Month-to-month,No,Electronic check,98.65,Very High,2862.75,High Value,Yes
6917-IAYHD,Month-to-month,No,Mailed check,33.6,Low,33.6,Low Value,Yes
0495-ZBNGW,Month-to-month,Yes,Bank transfer (automatic),79.9,High,343.95,Low Value,Yes
8620-RJPZN,Month-to-month,No,Electronic check,20.7,Low,20.7,Low Value,Yes
7572-KPVKK,Two year,Yes,Electronic check,104.05,Very High,6590.5,High Value,No
2642-MAWLJ,Two year,No,Bank transfer (automatic),20.25,Low,717.95,Medium Value,No
2357-COQEK,Month-to-month,Yes,Electronic check,103.3,Very High,2890.65,High Value,Yes
7103-ZGVNT,One year,No,Credit card (automatic),73.7,High,4885.85,High Value,No
3737-GCSPV,Month-to-month,Yes,Credit card (automatic),96.2,Very High,1222.05,Medium Value,Yes
2027-WKXMW,Month-to-month,Yes,Electronic check,108.75,Very High,6871.7,High Value,Yes
7137-NAXML,One year,No,Bank transfer (automatic),20.15,Low,405.6,Low Value,No
2428-ZMCTB,Month-to-month,No,Credit card (automatic),19.75,Low,208.25,Low Value,Yes
2961-VNFKL,Two year,Yes,Credit card (automatic),25.95,Low,1801.9,Medium Value,No
1768-HNVGJ,Month-to-month,Yes,Electronic check,70.05,Medium,3062.45,High Value,Yes
6963-KQYQB,Two year,No,Mailed check,24.05,Low,1764.75,Medium Value,No
5934-RMPOV,Month-to-month,Yes,Electronic check,84.75,High,1816.75,Medium Value,Yes
1207-BLKSA,Two year,No,Mailed check,23.05,Low,1255.1,Medium Value,No
4088-YLDSU,One year,Yes,Electronic check,104.15,Very High,5743.05,High Value,No
8316-BBQAY,Two year,No,Credit card (automatic),59.95,Medium,3921.1,High Value,No
1166-PQLGG,Two year,No,Bank transfer (automatic),19.55,Low,1463.45,Medium Value,No
3146-JTQHR,One year,No,Bank transfer (automatic),19.6,Low,189.45,Low Value,No
4291-YZODP,One year,No,Mailed check,20.05,Low,96.8,Low Value,No
4395-PZMSN,Month-to-month,Yes,Electronic check,85.55,High,408.5,Low Value,Yes
6427-FEFIG,Two year,No,Credit card (automatic),78.6,High,1846.65,Medium Value,No
0017-IUDMW,Two year,Yes,Credit card (automatic),116.8,Very High,8456.75,High Value,No
8706-HRADD,Month-to-month,Yes,Mailed check,43.55,Medium,1011.5,Medium Value,Yes
9955-QOPOY,One year,Yes,Credit card (automatic),60.8,Medium,4263.4,High Value,No
4385-ZKVNW,Month-to-month,Yes,Bank transfer (automatic),54.9,Medium,2549.1,Medium Value,Yes
5446-DKWYW,One year,Yes,Electronic check,65.2,Medium,3965.05,High Value,No
2034-CGRHZ,Month-to-month,Yes,Credit card (automatic),102.95,Very High,2496.7,Medium Value,Yes
5797-APWZC,Month-to-month,No,Electronic check,90.6,Very High,90.6,Low Value,Yes
3683-QKIUE,Month-to-month,Yes,Bank transfer (automatic),50.8,Medium,288.05,Low Value,Yes
4228-ZGYUW,Month-to-month,Yes,Electronic check,90.05,Very High,368.1,Low Value,Yes
9031-ZVQPT,Two year,Yes,Electronic check,108.2,Very High,7840.6,High Value,No
2990-IAJSV,Two year,No,Bank transfer (automatic),92,Very High,6632.75,High Value,No
8107-KNCIM,Month-to-month,Yes,Electronic check,75.1,High,1013.35,Medium Value,Yes
9027-YFHQJ,Month-to-month,Yes,Bank transfer (automatic),25.05,Low,152.95,Low Value,Yes
5176-LDKUH,One year,No,Electronic check,75.15,High,3772.65,High Value,No
4644-OBGFZ,One year,No,Mailed check,19.5,Low,1026.35,Medium Value,No
7926-IJOOU,Month-to-month,No,Credit card (automatic),19.3,Low,19.3,Low Value,Yes
6480-YAGIY,One year,No,Credit card (automatic),112.2,Very High,5031.85,High Value,No
4029-HPFVY,Month-to-month,Yes,Mailed check,70.3,Medium,220.4,Low Value,Yes
7602-DBTOU,Two year,No,Mailed check,19.6,Low,1416.5,Medium Value,No
5345-BMKWB,Month-to-month,No,Mailed check,20.25,Low,158.35,Low Value,Yes
3519-ZKXGG,Month-to-month,Yes,Electronic check,75.85,High,256.6,Low Value,Yes
5457-COLHT,Two year,No,Bank transfer (automatic),80.65,High,5542.55,High Value,No
6416-TVAIH,Month-to-month,Yes,Electronic check,68.5,Medium,68.5,Low Value,Yes
5451-YHYPW,Two year,Yes,Credit card (automatic),115.75,Very High,8443.7,High Value,No
5108-ADXWO,Month-to-month,Yes,Electronic check,73.5,High,791.75,Medium Value,Yes
7998-WNZEM,Two year,No,Bank transfer (automatic),80.6,High,5708.2,High Value,No
3066-RRJIO,Month-to-month,Yes,Mailed check,69.95,Medium,69.95,Low Value,Yes
4664-NJCMS,Two year,No,Bank transfer (automatic),59.55,Medium,2016.3,Medium Value,No
0307-BCOPK,One year,No,Mailed check,19.05,Low,326.65,Low Value,No
7629-WFGLW,One year,No,Electronic check,95.65,Very High,5471.75,High Value,No
2542-HYGIQ,Month-to-month,No,Credit card (automatic),19.95,Low,19.95,Low Value,Yes
6715-OFDBP,Month-to-month,Yes,Electronic check,70.05,Medium,346.4,Low Value,Yes
5016-LIPDW,One year,No,Mailed check,19.4,Low,1061.6,Medium Value,No
6481-LXPWL,One year,Yes,Credit card (automatic),36.1,Medium,1971.5,Medium Value,No
1567-DSCIC,Month-to-month,Yes,Electronic check,94,Very High,773.65,Medium Value,Yes
2150-UWTFY,Month-to-month,No,Mailed check,61.15,Medium,1422.05,Medium Value,Yes
6124-ACRHJ,Month-to-month,No,Mailed check,19.75,Low,19.75,Low Value,Yes
9362-MWODR,Month-to-month,Yes,Credit card (automatic),64.1,Medium,2460.35,Medium Value,Yes
9975-GPKZU,Two year,No,Credit card (automatic),19.75,Low,856.5,Medium Value,No
9625-RZFUK,Two year,No,Mailed check,19.7,Low,1275.85,Medium Value,No
5153-LXKDT,Two year,Yes,Electronic check,110.2,Very High,7467.5,High Value,No
5161-UBZXI,Two year,Yes,Credit card (automatic),106.35,Very High,7261.75,High Value,No
1020-JPQOW,Month-to-month,No,Electronic check,90.55,Very High,5116.6,High Value,Yes
7919-ZODZZ,One year,Yes,Mailed check,65.9,Medium,660.05,Low Value,No
0565-JUPYD,One year,No,Credit card (automatic),104.5,Very High,6590.8,High Value,No
6867-ACCZI,Two year,Yes,Mailed check,52.5,Medium,1208.15,Medium Value,No
5939-XAIXZ,Month-to-month,Yes,Mailed check,56.1,Medium,1033.9,Medium Value,Yes
9054-FOWNV,Month-to-month,Yes,Electronic check,88.75,High,1885.15,Medium Value,Yes
2683-BPJSO,Month-to-month,Yes,Electronic check,84.45,High,2467.1,Medium Value,Yes
2157-MXBJS,One year,Yes,Mailed check,75.3,High,989.45,Medium Value,No
8207-VVMYB,Two year,Yes,Bank transfer (automatic),26,Low,2006.95,Medium Value,No
9732-EQMWY,Month-to-month,No,Electronic check,99.4,Very High,5025,High Value,Yes
9360-AHGNL,One year,Yes,Mailed check,109.55,Very High,4830.25,High Value,No
1087-UDSIH,Month-to-month,Yes,Mailed check,19.6,Low,59.75,Low Value,Yes
5269-NRGDP,One year,No,Electronic check,73.15,High,3088.25,High Value,No
6195-MELTI,One year,Yes,Mailed check,54.65,Medium,3134.7,High Value,No
5485-WUYWF,Month-to-month,No,Bank transfer (automatic),66.4,Medium,94.55,Low Value,Yes
2121-JAFOM,Two year,Yes,Credit card (automatic),115.55,Very High,8312.4,High Value,No
8818-DOPVL,Month-to-month,Yes,Electronic check,104.45,Very High,4863.85,High Value,Yes
2632-UCGVD,Month-to-month,Yes,Credit card (automatic),100.05,Very High,6871.9,High Value,Yes
5445-PZWGX,One year,No,Electronic check,102,Very High,6529.25,High Value,No
1227-UDMZR,Two year,Yes,Bank transfer (automatic),91.15,Very High,6637.9,High Value,No
5198-HQAEN,One year,Yes,Electronic check,89.7,High,3165.6,High Value,No
9170-CCKOU,Month-to-month,No,Credit card (automatic),90.2,Very High,1454.15,Medium Value,Yes
2167-FQSTQ,Two year,Yes,Electronic check,92.4,Very High,6786.1,High Value,No
2819-GWENI,One year,No,Mailed check,19.9,Low,543,Low Value,No
1043-YCUTE,Two year,Yes,Credit card (automatic),25.15,Low,1327.15,Medium Value,No
3814-MLAXC,Month-to-month,Yes,Credit card (automatic),79.85,High,2404.15,Medium Value,Yes
3572-UUHRS,One year,No,Bank transfer (automatic),18.85,Low,867.3,Medium Value,No
2692-PFYTJ,Month-to-month,Yes,Mailed check,25.75,Low,25.75,Low Value,Yes
1226-UDFZR,Month-to-month,Yes,Mailed check,49.6,Medium,114.7,Low Value,Yes
5955-EPOAZ,Month-to-month,Yes,Mailed check,20.95,Low,109.5,Low Value,Yes
6821-JPCDC,One year,Yes,Electronic check,97.05,Very High,4692.95,High Value,No
8815-LMFLX,Month-to-month,Yes,Bank transfer (automatic),25.4,Low,546.85,Low Value,Yes
9135-HSWOC,Two year,Yes,Bank transfer (automatic),19.7,Low,1274.05,Medium Value,No
8582-KRHPJ,Month-to-month,Yes,Mailed check,35,Low,1782.4,Medium Value,Yes
5811-IWXYM,One year,No,Bank transfer (automatic),101.25,Very High,5301.1,High Value,No
7044-YAACC,Month-to-month,Yes,Electronic check,70.2,Medium,280.35,Low Value,Yes
8189-XRIKE,Month-to-month,No,Electronic check,90.95,Very High,2897.95,High Value,Yes
1506-YJTYT,Two year,No,Credit card (automatic),73.85,High,3371,High Value,No
4123-DVHPH,Month-to-month,Yes,Electronic check,88.05,High,801.3,Medium Value,Yes
6425-YQLLO,One year,Yes,Credit card (automatic),105.95,Very High,6975.25,High Value,No
5442-UTCVD,Month-to-month,No,Electronic check,91.85,Very High,257.05,Low Value,Yes
2228-BZDEE,Two year,No,Mailed check,20.1,Low,1079.45,Medium Value,No
7734-DBOAI,Month-to-month,No,Electronic check,40.1,Medium,40.1,Low Value,Yes
2789-CZANW,Two year,No,Bank transfer (automatic),110.3,Very High,6997.3,High Value,No
2091-RFFBA,Month-to-month,Yes,Electronic check,73.9,High,2217.15,Medium Value,Yes
2114-MGINA,Month-to-month,Yes,Mailed check,89.8,High,1129.1,Medium Value,Yes
7596-LDUXP,One year,Yes,Credit card (automatic),85.15,High,979.05,Medium Value,No
3740-RLMVT,One year,Yes,Bank transfer (automatic),60.95,Medium,4119.4,High Value,No
4489-SNOJF,Month-to-month,No,Electronic check,72.25,High,2568.55,Medium Value,Yes
2192-OZITF,Two year,No,Mailed check,73.55,High,3349.1,High Value,No
5651-CPDND,Month-to-month,No,Mailed check,46,Medium,492.1,Low Value,Yes
2186-QZEYA,Month-to-month,Yes,Bank transfer (automatic),58.55,Medium,1718.95,Medium Value,Yes
1131-ALZWV,One year,No,Bank transfer (automatic),24.6,Low,605.25,Low Value,No
7729-XBTWX,Two year,Yes,Mailed check,19.75,Low,1344.5,Medium Value,No
9134-WYRVP,One year,No,Mailed check,86.35,High,4267.15,High Value,No
3284-SVCRO,Two year,No,Mailed check,25.5,Low,1121.05,Medium Value,No
9732-OUYRN,One year,No,Credit card (automatic),19,Low,918.7,Medium Value,No
0559-CKHUS,Two year,Yes,Mailed check,19.55,Low,521.8,Low Value,No
2931-SVLTV,Month-to-month,Yes,Credit card (automatic),110.1,Very High,4469.1,High Value,Yes
6899-PPEEA,Month-to-month,Yes,Electronic check,96.55,Very High,3580.3,High Value,Yes
7504-UWHNB,Month-to-month,No,Electronic check,69.75,Medium,1729.35,Medium Value,Yes
2582-FFFZR,Month-to-month,Yes,Electronic check,50.6,Medium,1073.3,Medium Value,Yes
8908-NMQTX,Two year,Yes,Bank transfer (automatic),65.6,Medium,4566.5,High Value,No
2187-LZGPL,Month-to-month,Yes,Credit card (automatic),40.1,Medium,293.3,Low Value,Yes
1431-AIDJQ,Two year,No,Credit card (automatic),82.1,High,2603.1,Medium Value,No
6288-LBEAR,Month-to-month,Yes,Mailed check,79.1,High,1783.75,Medium Value,Yes
4597-NUCQV,Month-to-month,Yes,Electronic check,101.25,Very High,2440.15,Medium Value,Yes
9019-QVLZD,Month-to-month,No,Electronic check,79.55,High,79.55,Low Value,Yes
8413-YNHNV,Two year,No,Mailed check,90.65,Very High,6322.1,High Value,No
5808-TOTXO,One year,Yes,Credit card (automatic),20.55,Low,57.4,Low Value,No
4369-NYSCF,One year,Yes,Bank transfer (automatic),75.75,High,4284.65,High Value,No
6333-YDVLT,One year,Yes,Credit card (automatic),110,Very High,7138.65,High Value,No
5324-KTGCG,One year,No,Electronic check,20.85,Low,1539.75,Medium Value,No
5599-HVLTW,Month-to-month,Yes,Bank transfer (automatic),80.35,High,1058.1,Medium Value,Yes
7394-LWLYN,Month-to-month,Yes,Electronic check,70.15,Medium,123.8,Low Value,Yes
3707-LRWZD,One year,No,Electronic check,84.05,High,2781.85,High Value,No
6873-UDNLD,Month-to-month,No,Electronic check,67.45,Medium,2731,Medium Value,Yes
2700-LUEVA,Month-to-month,No,Credit card (automatic),20.75,Low,20.75,Low Value,Yes
1455-ESIQH,Month-to-month,Yes,Electronic check,89.1,High,89.1,Low Value,Yes
0958-YHXGP,Month-to-month,Yes,Mailed check,69.9,Medium,497.3,Low Value,Yes
1101-SSWAG,Month-to-month,Yes,Electronic check,51.1,Medium,711.15,Medium Value,Yes
2979-SXESE,Month-to-month,No,Electronic check,94.4,Very High,1607.2,Medium Value,Yes
4013-TLDHQ,Month-to-month,Yes,Electronic check,78.25,High,1490.95,Medium Value,Yes
5743-KHMNA,Two year,No,Bank transfer (automatic),25.55,Low,1898.1,Medium Value,No
4194-FJARJ,Two year,No,Bank transfer (automatic),60,Medium,3273.95,High Value,No
5325-UWTWJ,Month-to-month,Yes,Credit card (automatic),90.55,Very High,2929.75,High Value,Yes
3969-GYXEL,Month-to-month,No,Electronic check,76.4,High,838.7,Medium Value,Yes
9208-OLGAQ,Month-to-month,Yes,Electronic check,84.95,High,1443.65,Medium Value,Yes
3244-CQPHU,Two year,Yes,Bank transfer (automatic),110.1,Very High,7746.7,High Value,No
2674-MLXMN,Month-to-month,Yes,Credit card (automatic),99.65,Very High,6951.15,High Value,Yes
9708-HPXWZ,Month-to-month,No,Credit card (automatic),45.4,Medium,214.75,Low Value,Yes
6992-TKNYO,One year,No,Credit card (automatic),69,Medium,2669.45,Medium Value,No
4468-YDOVK,Month-to-month,Yes,Bank transfer (automatic),48.65,Medium,235.2,Low Value,Yes
3754-DXMRT,Month-to-month,Yes,Electronic check,44.15,Medium,92.65,Low Value,Yes
5792-JALQC,Two year,No,Bank transfer (automatic),59.85,Medium,3103.25,High Value,No
7130-VTEWQ,Month-to-month,Yes,Electronic check,75.75,High,606.25,Low Value,Yes
2200-DSAAL,Two year,Yes,Electronic check,80.65,High,5330.2,High Value,No
4302-ZYFEL,One year,Yes,Credit card (automatic),20.55,Low,1403.1,Medium Value,No
9351-LZYGF,Month-to-month,Yes,Credit card (automatic),66.4,Medium,2727.8,Medium Value,Yes
4366-CTOUZ,Two year,Yes,Mailed check,100.2,Very High,5038.45,High Value,No
6121-VZNQB,Month-to-month,Yes,Mailed check,19.1,Low,19.1,Low Value,Yes
7903-CMPEY,Month-to-month,Yes,Electronic check,80.3,High,80.3,Low Value,Yes
1518-OMDIK,Month-to-month,Yes,Credit card (automatic),44.55,Medium,1462.6,Medium Value,Yes
6671-NGWON,Month-to-month,No,Mailed check,20.35,Low,150.6,Low Value,Yes
0595-ITUDF,Month-to-month,Yes,Electronic check,91.8,Very High,5960.5,High Value,Yes
6996-KNSML,Month-to-month,Yes,Electronic check,74.9,High,74.9,Low Value,Yes
1955-IBMMB,Two year,Yes,Bank transfer (automatic),20.2,Low,1192.3,Medium Value,No
0096-BXERS,Month-to-month,No,Electronic check,50.35,Medium,314.55,Low Value,Yes
3806-YAZOV,Month-to-month,No,Mailed check,18.8,Low,56,Low Value,Yes
7998-ZLXWN,Month-to-month,No,Credit card (automatic),20.45,Low,330.8,Low Value,Yes
6253-WRFHY,One year,Yes,Electronic check,64.75,Medium,877.35,Medium Value,No
9133-AYJZG,Month-to-month,Yes,Credit card (automatic),98.7,Very High,2249.1,Medium Value,Yes
2675-OTVVJ,Month-to-month,No,Electronic check,89.45,High,2807.65,High Value,Yes
8680-CGLTP,One year,Yes,Electronic check,58.75,Medium,1696.2,Medium Value,No
8430-TWCBX,One year,No,Credit card (automatic),20.7,Low,1032.05,Medium Value,No
5018-GWURO,Month-to-month,Yes,Bank transfer (automatic),85.6,High,4902.8,High Value,Yes
6741-QRLUP,Two year,Yes,Credit card (automatic),80.3,High,4995.35,High Value,No
4737-HOBAX,Two year,No,Credit card (automatic),79.8,High,5034.05,High Value,No
0537-QYZZN,Month-to-month,Yes,Electronic check,79.85,High,1857.75,Medium Value,Yes
3340-QBBFM,One year,No,Credit card (automatic),54.1,Medium,1992.85,Medium Value,No
1704-NRWYE,Month-to-month,Yes,Electronic check,80.85,High,751.65,Medium Value,Yes
2592-SEIFQ,Month-to-month,No,Electronic check,24.75,Low,66.95,Low Value,Yes
8200-KLNYW,One year,No,Mailed check,80.9,High,1714.95,Medium Value,No
3372-CDXFJ,One year,No,Bank transfer (automatic),24.5,Low,343.6,Low Value,No
4781-ZXYGU,Month-to-month,Yes,Bank transfer (automatic),20.15,Low,20.15,Low Value,Yes
7632-YUTXB,One year,No,Mailed check,20.05,Low,520.1,Low Value,No
2718-YSKCS,Two year,Yes,Bank transfer (automatic),19.6,Low,1387.45,Medium Value,No
9896-UYMIE,One year,Yes,Bank transfer (automatic),114.3,Very High,7383.7,High Value,No
0853-NWIFK,One year,Yes,Electronic check,100.3,Very High,4483.95,High Value,No
8212-CRQXP,Month-to-month,Yes,Credit card (automatic),80,High,1706.45,Medium Value,Yes
6980-CDGFC,One year,Yes,Bank transfer (automatic),20.85,Low,1327.4,Medium Value,No
7691-XVTZH,Two year,Yes,Bank transfer (automatic),89.95,Very High,5974.3,High Value,No
2520-SGTTA,Two year,No,Mailed check,20,Low,,,No
7481-ATQQS,Month-to-month,Yes,Credit card (automatic),90.85,Very High,4515.85,High Value,Yes
2277-VWCNI,Month-to-month,No,Mailed check,48.75,Medium,179.85,Low Value,Yes
1088-CNNKB,One year,No,Credit card (automatic),80,High,5040.2,High Value,No
8642-GVWRF,Month-to-month,No,Bank transfer (automatic),79.7,High,165,Low Value,Yes
1930-BZLHI,One year,Yes,Mailed check,20.35,Low,422.7,Low Value,No
3400-ESFUW,Two year,No,Bank transfer (automatic),57.55,Medium,3046.4,High Value,No
5868-YTYKS,Month-to-month,Yes,Mailed check,20.25,Low,20.25,Low Value,Yes
3525-DVKFN,Two year,No,Mailed check,19.4,Low,358.05,Low Value,No
1482-OXZSY,Month-to-month,Yes,Bank transfer (automatic),100.4,Very High,2936.25,High Value,Yes
0377-JBKKT,Month-to-month,Yes,Mailed check,57.95,Medium,1271.8,Medium Value,Yes
5778-BVOFB,Month-to-month,Yes,Bank transfer (automatic),59.5,Medium,530.05,Low Value,Yes
3373-YZZYM,Month-to-month,No,Mailed check,19.2,Low,19.2,Low Value,Yes
2057-ZBLPD,Month-to-month,Yes,Electronic check,86.5,High,1808.7,Medium Value,Yes
0228-MAUWC,Month-to-month,No,Electronic check,59.55,Medium,1144.6,Medium Value,Yes
5502-RLUYV,Month-to-month,Yes,Electronic check,103.95,Very High,7446.9,High Value,Yes
0023-HGHWL,Month-to-month,Yes,Electronic check,25.1,Low,25.1,Low Value,Yes
7663-YJHSN,Two year,Yes,Bank transfer (automatic),103.95,Very High,7556.9,High Value,No
4915-BFSXL,Two year,No,Credit card (automatic),68.95,Medium,4858.7,High Value,No
3086-RUCRN,Month-to-month,Yes,Bank transfer (automatic),103.1,Very High,6595,High Value,Yes
5215-LNLDJ,Month-to-month,Yes,Electronic check,24.7,Low,149.05,Low Value,Yes
7576-JMYWV,Month-to-month,Yes,Electronic check,110.2,Very High,4972.1,High Value,Yes
9039-RBEEE,Month-to-month,Yes,Credit card (automatic),48.95,Medium,1880.85,Medium Value,Yes
0257-KXZGU,Month-to-month,No,Bank transfer (automatic),62.45,Medium,2045.55,Medium Value,Yes
1307-ATKGB,Month-to-month,Yes,Electronic check,89.55,High,2187.15,Medium Value,Yes
8417-FMLZI,Month-to-month,Yes,Credit card (automatic),83.55,High,477.55,Low Value,Yes
3714-XPXBW,Month-to-month,Yes,Credit card (automatic),78.9,High,2976.95,High Value,Yes
1850-AKQEP,Month-to-month,No,Mailed check,20.35,Low,178.7,Low Value,Yes
2824-DXNKN,Two year,Yes,Bank transfer (automatic),71.45,High,5025.85,High Value,No
5227-JSCFE,Two year,No,Credit card (automatic),46.35,Medium,3353.4,High Value,No
0848-ZGQIJ,Month-to-month,Yes,Bank transfer (automatic),94.65,Very High,1461.15,Medium Value,Yes
3621-CHYVB,Month-to-month,Yes,Bank transfer (automatic),49.9,Medium,2782.4,High Value,Yes
8042-RNLKO,One year,No,Bank transfer (automatic),25.45,Low,1699.15,Medium Value,No
1792-UXAFY,Month-to-month,Yes,Electronic check,89.15,High,1496.9,Medium Value,Yes
5372-FBKBN,Month-to-month,No,Mailed check,20.75,Low,452.2,Low Value,Yes
0420-TXVSG,Two year,Yes,Credit card (automatic),66.1,Medium,4428.45,High Value,No
6217-TOWGS,Month-to-month,Yes,Bank transfer (automatic),75.4,High,1322.55,Medium Value,Yes
0515-YPMCW,Month-to-month,Yes,Mailed check,70.45,High,70.45,Low Value,Yes
0378-XSZPU,One year,No,Credit card (automatic),60.3,Medium,3563.8,High Value,No
1045-LTCYT,Month-to-month,No,Credit card (automatic),21.05,Low,139.75,Low Value,Yes
1544-JJMYL,One year,No,Credit card (automatic),69.35,Medium,1927.3,Medium Value,No
4636-JGAAI,Month-to-month,No,Mailed check,88.85,High,3000.25,High Value,Yes
6874-SGLHU,One year,Yes,Bank transfer (automatic),97,Very High,3021.3,High Value,No
5951-AOFIH,Month-to-month,Yes,Credit card (automatic),66.4,Medium,2245.4,Medium Value,Yes
4729-XKASR,Month-to-month,No,Electronic check,24.75,Low,24.75,Low Value,Yes
3059-NGMXB,Month-to-month,No,Mailed check,69.2,Medium,944.65,Medium Value,Yes
8652-YHIYU,One year,Yes,Credit card (automatic),79.5,High,1264.2,Medium Value,No
5278-PNYOX,Two year,No,Credit card (automatic),100.65,Very High,4917.75,High Value,No
5449-FIBXJ,Month-to-month,No,Electronic check,103.3,Very High,2012.7,Medium Value,Yes
3486-HOOGQ,Two year,No,Bank transfer (automatic),79.7,High,5743.3,High Value,No
5061-PBXFW,Month-to-month,No,Bank transfer (automatic),61.4,Medium,1864.65,Medium Value,Yes
8630-FJLIB,Month-to-month,Yes,Electronic check,69.8,Medium,1221.65,Medium Value,Yes
3891-NLXJB,Two year,Yes,Mailed check,40.55,Medium,1390.85,Medium Value,No
4749-OJKQU,Month-to-month,Yes,Electronic check,75.65,High,302.35,Low Value,Yes
0577-WHMEV,Month-to-month,No,Electronic check,90.7,Very High,1374.9,Medium Value,Yes
5453-AXEPF,Month-to-month,Yes,Bank transfer (automatic),80.5,High,1336.9,Medium Value,Yes
3639-XJHKQ,Month-to-month,Yes,Electronic check,60.6,Medium,1297.8,Medium Value,Yes
3716-LRGXK,Two year,No,Credit card (automatic),101.15,Very High,6067.4,High Value,No
2263-SFSQZ,Two year,Yes,Mailed check,24.95,Low,1222.25,Medium Value,No
9950-MTGYX,Two year,Yes,Credit card (automatic),20.3,Low,487.95,Low Value,No
3397-AVTKU,Two year,Yes,Electronic check,60,Medium,2548.55,Medium Value,No
4825-FUREZ,Two year,No,Electronic check,20.25,Low,835.5,Medium Value,No
9837-BMCLM,Month-to-month,Yes,Electronic check,78.5,High,242.05,Low Value,Yes
2672-OJQZP,Month-to-month,No,Mailed check,44.75,Medium,44.75,Low Value,Yes
0137-UDEUO,Month-to-month,No,Mailed check,19.85,Low,63.75,Low Value,Yes
3134-DSHVC,Two year,No,Credit card (automatic),98,Very High,6218.45,High Value,No
6161-UUUTA,Month-to-month,Yes,Electronic check,79.9,High,260.9,Low Value,Yes
7821-DPRQE,Month-to-month,Yes,Electronic check,107.7,Very High,7320.9,High Value,Yes
6543-XRMYR,Month-to-month,Yes,Electronic check,99.7,Very High,2967.35,High Value,Yes
2001-EWBQU,Two year,No,Electronic check,104.7,Very High,6333.8,High Value,No
4925-LMHOK,Month-to-month,Yes,Credit card (automatic),58.6,Medium,939.7,Medium Value,Yes
1608-GMEWB,Month-to-month,Yes,Bank transfer (automatic),93.9,Very High,4200.25,High Value,Yes
6695-AMZUF,Two year,No,Credit card (automatic),86.45,High,5950.2,High Value,No
1455-UGQVH,Month-to-month,Yes,Electronic check,98.5,Very High,1037.75,Medium Value,Yes
8410-BGQXN,Month-to-month,No,Mailed check,19.4,Low,93.4,Low Value,Yes
8280-MQRQN,Month-to-month,Yes,Mailed check,50.45,Medium,50.45,Low Value,Yes
1619-YWUBB,Two year,Yes,Credit card (automatic),24.95,Low,1614.9,Medium Value,No
7611-YKYTC,Month-to-month,No,Bank transfer (automatic),75,High,1573.95,Medium Value,Yes
2037-SGXHH,Month-to-month,Yes,Electronic check,94.65,Very High,3624.3,High Value,Yes
3178-FESZO,Month-to-month,Yes,Credit card (automatic),100.25,Very High,100.25,Low Value,Yes
0365-GXEZS,Month-to-month,No,Electronic check,78.2,High,1468.75,Medium Value,Yes
0082-OQIQY,Month-to-month,Yes,Electronic check,94.2,Very High,2607.6,Medium Value,Yes
6087-MVHJH,Month-to-month,Yes,Electronic check,88.45,High,1422.1,Medium Value,Yes
4603-JANFB,Month-to-month,Yes,Electronic check,69.85,Medium,69.85,Low Value,Yes
3018-TFTSU,Month-to-month,No,Bank transfer (automatic),81.7,High,858.6,Medium Value,Yes
3606-SBKRY,One year,Yes,Electronic check,50.05,Medium,1523.4,Medium Value,No
4806-KEXQR,Month-to-month,Yes,Electronic check,79.9,High,324.3,Low Value,Yes
0667-NSRGI,One year,Yes,Mailed check,69.55,Medium,3435.6,High Value,No
7083-YNSKY,Month-to-month,Yes,Credit card (automatic),25.4,Low,399.6,Low Value,Yes
6893-ODYYE,One year,Yes,Credit card (automatic),90.1,Very High,4549.45,High Value,No
8242-JSVBO,Month-to-month,Yes,Bank transfer (automatic),44.65,Medium,322.5,Low Value,Yes
2479-BRAMR,Month-to-month,Yes,Bank transfer (automatic),83.75,High,3273.55,High Value,Yes
9541-ZPSEA,Two year,No,Credit card (automatic),80.35,High,5375.15,High Value,No
2665-NPTGL,Month-to-month,Yes,Bank transfer (automatic),98.1,Very High,2510.7,Medium Value,Yes
1139-WUOAH,Two year,No,Credit card (automatic),53.35,Medium,3090.05,High Value,No
4693-VWVBO,Month-to-month,No,Electronic check,19.55,Low,61.05,Low Value,Yes
7434-SHXLS,Month-to-month,No,Mailed check,20.9,Low,20.9,Low Value,Yes
6937-GCDGQ,One year,Yes,Bank transfer (automatic),48.95,Medium,955.6,Medium Value,No
0988-JRWWP,Month-to-month,Yes,Electronic check,54.2,Medium,140.4,Low Value,Yes
5075-JSDKI,Two year,No,Electronic check,24.45,Low,1493.1,Medium Value,No
7908-QCBCA,Month-to-month,Yes,Mailed check,69.4,Medium,69.4,Low Value,Yes
8644-XYTSV,Month-to-month,Yes,Bank transfer (automatic),40.15,Medium,1626.05,Medium Value,Yes
6711-FLDFB,Month-to-month,Yes,Electronic check,74.9,High,541.15,Low Value,Yes
3873-WOSBC,Two year,No,Credit card (automatic),25.6,Low,1784.9,Medium Value,No
7465-ZZRVX,Month-to-month,Yes,Electronic check,70.35,Medium,70.35,Low Value,Yes
7975-JMZNT,Two year,No,Bank transfer (automatic),91.7,Very High,6075.9,High Value,No
7251-XFOIL,Month-to-month,No,Mailed check,89.2,High,5500.6,High Value,Yes
4116-IQRFR,One year,No,Credit card (automatic),24.1,Low,73.1,Low Value,No
3714-JTVOV,Month-to-month,Yes,Credit card (automatic),74.15,High,3229.4,High Value,Yes
8259-DZLIZ,One year,Yes,Bank transfer (automatic),53.85,Medium,3399.85,High Value,No
0442-ZXKVS,One year,Yes,Bank transfer (automatic),115.6,Very High,6431.05,High Value,No
7853-WNZSY,Month-to-month,Yes,Credit card (automatic),19.75,Low,19.75,Low Value,Yes
3120-FAZKD,Two year,Yes,Bank transfer (automatic),24.05,Low,1230.9,Medium Value,No
8606-OEGQZ,Two year,No,Credit card (automatic),25.3,Low,454.65,Low Value,No
0225-ZORZP,Month-to-month,No,Electronic check,84.3,High,235.05,Low Value,Yes
4702-IOQDC,Month-to-month,Yes,Electronic check,70.1,Medium,70.1,Low Value,Yes
9489-JMTTN,Two year,No,Credit card (automatic),89.75,High,6595.9,High Value,No
0575-CUQOV,One year,Yes,Electronic check,97.95,Very High,5867,High Value,No
0967-BMLBD,One year,Yes,Mailed check,20,Low,196.35,Low Value,No
6178-KFNHS,Month-to-month,Yes,Electronic check,78.3,High,909.25,Medium Value,Yes
2830-LEWOA,One year,No,Credit card (automatic),103.9,Very High,6449.15,High Value,No
5006-MXVRN,Two year,No,Credit card (automatic),20.7,Low,762.45,Medium Value,No
1264-BYWMS,Month-to-month,Yes,Electronic check,96.8,Very High,5283.95,High Value,Yes
9658-WYUFB,Month-to-month,Yes,Electronic check,94.4,Very High,1617.5,Medium Value,Yes
8327-WKMIE,One year,No,Credit card (automatic),20.15,Low,785.75,Medium Value,No
6917-FIJHC,Two year,Yes,Mailed check,26,Low,1776,Medium Value,No
5329-KRDTM,Two year,No,Credit card (automatic),77.35,High,5396.25,High Value,No
7797-EJMDP,Month-to-month,No,Bank transfer (automatic),66.05,Medium,574.5,Low Value,Yes
3530-VWVGU,Month-to-month,No,Mailed check,19.9,Low,400.3,Low Value,Yes
2013-SGDXK,Month-to-month,No,Electronic check,84.3,High,84.3,Low Value,Yes
6368-NWMCE,Month-to-month,No,Credit card (automatic),68.15,Medium,2656.3,Medium Value,Yes
3633-CDBUW,One year,No,Electronic check,80.85,High,1445.95,Medium Value,No
0707-HOVVN,Two year,Yes,Bank transfer (automatic),75.5,High,5212.65,High Value,No
8580-QVLOC,Two year,No,Credit card (automatic),92.45,Very High,6440.25,High Value,No
3956-MGXOG,Month-to-month,Yes,Electronic check,80.6,High,2244.95,Medium Value,Yes
9274-UARKJ,Month-to-month,Yes,Bank transfer (automatic),83.2,High,1130,Medium Value,Yes
4077-HWUYD,Two year,Yes,Bank transfer (automatic),87.55,High,6463.15,High Value,No
2012-NWRPA,Month-to-month,Yes,Electronic check,99.55,Very High,1131.2,Medium Value,Yes
8808-ELEHO,Month-to-month,Yes,Electronic check,81.25,High,585.95,Low Value,Yes
0103-CSITQ,One year,Yes,Bank transfer (automatic),109.4,Very High,6252.7,High Value,No
3506-LCJDC,Month-to-month,No,Bank transfer (automatic),19.95,Low,19.95,Low Value,Yes
8671-KKKOS,Month-to-month,No,Electronic check,45.55,Medium,2062.15,Medium Value,Yes
7305-ZWMAJ,One year,No,Credit card (automatic),20.7,Low,587.1,Low Value,No
9518-XXBXE,Month-to-month,No,Electronic check,75.3,High,720.45,Medium Value,Yes
3934-HXCFZ,Month-to-month,Yes,Electronic check,99.25,Very High,2186.4,Medium Value,Yes
6578-KRMAW,Month-to-month,Yes,Credit card (automatic),93.4,Very High,2979.3,High Value,Yes
4860-IJUDE,Month-to-month,Yes,Credit card (automatic),73.75,High,956.65,Medium Value,Yes
7666-WKRON,Two year,Yes,Electronic check,80.45,High,3201.55,High Value,No
9688-YGXVR,Month-to-month,Yes,Credit card (automatic),88.15,High,3973.2,High Value,Yes
0423-UDIJQ,Month-to-month,No,Mailed check,49.2,Medium,447.9,Low Value,Yes
1945-XISKS,Two year,No,Mailed check,19.65,Low,1335.2,Medium Value,No
4910-AQFFX,Month-to-month,Yes,Bank transfer (automatic),79.35,High,661.25,Low Value,Yes
2154-KVJFF,Month-to-month,Yes,Electronic check,79.75,High,1111.85,Medium Value,Yes
5360-LJCNJ,Two year,Yes,Bank transfer (automatic),105.15,Very High,7555,High Value,No
2607-FBDFF,Month-to-month,No,Credit card (automatic),49,Medium,49,Low Value,Yes
9647-ERGBE,Month-to-month,Yes,Electronic check,100.05,Very High,3046.15,High Value,Yes
3428-XZMAZ,Month-to-month,Yes,Electronic check,69.35,Medium,69.35,Low Value,Yes
1100-DDVRV,Month-to-month,Yes,Mailed check,49.8,Medium,836.35,Medium Value,Yes
0378-TOVMS,Month-to-month,No,Electronic check,85.8,High,272.2,Low Value,Yes
4355-HBJHH,Two year,Yes,Electronic check,79.7,High,5293.4,High Value,No
6728-WYQBC,Month-to-month,No,Bank transfer (automatic),20.95,Low,20.95,Low Value,Yes
9058-CBREO,Month-to-month,No,Mailed check,50.55,Medium,50.55,Low Value,Yes
9029-FEGVJ,Month-to-month,No,Mailed check,79.3,High,2570,Medium Value,Yes
7216-KAOID,One year,No,Bank transfer (automatic),19.5,Low,798.2,Medium Value,No
0318-QUUOB,Month-to-month,Yes,Electronic check,80.55,High,80.55,Low Value,Yes
6145-NNPNO,Month-to-month,No,Bank transfer (automatic),44.15,Medium,44.15,Low Value,Yes
5520-FVEWJ,Month-to-month,Yes,Electronic check,84.5,High,916.9,Medium Value,Yes
5339-TJFEK,Month-to-month,Yes,Electronic check,105.5,Very High,6487.2,High Value,Yes
5572-ZDXHY,Month-to-month,Yes,Mailed check,84.3,High,1855.65,Medium Value,Yes
2074-GUHPQ,Month-to-month,Yes,Credit card (automatic),92.7,Very High,1556.85,Medium Value,Yes
4625-XMOYM,Two year,Yes,Bank transfer (automatic),26.25,Low,1988.05,Medium Value,No
5827-MWCZK,Month-to-month,Yes,Credit card (automatic),96.95,Very High,5432.2,High Value,Yes
1385-TQOZW,Month-to-month,Yes,Credit card (automatic),20.45,Low,147.55,Low Value,Yes
5914-XRFQB,Two year,Yes,Bank transfer (automatic),115.8,Very High,8424.9,High Value,No
4329-YPDDQ,Month-to-month,Yes,Bank transfer (automatic),108.2,Very High,2203.7,Medium Value,Yes
4804-NCPET,Two year,No,Mailed check,20.2,Low,387.4,Low Value,No
3750-CKVKH,Month-to-month,Yes,Electronic check,67.75,Medium,116.65,Low Value,Yes
5944-UGLLK,One year,No,Credit card (automatic),54.9,Medium,3045.75,High Value,No
8063-GBATB,Month-to-month,Yes,Electronic check,85.25,High,2287.25,Medium Value,Yes
7787-BNTZM,Month-to-month,No,Bank transfer (automatic),20.15,Low,130.5,Low Value,Yes
2252-ISRNH,One year,Yes,Electronic check,90.35,Very High,767.9,Medium Value,No
9415-TPKRV,Month-to-month,No,Electronic check,55.75,Medium,446.8,Low Value,Yes
5322-TEUJK,Two year,No,Bank transfer (automatic),114.6,Very High,8100.25,High Value,No
4547-KQRTM,Month-to-month,Yes,Bank transfer (automatic),80.05,High,830.7,Medium Value,Yes
4877-EVATK,Month-to-month,No,Mailed check,20,Low,20,Low Value,Yes
1866-DIOQZ,One year,No,Bank transfer (automatic),66.8,Medium,4689.15,High Value,No
8375-KVTHK,One year,Yes,Electronic check,100.3,Very High,6754.35,High Value,No
2697-NQBPF,Month-to-month,Yes,Electronic check,105.35,Very High,3540.65,High Value,Yes
3709-OIJEA,One year,Yes,Electronic check,85.2,High,2184.6,Medium Value,No
7639-SUPCW,Month-to-month,Yes,Credit card (automatic),48.8,Medium,1054.6,Medium Value,Yes
1386-ZIKUV,Month-to-month,Yes,Mailed check,18.95,Low,130.55,Low Value,Yes
0599-XNYDO,Month-to-month,Yes,Bank transfer (automatic),69.8,Medium,1540.35,Medium Value,Yes
6377-WHAOX,Month-to-month,Yes,Electronic check,106.15,Very High,6411.25,High Value,Yes
6855-VLGOS,Two year,No,Electronic check,20.55,Low,1432.55,Medium Value,No
8999-XXGNS,One year,Yes,Credit card (automatic),105.75,Very High,7629.85,High Value,No
8746-OQQRW,Month-to-month,No,Mailed check,25.25,Low,101.9,Low Value,Yes
3181-MIZBN,Month-to-month,No,Electronic check,19.75,Low,313.4,Low Value,Yes
0471-ARVMX,One year,Yes,Electronic check,104.85,Very High,6312.9,High Value,No
7766-CLTIC,Month-to-month,Yes,Mailed check,60.95,Medium,629.55,Low Value,Yes
5650-YLIBA,Month-to-month,Yes,Electronic check,81.15,High,2640.55,Medium Value,Yes
0825-CPPQH,Two year,No,Credit card (automatic),19.1,Low,1372.45,Medium Value,No
9084-OAYKL,Two year,No,Mailed check,20.8,Low,1212.25,Medium Value,No
6122-LJADA,Two year,Yes,Credit card (automatic),90.15,Very High,6237.05,High Value,No
2400-XIWIO,Two year,No,Electronic check,90.1,Very High,6310.9,High Value,No
7524-VRLPL,Two year,No,Credit card (automatic),74.1,High,5031,High Value,No
1069-XAIEM,Month-to-month,Yes,Electronic check,85.05,High,85.05,Low Value,Yes
7569-NMZYQ,Two year,Yes,Bank transfer (automatic),118.75,Very High,8672.45,High Value,No
5201-USSQZ,Month-to-month,No,Credit card (automatic),85.9,High,2196.45,Medium Value,Yes
2105-PHWON,Month-to-month,Yes,Credit card (automatic),95,Very High,3008.15,High Value,Yes
1494-EJZDW,Two year,No,Mailed check,20.15,Low,220.8,Low Value,No
4884-TVUQF,Two year,No,Credit card (automatic),101.3,Very High,5779.6,High Value,No
8003-EWNDZ,Month-to-month,Yes,Electronic check,21.2,Low,222.65,Low Value,Yes
1897-RCFUM,One year,Yes,Mailed check,24.2,Low,914.6,Medium Value,No
9256-JTBNZ,Month-to-month,No,Bank transfer (automatic),20.3,Low,246.3,Low Value,Yes
4658-HCOHW,Month-to-month,Yes,Electronic check,102.8,Very High,2110.15,Medium Value,Yes
2211-RMNHO,Two year,No,Bank transfer (automatic),85.3,High,5560,High Value,No
2432-TFSMK,One year,Yes,Credit card (automatic),89.6,High,1633,Medium Value,No
3440-JPSCL,Month-to-month,Yes,Mailed check,99.95,Very High,547.65,Low Value,Yes
4929-ROART,Month-to-month,No,Mailed check,56.25,Medium,969.85,Medium Value,Yes
1834-ABKHQ,One year,Yes,Bank transfer (automatic),50.95,Medium,2610.65,Medium Value,No
1741-WTPON,Two year,No,Mailed check,115.85,Very High,6567.9,High Value,No
3932-IJWDZ,Month-to-month,Yes,Bank transfer (automatic),103.65,Very High,4747.85,High Value,Yes
1240-HCBOH,Two year,Yes,Mailed check,26.1,Low,1759.55,Medium Value,No
3594-KADLU,Month-to-month,No,Mailed check,35.1,Low,101.1,Low Value,Yes
8065-BVEPF,Month-to-month,Yes,Bank transfer (automatic),99.1,Very High,6496.15,High Value,Yes
3796-ENZGF,Two year,No,Mailed check,67.25,Medium,4234.15,High Value,No
1734-ZMNTZ,Two year,No,Mailed check,25,Low,300.7,Low Value,No
2853-CWQFQ,Month-to-month,Yes,Mailed check,59.55,Medium,59.55,Low Value,Yes
0813-TAXXS,Two year,Yes,Bank transfer (automatic),77.8,High,4323.35,High Value,No
2519-TWKFS,One year,Yes,Mailed check,55.1,Medium,1466.1,Medium Value,No
2889-FPWRM,One year,Yes,Bank transfer (automatic),117.8,Very High,8684.8,High Value,No
0626-QXNGV,Two year,Yes,Credit card (automatic),24.15,Low,1776.45,Medium Value,No
6723-CEGQI,Two year,No,Mailed check,45.25,Medium,2933.95,High Value,No
6987-XQSJT,Month-to-month,Yes,Electronic check,79.5,High,4370.25,High Value,Yes
4732-RRJZC,Month-to-month,No,Mailed check,20.25,Low,144.35,Low Value,Yes
9499-XPZXM,Two year,No,Bank transfer (automatic),64.75,Medium,4804.75,High Value,No
4338-EYCER,Month-to-month,No,Bank transfer (automatic),54.6,Medium,1125.2,Medium Value,Yes
3007-FDPEA,Month-to-month,Yes,Bank transfer (automatic),20.7,Low,39.85,Low Value,Yes
6350-XFYGW,Month-to-month,Yes,Electronic check,94.75,Very High,422.4,Low Value,Yes
4290-BSXUX,Month-to-month,Yes,Bank transfer (automatic),79.65,High,251.75,Low Value,Yes
8513-OLYGY,Two year,No,Credit card (automatic),115.8,Very High,8332.15,High Value,No
0311-QYWSS,Month-to-month,Yes,Electronic check,49.45,Medium,314.6,Low Value,Yes
8705-DWKTI,Month-to-month,Yes,Credit card (automatic),83.8,High,4331.4,High Value,Yes
8755-IWJHN,Month-to-month,Yes,Bank transfer (automatic),95.35,Very High,6382,High Value,Yes
0325-XBFAC,Month-to-month,Yes,Electronic check,94.7,Very High,740.3,Medium Value,Yes
4480-QQRHC,Month-to-month,Yes,Bank transfer (automatic),74.05,High,600.15,Low Value,Yes
0929-PECLO,Month-to-month,Yes,Bank transfer (automatic),89.6,High,5538.8,High Value,Yes
3680-CTHUH,One year,Yes,Credit card (automatic),116.6,Very High,7049.5,High Value,No
1202-KKGFU,Month-to-month,No,Bank transfer (automatic),54.2,Medium,690.5,Medium Value,Yes
6112-KTHFQ,Month-to-month,Yes,Mailed check,19.3,Low,279.3,Low Value,Yes
1852-XEMDW,Month-to-month,No,Mailed check,65.05,Medium,1427.55,Medium Value,Yes
2462-XIIJB,Month-to-month,Yes,Electronic check,92.5,Very High,452.7,Low Value,Yes
4760-XOHVN,Month-to-month,No,Mailed check,19.45,Low,19.45,Low Value,Yes
1820-DJFPH,Two year,Yes,Bank transfer (automatic),24.05,Low,1709.15,Medium Value,No
9426-SXNHE,Month-to-month,No,Bank transfer (automatic),18.75,Low,53.15,Low Value,Yes
9068-FHQHD,Two year,No,Bank transfer (automatic),20.15,Low,777.35,Medium Value,No
1269-FOYWN,One year,No,Bank transfer (automatic),20,Low,860.85,Medium Value,No
9470-YFUYI,One year,Yes,Bank transfer (automatic),71,High,5012.1,High Value,No
7817-BOQPW,Month-to-month,Yes,Electronic check,75.55,High,166.3,Low Value,Yes
7402-EYFXX,Month-to-month,Yes,Electronic check,93.6,Very High,2404.1,Medium Value,Yes
1853-UDXBW,Month-to-month,Yes,Electronic check,70,Medium,70,Low Value,Yes
9895-VFOXH,Month-to-month,No,Mailed check,24.4,Low,24.4,Low Value,Yes
5458-CQJTA,Two year,Yes,Bank transfer (automatic),74.8,High,4820.15,High Value,No
1230-QAJDW,Month-to-month,Yes,Mailed check,65.25,Medium,209.9,Low Value,Yes
5701-ZIKJE,Month-to-month,Yes,Mailed check,50.55,Medium,610.75,Low Value,Yes
5219-YIPTK,Month-to-month,Yes,Electronic check,104.4,Very High,3409.6,High Value,Yes
5032-MIYKT,Month-to-month,Yes,Mailed check,70.7,High,70.7,Low Value,Yes
7396-VJUZB,Month-to-month,No,Mailed check,45.25,Medium,155.35,Low Value,Yes
9717-QEBGU,Month-to-month,Yes,Electronic check,70.3,Medium,144,Low Value,Yes
5172-RKOCB,Two year,Yes,Credit card (automatic),108.95,Very High,7875,High Value,No
6509-TSGWN,Month-to-month,No,Mailed check,26.45,Low,911.6,Medium Value,Yes
3540-RZJYU,Month-to-month,No,Electronic check,86.2,High,1270.2,Medium Value,Yes
3178-CIFOT,One year,Yes,Credit card (automatic),19.65,Low,478.1,Low Value,No
2091-MJTFX,Month-to-month,No,Credit card (automatic),51.2,Medium,1561.5,Medium Value,Yes
4530-NDRKU,One year,Yes,Electronic check,19.05,Low,761.85,Medium Value,No
5985-TBABQ,One year,No,Mailed check,74.75,High,2282.95,Medium Value,No
9800-ONTFE,Month-to-month,Yes,Bank transfer (automatic),75.8,High,1615.1,Medium Value,Yes
6743-HHQPF,Month-to-month,Yes,Credit card (automatic),25.1,Low,1097.15,Medium Value,Yes
8455-HIRAQ,Month-to-month,No,Mailed check,44.45,Medium,369.3,Low Value,Yes
6616-AALSR,Two year,Yes,Credit card (automatic),104.3,Very High,6725.3,High Value,No
0883-EIBTI,Month-to-month,No,Mailed check,19.5,Low,31.55,Low Value,Yes
9415-ZNBSX,Two year,Yes,Bank transfer (automatic),89,High,6293.2,High Value,No
4018-KJYUY,Month-to-month,No,Credit card (automatic),20.15,Low,432.5,Low Value,Yes
0722-TROQR,Month-to-month,Yes,Electronic check,74.9,High,321.75,Low Value,Yes
7571-YXDAD,Month-to-month,No,Credit card (automatic),74.9,High,147.15,Low Value,Yes
3884-UEBXB,Two year,No,Bank transfer (automatic),36.15,Medium,2434.45,Medium Value,No
8780-RSYYU,Month-to-month,Yes,Credit card (automatic),19.2,Low,532.1,Low Value,Yes
5537-UXXVS,Month-to-month,No,Bank transfer (automatic),19.25,Low,375.25,Low Value,Yes
1791-PQHBB,Month-to-month,Yes,Credit card (automatic),61.2,Medium,125.95,Low Value,Yes
8701-DGLVH,Two year,No,Mailed check,20.45,Low,1042.65,Medium Value,No
8741-LQOBK,Month-to-month,No,Bank transfer (automatic),35.05,Low,1620.25,Medium Value,Yes
3393-FMZPV,Month-to-month,Yes,Electronic check,100.25,Very High,2387.75,Medium Value,Yes
8082-GHXOP,Month-to-month,No,Mailed check,44,Medium,659.35,Low Value,Yes
6402-ZFPPI,Month-to-month,Yes,Mailed check,102.8,Very High,2660.2,Medium Value,Yes
0980-FEXWF,One year,No,Mailed check,50.35,Medium,1285.8,Medium Value,No
7486-KSRVI,One year,Yes,Electronic check,100,Very High,4211.55,High Value,No
3011-WQKSZ,Month-to-month,Yes,Electronic check,20,Low,377.55,Low Value,Yes
8443-WVPSS,Month-to-month,Yes,Electronic check,99.85,Very High,990.9,Medium Value,Yes
3006-XIMLN,Month-to-month,Yes,Bank transfer (automatic),94.2,Very High,193.8,Low Value,Yes
8218-FFJDS,Two year,Yes,Bank transfer (automatic),86.4,High,6058.95,High Value,No
1986-PHGZF,Month-to-month,Yes,Credit card (automatic),58.4,Medium,964.9,Medium Value,Yes
9965-YOKZB,Month-to-month,Yes,Electronic check,83.85,High,790.15,Medium Value,Yes
0504-HHAPI,Month-to-month,No,Credit card (automatic),88.3,High,2467.75,Medium Value,Yes
9360-OMDZZ,Month-to-month,Yes,Electronic check,94.1,Very High,2322.85,Medium Value,Yes
6305-YLBMM,One year,Yes,Bank transfer (automatic),104.05,Very High,7262,High Value,No
0345-XMMUG,Two year,Yes,Credit card (automatic),108.9,Very High,4854.3,High Value,No
8024-XNAFQ,Two year,Yes,Bank transfer (automatic),107.4,Very High,7748.75,High Value,No
3647-GMGDH,Month-to-month,Yes,Credit card (automatic),94.7,Very High,1914.9,Medium Value,Yes
2988-GBIVW,Month-to-month,Yes,Electronic check,90.85,Very High,6470.1,High Value,Yes
2832-SCUCO,Month-to-month,No,Electronic check,19.9,Low,57.4,Low Value,Yes
7036-ZZKBD,Month-to-month,Yes,Credit card (automatic),66.4,Medium,2019.8,Medium Value,Yes
3791-LGQCY,Month-to-month,Yes,Bank transfer (automatic),100.65,Very High,5688.05,High Value,Yes
0265-PSUAE,Month-to-month,No,Bank transfer (automatic),100.7,Very High,1522.7,Medium Value,Yes
0463-TXOAK,Two year,No,Credit card (automatic),25.6,Low,1334.5,Medium Value,No
0594-UFTUL,Month-to-month,Yes,Mailed check,19.85,Low,252,Low Value,Yes
9509-MPYOD,One year,No,Mailed check,20.75,Low,700.45,Medium Value,No
9128-CPXKI,Two year,No,Electronic check,95.8,Very High,5655.45,High Value,No
0129-KPTWJ,Month-to-month,Yes,Electronic check,94.65,Very High,6747.35,High Value,Yes
8166-ZZTFS,Two year,Yes,Bank transfer (automatic),80.55,High,5265.1,High Value,No
5855-EIBDE,Two year,No,Credit card (automatic),106.65,Very High,5174.35,High Value,No
5365-LLFYV,Month-to-month,Yes,Mailed check,45.85,Medium,105.6,Low Value,Yes
5956-YHHRX,Month-to-month,Yes,Electronic check,104.35,Very High,2271.85,Medium Value,Yes
6008-NAIXK,One year,Yes,Electronic check,55.45,Medium,2966.95,High Value,No
2956-GGUCQ,Month-to-month,Yes,Electronic check,78.85,High,1772.25,Medium Value,Yes
1928-BXYIV,Month-to-month,No,Electronic check,61.15,Medium,61.15,Low Value,Yes
5760-FXFVO,Month-to-month,Yes,Electronic check,78.95,High,494.95,Low Value,Yes
6595-COKXZ,Month-to-month,Yes,Mailed check,44.45,Medium,44.45,Low Value,Yes
0961-ZWLVI,One year,Yes,Credit card (automatic),109.2,Very High,5290.45,High Value,No
5181-OABFK,Two year,Yes,Credit card (automatic),61.3,Medium,3346.8,High Value,No
4007-NHVHI,Month-to-month,Yes,Electronic check,96.85,Very High,5219.65,High Value,Yes
7816-VGHTO,Two year,No,Mailed check,40.55,Medium,217.5,Low Value,No
5871-DGTXZ,One year,No,Mailed check,19.8,Low,607.7,Low Value,No
7550-WIQVA,One year,Yes,Electronic check,108.25,Very High,5431.4,High Value,No
7544-ZVIKX,One year,Yes,Bank transfer (automatic),105.05,Very High,6004.85,High Value,No
0016-QLJIS,Two year,Yes,Mailed check,90.45,Very High,5957.9,High Value,No
7508-DQAKK,Two year,Yes,Credit card (automatic),86.4,High,5442.05,High Value,No
5176-OLSKT,Two year,No,Bank transfer (automatic),66.9,Medium,4370.25,High Value,No
9356-AXGMP,One year,Yes,Electronic check,110.7,Very High,4428.6,High Value,No
3556-BVQGL,One year,Yes,Mailed check,20,Low,416.45,Low Value,No
0362-ZBZWJ,Month-to-month,Yes,Electronic check,84.9,High,3067.2,High Value,Yes
8979-CAMGB,One year,No,Electronic check,102.1,Very High,6688.1,High Value,No
4211-MMAZN,Month-to-month,No,Mailed check,20.25,Low,20.25,Low Value,Yes
7581-EBBOU,One year,Yes,Credit card (automatic),70.15,Medium,4224.7,High Value,No
4274-OWWYO,Month-to-month,Yes,Electronic check,74.35,High,74.35,Low Value,Yes
5073-RZGBK,One year,Yes,Bank transfer (automatic),80.05,High,4042.2,High Value,No
1541-ETJZO,Month-to-month,No,Mailed check,62.05,Medium,62.05,Low Value,Yes
2192-CKRLV,Two year,Yes,Electronic check,49.2,Medium,3580.95,High Value,No
3154-HMWUU,Two year,Yes,Bank transfer (automatic),20.5,Low,1198.8,Medium Value,No
6119-SPUDB,Two year,No,Mailed check,38.25,Medium,1755.35,Medium Value,No
6522-OIQSX,Two year,Yes,Credit card (automatic),54.95,Medium,3772.5,High Value,No
7813-ZGGAW,Month-to-month,Yes,Bank transfer (automatic),96.6,Very High,2877.95,High Value,Yes
8748-HFWBO,One year,No,Mailed check,19.9,Low,357.7,Low Value,No
1052-QJIBV,Two year,No,Credit card (automatic),19.9,Low,1397.3,Medium Value,No
1319-YLZJG,Month-to-month,Yes,Electronic check,84.6,High,959.9,Medium Value,Yes
4106-HADHQ,One year,No,Credit card (automatic),80,High,3182.95,High Value,No
0723-FDLAY,One year,Yes,Bank transfer (automatic),85.25,High,3704.15,High Value,No
3050-RLLXC,Two year,No,Credit card (automatic),81.25,High,4620.4,High Value,No
9298-WGMRW,Two year,Yes,Bank transfer (automatic),115.5,Very High,8312.75,High Value,No
2369-UAPKZ,Month-to-month,No,Mailed check,104.1,Very High,541.9,Low Value,Yes
3088-LHEFH,Month-to-month,Yes,Bank transfer (automatic),79,High,929.3,Medium Value,Yes
2778-OCLGR,Month-to-month,No,Bank transfer (automatic),39.1,Medium,971.3,Medium Value,Yes
6583-KQJLK,Month-to-month,Yes,Electronic check,94.65,Very High,1285.05,Medium Value,Yes
8544-JNBOX,Two year,Yes,Mailed check,20.8,Low,1521.2,Medium Value,No
6681-ZSEXG,Two year,No,Credit card (automatic),59.5,Medium,3389.25,High Value,No
6139-ZZRBQ,Two year,Yes,Bank transfer (automatic),20.05,Low,1198.05,Medium Value,No
6116-RFVHN,Month-to-month,Yes,Electronic check,100.45,Very High,3414.65,High Value,Yes
0637-KVDLV,Month-to-month,Yes,Electronic check,76.5,High,162.45,Low Value,Yes
8884-FEEWR,One year,No,Bank transfer (automatic),20.6,Low,754,Medium Value,No
3125-RAHBV,One year,No,Credit card (automatic),20.3,Low,467.15,Low Value,No
6633-MPWBS,Month-to-month,Yes,Electronic check,49.2,Medium,216.9,Low Value,Yes
0373-AIVNJ,One year,No,Mailed check,39.55,Medium,373,Low Value,No
8785-EPNCG,Month-to-month,No,Credit card (automatic),23.15,Low,245.2,Low Value,Yes
1682-VCOIO,One year,No,Mailed check,20.45,Low,481.1,Low Value,No
5729-KLZAR,Month-to-month,No,Electronic check,80.85,High,302.75,Low Value,Yes
2072-ZVJJX,Two year,No,Bank transfer (automatic),25.25,Low,1728.2,Medium Value,No
8849-AYPTR,Month-to-month,No,Electronic check,91.25,Very High,2964.05,High Value,Yes
9518-IMLHK,Month-to-month,Yes,Bank transfer (automatic),72.45,High,2156.25,Medium Value,Yes
1582-RAFML,Month-to-month,No,Mailed check,60.1,Medium,60.1,Low Value,Yes
3646-ITDGM,Two year,No,Bank transfer (automatic),19.7,Low,1051.9,Medium Value,No
8740-CRYFY,Month-to-month,Yes,Electronic check,78.95,High,78.95,Low Value,Yes
3569-VLDHH,One year,Yes,Electronic check,75.1,High,5013,High Value,No
8224-KDLKN,Two year,No,Bank transfer (automatic),25,Low,1738.9,Medium Value,No
7594-LZNWR,Month-to-month,No,Credit card (automatic),69.15,Medium,2275.1,Medium Value,Yes
4001-TSBTV,Month-to-month,Yes,Electronic check,91.55,Very High,5511.65,High Value,Yes
2962-XPMCQ,Month-to-month,Yes,Electronic check,45.15,Medium,98.5,Low Value,Yes
8727-XDPUD,Two year,No,Credit card (automatic),35.8,Medium,1316.9,Medium Value,No
1043-UXOVO,Two year,Yes,Credit card (automatic),113.15,Very High,7993.3,High Value,No
1064-FBXNK,One year,No,Credit card (automatic),19.85,Low,19.85,Low Value,No
3996-ZNWYK,Two year,No,Credit card (automatic),19.8,Low,1388.45,Medium Value,No
2878-DHMIN,One year,No,Electronic check,19.9,Low,666,Low Value,No
7762-ONLJY,One year,No,Mailed check,19.7,Low,94.45,Low Value,No
1678-FYZOW,Month-to-month,Yes,Electronic check,79.4,High,244.65,Low Value,Yes
5795-BKOYE,One year,No,Bank transfer (automatic),59.1,Medium,4134.7,High Value,No
8627-EHGIP,One year,Yes,Mailed check,53.95,Medium,2375.4,Medium Value,No
7402-PWYJJ,One year,Yes,Electronic check,91.15,Very High,4862.5,High Value,No
5480-TBGPH,Month-to-month,Yes,Credit card (automatic),99.3,Very High,2431.35,Medium Value,Yes
0018-NYROU,Month-to-month,Yes,Electronic check,68.95,Medium,351.5,Low Value,Yes
7501-VTYLJ,Month-to-month,No,Mailed check,51.55,Medium,106.2,Low Value,Yes
7608-RGIRO,Two year,Yes,Mailed check,24.4,Low,1413,Medium Value,No
0480-BIXDE,Month-to-month,Yes,Electronic check,96.8,Very High,1743.05,Medium Value,Yes
5895-QSXOD,Month-to-month,No,Mailed check,70.05,Medium,657.5,Low Value,Yes
9814-AOUDH,Two year,No,Credit card (automatic),19.5,Low,1050.5,Medium Value,No
6175-IRFIT,Month-to-month,No,Mailed check,78.75,High,426.35,Low Value,Yes
8760-ZRHKE,One year,No,Electronic check,69.2,Medium,4982.5,High Value,No
1622-HSHSF,Month-to-month,Yes,Mailed check,19.55,Low,19.55,Low Value,Yes
8854-CCVSQ,Month-to-month,Yes,Electronic check,80.65,High,1451.9,Medium Value,Yes
6749-UTDVX,Two year,Yes,Electronic check,103.65,Very High,7634.8,High Value,No
5542-DHSXL,Month-to-month,No,Mailed check,54.7,Medium,235.05,Low Value,Yes
9102-OXKFY,Two year,No,Credit card (automatic),54.15,Medium,3116.15,High Value,No
0511-JTEOY,Month-to-month,No,Mailed check,71.1,High,71.1,Low Value,Yes
5216-WASFJ,Month-to-month,Yes,Electronic check,84.85,High,2633.4,Medium Value,Yes
7808-DVWEP,Month-to-month,No,Bank transfer (automatic),20,Low,49.65,Low Value,Yes
7067-KSAZT,One year,Yes,Electronic check,106.25,Very High,6979.8,High Value,No
2284-VFLKH,One year,Yes,Credit card (automatic),99.25,Very High,4920.8,High Value,No
0366-NQSHS,Month-to-month,No,Mailed check,19.35,Low,46.35,Low Value,Yes
6532-YLWSI,One year,No,Bank transfer (automatic),20.8,Low,1021.8,Medium Value,No
3807-BPOMJ,One year,Yes,Electronic check,94.75,Very High,5276.1,High Value,No
3892-NXAZG,Two year,Yes,Credit card (automatic),114.05,Very High,8289.2,High Value,No
4948-WBBKL,Month-to-month,Yes,Bank transfer (automatic),74.9,High,2659.45,Medium Value,Yes
4182-BGSIQ,Month-to-month,Yes,Bank transfer (automatic),19.8,Low,196.75,Low Value,Yes
9300-AGZNL,Month-to-month,Yes,Electronic check,94,Very High,94,Low Value,Yes
0988-AADSA,Two year,No,Bank transfer (automatic),80.85,High,5824.75,High Value,No
9972-NKTFD,Month-to-month,No,Bank transfer (automatic),54.65,Medium,1517.5,Medium Value,Yes
3717-LNXKW,Month-to-month,No,Bank transfer (automatic),91.7,Very High,3479.05,High Value,Yes
5734-EJKXG,One year,Yes,Electronic check,118.6,Very High,7365.7,High Value,No
2207-RYYRL,Two year,No,Mailed check,24.55,Low,1331.05,Medium Value,No
6729-FZWSY,One year,Yes,Mailed check,19.45,Low,1195.95,Medium Value,No
9695-IDRZR,Two year,Yes,Credit card (automatic),116.15,Very High,3946.9,High Value,No
8144-DGHXP,Two year,No,Electronic check,80.6,High,4299.95,High Value,No
7814-LEEVE,Month-to-month,Yes,Bank transfer (automatic),20.3,Low,20.3,Low Value,Yes
1112-CUNAO,Month-to-month,No,Electronic check,89.85,High,1424.95,Medium Value,Yes
5175-AOBHI,Month-to-month,Yes,Mailed check,46,Medium,193.6,Low Value,Yes
5174-RNGBH,Month-to-month,No,Mailed check,66.25,Medium,620.55,Low Value,Yes
8631-WUXGY,Month-to-month,Yes,Electronic check,99.8,Very High,4391.25,High Value,Yes
7270-BDIOA,Month-to-month,Yes,Electronic check,90,Very High,1993.8,Medium Value,Yes
9565-JSNFM,One year,Yes,Bank transfer (automatic),70.45,High,2597.6,Medium Value,No
5906-DVAPM,One year,Yes,Credit card (automatic),75,High,4213.9,High Value,No
6654-QGBZZ,Month-to-month,No,Mailed check,19.9,Low,19.9,Low Value,Yes
8348-JLBUG,One year,No,Credit card (automatic),80.3,High,5017.7,High Value,No
0607-DAAHE,Two year,No,Bank transfer (automatic),19.75,Low,1052.35,Medium Value,No
5641-DMBFJ,Two year,Yes,Electronic check,84.3,High,4916.4,High Value,No
9200-NLNPD,One year,Yes,Bank transfer (automatic),54.05,Medium,2959.8,High Value,No
2664-XJZNO,Two year,Yes,Credit card (automatic),104.9,Very High,7559.55,High Value,No
9732-KPKBW,Month-to-month,Yes,Electronic check,53.95,Medium,53.95,Low Value,Yes
3339-EAQNV,One year,Yes,Credit card (automatic),97.25,Very High,7133.1,High Value,No
0921-OHLVP,Month-to-month,No,Electronic check,83.05,High,1799.3,Medium Value,Yes
3389-YGYAI,Month-to-month,Yes,Electronic check,105.5,Very High,829.55,Medium Value,Yes
9560-ARGQJ,Month-to-month,Yes,Electronic check,81,High,1312.15,Medium Value,Yes
8350-NYMVI,Month-to-month,No,Bank transfer (automatic),41.1,Medium,1597.05,Medium Value,Yes
1600-DILPE,Month-to-month,Yes,Bank transfer (automatic),45,Medium,524.35,Low Value,Yes
0536-ESJEP,Two year,Yes,Bank transfer (automatic),74.55,High,4191.45,High Value,No
4654-GGUII,One year,Yes,Mailed check,40.2,Medium,711.95,Medium Value,No
6478-HRRCZ,One year,No,Mailed check,70.5,High,2201.75,Medium Value,No
8510-BBWMU,One year,Yes,Mailed check,19.75,Low,806.95,Medium Value,No
6857-TKDJV,Two year,No,Bank transfer (automatic),24.65,Low,1620.45,Medium Value,No
2360-RDGRO,Month-to-month,Yes,Electronic check,104.25,Very High,6812.95,High Value,Yes
0584-BJQGZ,Month-to-month,Yes,Bank transfer (automatic),78.35,High,1837.9,Medium Value,Yes
5134-IKDAY,Month-to-month,Yes,Electronic check,69.8,Medium,69.8,Low Value,Yes
1360-XFJMR,One year,Yes,Credit card (automatic),109.7,Very High,7344.45,High Value,No
3070-DVEYC,Month-to-month,No,Mailed check,73.75,High,545.15,Low Value,Yes
5730-RIITO,Month-to-month,Yes,Credit card (automatic),33.45,Low,1500.25,Medium Value,Yes
9058-MJLZC,Month-to-month,Yes,Electronic check,94.6,Very High,2283.15,Medium Value,Yes
5707-ORNDZ,Month-to-month,No,Electronic check,54.55,Medium,494.05,Low Value,Yes
0902-XKXPN,Two year,No,Bank transfer (automatic),20.2,Low,1376.5,Medium Value,No
5177-RVZNU,One year,No,Bank transfer (automatic),20.3,Low,755.4,Medium Value,No
0056-EPFBG,Two year,Yes,Credit card (automatic),39.4,Medium,825.4,Medium Value,No
8993-IZEUX,Month-to-month,No,Bank transfer (automatic),69.15,Medium,488.65,Low Value,Yes
8696-JKZNU,Month-to-month,Yes,Electronic check,76.25,High,2841.55,High Value,Yes
5380-AFSSK,Month-to-month,Yes,Mailed check,93.9,Very High,486.85,Low Value,Yes
8190-ZTQFB,One year,Yes,Electronic check,51.35,Medium,2075.1,Medium Value,No
0931-MHTEM,One year,Yes,Credit card (automatic),100.05,Very High,5299.65,High Value,No
2055-PDADH,Month-to-month,Yes,Electronic check,70.4,High,204.7,Low Value,Yes
7515-LODFU,Two year,No,Credit card (automatic),20.3,Low,1356.3,Medium Value,No
0440-UEDAI,One year,Yes,Credit card (automatic),94.45,Very High,5042.75,High Value,No
1337-BOZWO,One year,No,Credit card (automatic),46.4,Medium,812.4,Medium Value,No
0868-VJRDR,Two year,Yes,Credit card (automatic),104.05,Very High,6605.55,High Value,No
8714-EUHJO,Month-to-month,Yes,Electronic check,91.15,Very High,2995.45,High Value,Yes
6344-SFJVH,Month-to-month,No,Credit card (automatic),24.9,Low,505.95,Low Value,Yes
3950-VPYJB,One year,No,Mailed check,59.6,Medium,3509.4,High Value,No
8041-TMEID,Two year,No,Credit card (automatic),108.5,Very High,6991.9,High Value,No
7321-ZNSLA,Two year,No,Mailed check,40.55,Medium,590.35,Low Value,No
6941-KXRRV,One year,Yes,Bank transfer (automatic),58.95,Medium,2789.7,High Value,No
3721-CNEYS,Month-to-month,Yes,Electronic check,70.95,High,137.95,Low Value,Yes
8727-JQFHV,Two year,No,Mailed check,20.75,Low,1123.15,Medium Value,No
9475-NNDGC,One year,Yes,Bank transfer (automatic),113.15,Very High,7953.25,High Value,No
1355-KUSBG,Month-to-month,No,Electronic check,48.8,Medium,349.8,Low Value,Yes
3688-FTHLT,Month-to-month,Yes,Bank transfer (automatic),63.05,Medium,1067.05,Medium Value,Yes
0899-LIIBW,Month-to-month,No,Electronic check,100.85,Very High,3527.3,High Value,Yes
2568-OIADY,Month-to-month,Yes,Electronic check,99.5,Very High,3762,High Value,Yes
1384-RCUXW,Month-to-month,Yes,Mailed check,80.55,High,1248.9,Medium Value,Yes
5825-XJOCM,One year,Yes,Bank transfer (automatic),64.4,Medium,3035.35,High Value,No
6848-YLDFR,One year,Yes,Credit card (automatic),75.2,High,4300.8,High Value,No
8125-QPFJD,Two year,Yes,Bank transfer (automatic),84.9,High,6065.3,High Value,No
2320-YKQBO,Month-to-month,No,Mailed check,19.3,Low,144.95,Low Value,Yes
1193-RTSLK,Month-to-month,Yes,Credit card (automatic),83.9,High,3233.6,High Value,Yes
2302-ANTDP,Month-to-month,No,Electronic check,117.45,Very High,5438.9,High Value,Yes
5923-GXUOC,Month-to-month,Yes,Electronic check,104.4,Very High,1081.45,Medium Value,Yes
4973-RLZVI,One year,No,Credit card (automatic),74.65,High,2308.6,Medium Value,No
7869-ZYDST,Month-to-month,Yes,Credit card (automatic),59.05,Medium,1882.8,Medium Value,Yes
4501-UYKBC,One year,Yes,Credit card (automatic),69.1,Medium,3255.35,High Value,No
1215-EXRMO,Two year,No,Mailed check,20.55,Low,1067.65,Medium Value,No
2305-MRGLV,Month-to-month,No,Bank transfer (automatic),76.55,High,2065.4,Medium Value,Yes
8404-VIOMB,Two year,Yes,Bank transfer (automatic),62.5,Medium,4136.4,High Value,No
5233-GEEAX,Month-to-month,Yes,Electronic check,29.4,Low,221.9,Low Value,Yes
2359-KLTEK,Month-to-month,Yes,Bank transfer (automatic),94.9,Very High,3848,High Value,Yes
5304-EFJLP,Two year,Yes,Bank transfer (automatic),111.65,Very High,8022.85,High Value,No
2673-ZALNP,One year,No,Mailed check,19.9,Low,173.15,Low Value,No
9184-GALIL,Month-to-month,No,Mailed check,20.45,Low,781.25,Medium Value,Yes
4393-RYCRE,One year,Yes,Electronic check,106.05,Very High,4510.8,High Value,No
9746-MDMBK,One year,Yes,Bank transfer (automatic),113.45,Very High,5317.8,High Value,No
3162-ZJZFU,Month-to-month,Yes,Electronic check,92.55,Very High,4779.45,High Value,Yes
8404-GFGCZ,Month-to-month,No,Electronic check,65.6,Medium,250.1,Low Value,Yes
8875-AKBYH,Month-to-month,Yes,Electronic check,84.35,High,1745.2,Medium Value,Yes
4432-ADRLB,Month-to-month,No,Mailed check,44.65,Medium,74.9,Low Value,Yes
0533-UCAAU,One year,Yes,Credit card (automatic),71.1,High,4140.1,High Value,No
1394-SUIUH,Month-to-month,Yes,Electronic check,85.15,High,3670.5,High Value,Yes
3521-MNKLV,Month-to-month,Yes,Mailed check,49.7,Medium,1167.8,Medium Value,Yes
2533-TIBIX,Month-to-month,Yes,Bank transfer (automatic),30.2,Low,469.65,Low Value,Yes
8993-PHFWD,Month-to-month,No,Electronic check,25.25,Low,58.9,Low Value,Yes
1565-RHDJD,Month-to-month,No,Bank transfer (automatic),84.05,High,333.55,Low Value,Yes
7137-RYLPP,Month-to-month,Yes,Electronic check,85.7,High,3171.15,High Value,Yes
3765-JXVKY,Month-to-month,Yes,Electronic check,74.7,High,74.7,Low Value,Yes
5092-STPKP,Month-to-month,No,Credit card (automatic),56.35,Medium,1381.2,Medium Value,Yes
7330-WZLNC,Month-to-month,Yes,Electronic check,90.8,Very High,455.5,Low Value,Yes
0114-PEGZZ,Month-to-month,No,Electronic check,107.55,Very High,3645.5,High Value,Yes
3359-DSRKA,Two year,Yes,Mailed check,19.85,Low,1158.85,Medium Value,No
8639-NHQEI,Two year,Yes,Bank transfer (automatic),95.9,Very High,6954.15,High Value,No
7161-DFHUF,Two year,No,Mailed check,23.85,Low,1672.1,Medium Value,No
3957-LXOLK,Month-to-month,Yes,Electronic check,106.15,Very High,3152.5,High Value,Yes
3720-DBRWL,Two year,Yes,Credit card (automatic),83.85,High,4307.1,High Value,No
6635-MYYYZ,One year,No,Bank transfer (automatic),85.35,High,2530.4,Medium Value,No
8565-WUXZU,Two year,Yes,Credit card (automatic),84.8,High,6141.65,High Value,No
5281-BUZGT,Month-to-month,Yes,Electronic check,90.85,Very High,3186.7,High Value,Yes
4994-OBRSZ,Two year,No,Bank transfer (automatic),76.1,High,1054.8,Medium Value,No
0562-FGDCR,Two year,No,Mailed check,74.55,High,5430.65,High Value,No
2436-QBZFP,Month-to-month,No,Electronic check,39.2,Medium,849.9,Medium Value,Yes
3420-YJLQT,Month-to-month,No,Electronic check,79.55,High,151.75,Low Value,Yes
6040-CGACY,Month-to-month,No,Mailed check,19.6,Low,299.4,Low Value,Yes
6582-PLFUU,Two year,No,Credit card (automatic),19.55,Low,1086.75,Medium Value,No
8242-PDSGJ,Two year,Yes,Credit card (automatic),39.15,Medium,2692.75,Medium Value,No
0264-CNITK,Two year,No,Bank transfer (automatic),20.1,Low,1389.6,Medium Value,No
0089-IIQKO,Month-to-month,Yes,Credit card (automatic),99.95,Very High,3767.4,High Value,Yes
7839-NUIAA,Month-to-month,No,Electronic check,59.8,Medium,3641.5,High Value,Yes
6075-QMNRR,Month-to-month,Yes,Bank transfer (automatic),49.75,Medium,2535.55,Medium Value,Yes
5378-IKEEG,Month-to-month,Yes,Electronic check,35.75,Medium,35.75,Low Value,Yes
5966-EMAZU,One year,Yes,Mailed check,108.5,Very High,6880.85,High Value,No
0440-EKDCF,Two year,Yes,Credit card (automatic),60.15,Medium,3753.2,High Value,No
4774-HHGGS,Two year,No,Mailed check,19.05,Low,637.55,Low Value,No
2718-GAXQD,Month-to-month,No,Electronic check,46,Medium,181.6,Low Value,Yes
2055-BFOCC,One year,Yes,Bank transfer (automatic),84,High,5329.55,High Value,No
8180-AKMJV,Month-to-month,Yes,Credit card (automatic),44.55,Medium,44.55,Low Value,Yes
4298-OYIFC,Month-to-month,Yes,Electronic check,103.45,Very High,1539.8,Medium Value,Yes
5566-SOEZD,One year,Yes,Credit card (automatic),80.65,High,2209.75,Medium Value,No
9842-EFSYY,Month-to-month,Yes,Mailed check,57.2,Medium,223.75,Low Value,Yes
2272-WUSPA,Two year,Yes,Electronic check,110.75,Very High,7751.7,High Value,No
4584-LBNMK,One year,No,Credit card (automatic),24.7,Low,1174.35,Medium Value,No
3898-GUYTS,Month-to-month,Yes,Electronic check,97.05,Very High,4385.05,High Value,Yes
0930-EHUZA,One year,Yes,Mailed check,76.35,High,2606.35,Medium Value,No
6413-XKKPU,Month-to-month,Yes,Electronic check,89.4,High,1539.45,Medium Value,Yes
9975-SKRNR,Month-to-month,No,Mailed check,18.9,Low,18.9,Low Value,Yes
3703-KBKZP,Month-to-month,Yes,Bank transfer (automatic),74.45,High,1261.35,Medium Value,Yes
1449-XQEMT,Month-to-month,Yes,Mailed check,19.8,Low,58.15,Low Value,Yes
2626-URJFX,Month-to-month,Yes,Electronic check,50.9,Medium,225.6,Low Value,Yes
4973-MGTON,Two year,Yes,Credit card (automatic),84.4,High,5969.3,High Value,No
3682-YEUWS,Month-to-month,Yes,Mailed check,24.4,Low,253.9,Low Value,Yes
1223-UNPKS,Two year,No,Mailed check,20.05,Low,400,Low Value,No
2612-RRIDN,Month-to-month,Yes,Electronic check,81,High,340.85,Low Value,Yes
4735-ASGMA,Month-to-month,Yes,Electronic check,98.35,Very High,2515.3,Medium Value,Yes
3446-QDSZF,Month-to-month,No,Credit card (automatic),55.5,Medium,227.35,Low Value,Yes
3669-LVWZB,Month-to-month,Yes,Mailed check,51,Medium,305.95,Low Value,Yes
6892-EZDTG,Month-to-month,Yes,Electronic check,91.65,Very High,365.4,Low Value,Yes
5117-IFGPS,Month-to-month,Yes,Electronic check,84.3,High,2357.75,Medium Value,Yes
7379-FNIUJ,Month-to-month,No,Electronic check,100.2,Very High,198.5,Low Value,Yes
1627-AFWVJ,Two year,No,Mailed check,19.4,Low,554.25,Low Value,No
9725-SCPZG,Month-to-month,Yes,Electronic check,90.85,Very High,90.85,Low Value,Yes
5884-GCYMI,Month-to-month,No,Mailed check,69.4,Medium,69.4,Low Value,Yes
3217-FZDMN,Month-to-month,Yes,Credit card (automatic),94.45,Very High,742.95,Medium Value,Yes
4486-EFAEB,Month-to-month,Yes,Electronic check,20.4,Low,251.65,Low Value,Yes
0060-FUALY,Month-to-month,Yes,Electronic check,94.75,Very High,5597.65,High Value,Yes
7853-GVUDZ,Month-to-month,Yes,Credit card (automatic),20.15,Low,20.15,Low Value,Yes
7480-QNVZJ,Month-to-month,Yes,Electronic check,95.7,Very High,4816.7,High Value,Yes
6954-OOYZZ,Month-to-month,Yes,Bank transfer (automatic),44.35,Medium,768.05,Medium Value,Yes
7088-FBAWU,Month-to-month,No,Mailed check,74.55,High,1215.8,Medium Value,Yes
8313-AFGBW,Two year,No,Electronic check,73.6,High,3522.65,High Value,No
3943-KDREE,Month-to-month,Yes,Bank transfer (automatic),74.95,High,1834.95,Medium Value,Yes
9239-ZBZZV,Month-to-month,Yes,Electronic check,47.95,Medium,305.1,Low Value,Yes
3097-IDVPU,Month-to-month,No,Credit card (automatic),50.1,Medium,910.45,Medium Value,Yes
4398-HSCJH,Month-to-month,Yes,Electronic check,63.6,Medium,155.65,Low Value,Yes
2197-OMWGI,Two year,Yes,Electronic check,53,Medium,3656.25,High Value,No
2303-PJYHN,Month-to-month,No,Bank transfer (automatic),19.85,Low,52,Low Value,Yes
9795-VOWON,One year,Yes,Credit card (automatic),24.35,Low,150.85,Low Value,No
1237-WIYYZ,Month-to-month,Yes,Mailed check,19.55,Low,389.25,Low Value,Yes
1987-AUELQ,Two year,No,Credit card (automatic),25.05,Low,1873.7,Medium Value,No
7852-LECYP,Month-to-month,No,Credit card (automatic),93.8,Very High,1261,Medium Value,Yes
4430-UZIPO,Month-to-month,Yes,Mailed check,36.85,Medium,108.7,Low Value,Yes
4822-LPTYJ,Two year,Yes,Bank transfer (automatic),103.75,Very High,7346.2,High Value,No
8165-CBKXO,Two year,Yes,Credit card (automatic),56.75,Medium,3708.4,High Value,No
6527-PZFPV,One year,Yes,Credit card (automatic),20.8,Low,469.65,Low Value,No
4855-SNKMY,Month-to-month,Yes,Electronic check,44.1,Medium,44.1,Low Value,Yes
9593-CVZKR,Two year,Yes,Mailed check,24.45,Low,1385.85,Medium Value,No
8595-SIZNC,One year,No,Bank transfer (automatic),25.6,Low,548.8,Low Value,No
8008-HAWED,Month-to-month,Yes,Electronic check,50.75,Medium,712.75,Medium Value,Yes
7124-UGSUR,One year,Yes,Credit card (automatic),104.4,Very High,6405,High Value,No
1862-SKORY,Month-to-month,Yes,Electronic check,39.3,Medium,1637.4,Medium Value,Yes
5236-XMZJY,Month-to-month,No,Bank transfer (automatic),59.65,Medium,2536.55,Medium Value,Yes
4827-DPADN,Two year,Yes,Bank transfer (automatic),83.3,High,6042.7,High Value,No
2694-CIUMO,Month-to-month,Yes,Credit card (automatic),79.55,High,958.25,Medium Value,Yes
5846-ABOBJ,Two year,No,Bank transfer (automatic),24.45,Low,1730.65,Medium Value,No
1439-LCGVL,One year,No,Mailed check,19.2,Low,459.6,Low Value,No
0909-SDHNU,Month-to-month,No,Mailed check,29.8,Low,201.95,Low Value,Yes
4647-XXZAM,Month-to-month,No,Mailed check,45.5,Medium,285.2,Low Value,Yes
1502-XFCVR,One year,Yes,Electronic check,106.45,Very High,6145.85,High Value,No
7740-KKCXF,Month-to-month,Yes,Credit card (automatic),30.05,Low,1529.45,Medium Value,Yes
5360-XGYAZ,Two year,Yes,Bank transfer (automatic),65.65,Medium,4664.5,High Value,No
9692-TUSXH,Month-to-month,Yes,Electronic check,96.05,Very High,1740.7,Medium Value,Yes
7912-SYRQT,Month-to-month,Yes,Bank transfer (automatic),75.1,High,552.95,Low Value,Yes
3557-HTYWR,Two year,No,Mailed check,74.05,High,3496.3,High Value,No
4816-JBHOV,Month-to-month,Yes,Electronic check,44.7,Medium,93.7,Low Value,Yes
8920-NAVAY,One year,Yes,Bank transfer (automatic),110.75,Very High,7053.35,High Value,No
1699-TLDLZ,Two year,No,Mailed check,19.7,Low,301.55,Low Value,No
5600-PDUJF,Month-to-month,Yes,Credit card (automatic),49.5,Medium,312.7,Low Value,Yes
8292-TYSPY,Month-to-month,Yes,Credit card (automatic),55,Medium,1046.5,Medium Value,Yes
0567-XRHCU,Two year,Yes,Credit card (automatic),43.95,Medium,2960.1,High Value,No
1867-BDVFH,Month-to-month,Yes,Electronic check,74.35,High,834.2,Medium Value,Yes
2067-QYTCF,Month-to-month,Yes,Electronic check,111.15,Very High,6953.4,High Value,Yes
2359-QWQUL,One year,Yes,Credit card (automatic),104.7,Very High,4134.85,High Value,No
9103-TCIHJ,Month-to-month,Yes,Mailed check,55.7,Medium,899.8,Medium Value,Yes
7407-SUJIZ,Month-to-month,No,Mailed check,20.6,Low,541.5,Low Value,Yes
9150-KPBJQ,Two year,No,Credit card (automatic),19.65,Low,116.85,Low Value,No
0052-DCKON,One year,No,Bank transfer (automatic),115.8,Very High,7942.15,High Value,No
3654-ARMGP,Two year,No,Credit card (automatic),88.65,High,5321.25,High Value,No
9699-UBQFS,Month-to-month,Yes,Electronic check,94.5,Very High,4156.8,High Value,Yes
9367-TCUYN,Month-to-month,No,Mailed check,20.1,Low,223.6,Low Value,Yes
1261-FWTTE,Month-to-month,Yes,Bank transfer (automatic),34.65,Low,768.45,Medium Value,Yes
3528-HFRIQ,Month-to-month,Yes,Bank transfer (automatic),52.3,Medium,3765.05,High Value,Yes
0708-SJDIS,Month-to-month,No,Mailed check,65,Medium,2157.5,Medium Value,Yes
4140-WJAWW,Month-to-month,No,Credit card (automatic),19.85,Low,108.05,Low Value,Yes
2073-QBVBI,One year,No,Mailed check,35.45,Low,1391.65,Medium Value,No
6928-ONTRW,Two year,No,Credit card (automatic),19.7,Low,1379.8,Medium Value,No
3320-VEOYC,Month-to-month,Yes,Electronic check,95.6,Very High,1273.3,Medium Value,Yes
5231-FIQPA,Two year,Yes,Mailed check,19.85,Low,810.45,Medium Value,No
6617-WLBQC,One year,No,Credit card (automatic),81.85,High,1810.85,Medium Value,No
2599-CIPQE,Two year,No,Credit card (automatic),109.3,Very High,7782.85,High Value,No
6653-CBBOM,Month-to-month,Yes,Electronic check,70.3,Medium,70.3,Low Value,Yes
8774-GSBUN,Two year,No,Mailed check,25.4,Low,1797.1,Medium Value,No
7326-RIGQZ,Month-to-month,Yes,Electronic check,69.8,Medium,377.85,Low Value,Yes
1401-FTHFQ,One year,Yes,Credit card (automatic),20,Low,445.3,Low Value,No
3247-ZVOUO,Month-to-month,No,Electronic check,85.55,High,851.75,Medium Value,Yes
0254-FNMCI,Two year,Yes,Electronic check,109.9,Very High,7624.2,High Value,No
1848-LBZHY,Month-to-month,Yes,Bank transfer (automatic),50.3,Medium,355.1,Low Value,Yes
6101-IMRMM,Month-to-month,No,Mailed check,94.5,Very High,575.45,Low Value,Yes
8118-TJAFG,Month-to-month,Yes,Electronic check,101.5,Very High,906.85,Medium Value,Yes
5429-LWCMV,Month-to-month,Yes,Electronic check,89.15,High,1057.55,Medium Value,Yes
7298-IZWLY,Month-to-month,Yes,Mailed check,19.4,Low,19.4,Low Value,Yes
9758-MFWGD,One year,No,Bank transfer (automatic),29.9,Low,1388.75,Medium Value,No
3955-JBZZM,Month-to-month,No,Electronic check,78.8,High,1641.3,Medium Value,Yes
1268-ASBGA,Month-to-month,Yes,Credit card (automatic),85.35,High,1375.15,Medium Value,Yes
8943-URTMR,Month-to-month,Yes,Mailed check,79.65,High,152.7,Low Value,Yes
4815-TUMEQ,One year,Yes,Mailed check,19.3,Low,185.2,Low Value,No
4713-LZDRV,Month-to-month,Yes,Electronic check,79.6,High,195.05,Low Value,Yes
9909-IDLEK,Month-to-month,No,Mailed check,96.8,Very High,1826.7,Medium Value,Yes
4092-OFQZS,One year,No,Mailed check,20.65,Low,417.5,Low Value,No
1561-BWHIN,One year,No,Mailed check,19.8,Low,344.5,Low Value,No
4325-NFSKC,Month-to-month,Yes,Electronic check,90.6,Very High,1660,Medium Value,Yes
9927-DSWDF,Month-to-month,Yes,Electronic check,104.6,Very High,2180.55,Medium Value,Yes
9500-LTVBP,Month-to-month,No,Credit card (automatic),80.05,High,2835.9,High Value,Yes
7252-NTGSS,Month-to-month,No,Mailed check,45.15,Medium,45.15,Low Value,Yes
8149-AIQCG,Month-to-month,Yes,Credit card (automatic),73.15,High,2730.85,Medium Value,Yes
1360-JYXKQ,One year,Yes,Electronic check,99.1,Very High,5437.1,High Value,No
2955-PSXOE,Month-to-month,Yes,Bank transfer (automatic),20.2,Low,20.2,Low Value,Yes
7762-URZQH,Two year,Yes,Credit card (automatic),106.05,Very High,6981.35,High Value,No
0899-WZRSD,Month-to-month,Yes,Mailed check,105.35,Very High,5794.45,High Value,Yes
3255-GRXMG,Month-to-month,Yes,Credit card (automatic),45.65,Medium,747.2,Medium Value,Yes
4828-FAZPK,Month-to-month,Yes,Credit card (automatic),79.95,High,1267.95,Medium Value,Yes
6094-ZIVKX,One year,Yes,Credit card (automatic),54.45,Medium,3674.95,High Value,No
6925-BAYGL,Two year,No,Credit card (automatic),25.1,Low,1275.6,Medium Value,No
3262-EIDHV,Two year,No,Credit card (automatic),84.7,High,5893.9,High Value,No
7354-OIJLX,Month-to-month,Yes,Electronic check,75.85,High,724.65,Medium Value,Yes
1376-HHBDV,Month-to-month,Yes,Mailed check,48.8,Medium,1536.75,Medium Value,Yes
6907-NZZIJ,Month-to-month,Yes,Electronic check,99.15,Very High,3615.6,High Value,Yes
6133-OZILE,Month-to-month,Yes,Electronic check,35.2,Low,607.3,Low Value,Yes
4135-FRWKJ,One year,No,Electronic check,76.25,High,4154.55,High Value,No
2911-UREFD,Month-to-month,No,Electronic check,55.9,Medium,2184.35,Medium Value,Yes
3744-ZRRDZ,Month-to-month,Yes,Electronic check,82.35,High,1852.85,Medium Value,Yes
5673-TIYIB,Month-to-month,Yes,Credit card (automatic),40.4,Medium,77.15,Low Value,Yes
6551-ZCOTS,One year,Yes,Bank transfer (automatic),24.9,Low,847.8,Medium Value,No
7191-ADRGF,Two year,No,Bank transfer (automatic),54.3,Medium,2390.45,Medium Value,No
5018-LXQQG,Month-to-month,No,Bank transfer (automatic),66.3,Medium,1923.5,Medium Value,Yes
6892-BOGQE,Two year,Yes,Bank transfer (automatic),20.9,Low,1493.2,Medium Value,No
1602-IJQQE,Month-to-month,No,Electronic check,75.35,High,338.1,Low Value,Yes
4628-WQCQQ,One year,Yes,Electronic check,85.15,High,3030.6,High Value,No
1746-TGTWV,Month-to-month,No,Credit card (automatic),75.35,High,75.35,Low Value,Yes
5995-SNNEW,Month-to-month,Yes,Electronic check,104.45,Very High,2184.85,Medium Value,Yes
8050-WYBND,One year,Yes,Credit card (automatic),49.45,Medium,1031.4,Medium Value,No
2821-WARNZ,One year,No,Credit card (automatic),19.45,Low,921.3,Medium Value,No
4879-GZLFH,Month-to-month,Yes,Electronic check,92.15,Very High,3875.4,High Value,Yes
1644-IRKSF,One year,Yes,Electronic check,93.8,Very High,3124.5,High Value,No
8314-HTWVE,Two year,No,Mailed check,19.85,Low,144.15,Low Value,No
9402-ROUMJ,One year,Yes,Bank transfer (automatic),100.25,Very High,6689,High Value,No
2507-QZPQS,Month-to-month,No,Electronic check,95.7,Very High,1451.1,Medium Value,Yes
7159-NOKYQ,Two year,Yes,Electronic check,93.15,Very High,6368.2,High Value,No
5707-ZMDJP,Two year,Yes,Mailed check,69.7,Medium,3729.6,High Value,No
8779-YIQQA,One year,No,Mailed check,19.8,Low,350.1,Low Value,No
7136-IHZJA,Month-to-month,Yes,Mailed check,71.35,High,2847.2,High Value,Yes
8966-OIQHG,One year,No,Bank transfer (automatic),20.75,Low,452.35,Low Value,No
7074-STDCN,Month-to-month,Yes,Electronic check,40.6,Medium,1494.5,Medium Value,Yes
3705-PSNGL,One year,Yes,Electronic check,20.4,Low,930.45,Medium Value,No
8739-QOTTN,Month-to-month,No,Mailed check,20.35,Low,41.85,Low Value,Yes
1399-OUPJN,Two year,No,Bank transfer (automatic),19.75,Low,1272.05,Medium Value,No
0277-BKSQP,Month-to-month,Yes,Electronic check,54.4,Medium,475.1,Low Value,Yes
6502-HCJTI,Month-to-month,Yes,Credit card (automatic),94.7,Very High,673.1,Low Value,Yes
2606-RMDHZ,Month-to-month,Yes,Credit card (automatic),30.5,Low,208.7,Low Value,Yes
5774-XZTQC,Month-to-month,No,Mailed check,20.45,Low,150.75,Low Value,Yes
2676-SSLTO,Two year,Yes,Bank transfer (automatic),66.15,Medium,3199,High Value,No
6266-QHOJZ,One year,Yes,Electronic check,89.85,High,5844.65,High Value,No
7269-JISCY,One year,No,Bank transfer (automatic),45.05,Medium,2462.6,Medium Value,No
0363-SVHYR,Two year,No,Bank transfer (automatic),86.85,High,6263.8,High Value,No
8547-NSBBO,Month-to-month,Yes,Mailed check,96.75,Very High,3403.4,High Value,Yes
8258-GSTJK,Month-to-month,Yes,Electronic check,77,High,237.75,Low Value,Yes
6861-OKBCE,Month-to-month,No,Credit card (automatic),20.1,Low,221.35,Low Value,Yes
9940-RHLFB,Month-to-month,No,Electronic check,75.3,High,75.3,Low Value,Yes
6591-QGOYB,Month-to-month,Yes,Bank transfer (automatic),106.65,Very High,1672.1,Medium Value,Yes
9070-BCKQP,Two year,Yes,Credit card (automatic),110.15,Very High,7881.2,High Value,No
6421-SZVEM,One year,Yes,Bank transfer (automatic),82.85,High,2320.8,Medium Value,No
1328-EUZHC,Two year,No,Mailed check,20.1,Low,370.5,Low Value,No
2995-UPRYS,One year,Yes,Credit card (automatic),99.2,Very High,4062.2,High Value,No
8878-RYUKI,Month-to-month,Yes,Electronic check,59.45,Medium,3043.7,High Value,Yes
9633-DENPU,Month-to-month,Yes,Bank transfer (automatic),58.6,Medium,2723.4,Medium Value,Yes
7811-JIVPF,Month-to-month,No,Credit card (automatic),49.7,Medium,1081.25,Medium Value,Yes
7113-HIPFI,Two year,No,Mailed check,65.85,Medium,4097.05,High Value,No
8541-QVFKM,Month-to-month,Yes,Electronic check,73.5,High,632.2,Low Value,Yes
6686-YPGHK,Month-to-month,No,Mailed check,85.5,High,4042.3,High Value,Yes
1383-EZRWL,Month-to-month,No,Mailed check,20.05,Low,164.85,Low Value,Yes
9258-CNWAC,Two year,No,Credit card (automatic),113.65,Very High,8166.8,High Value,No
5371-VYLSX,Month-to-month,Yes,Electronic check,83.4,High,4113.7,High Value,Yes
6374-AFWOX,Two year,No,Mailed check,65.65,Medium,3047.15,High Value,No
4759-TRPLW,Month-to-month,No,Electronic check,70.4,High,70.4,Low Value,Yes
5317-FLPJF,Two year,Yes,Bank transfer (automatic),61.35,Medium,4193.4,High Value,No
7621-VPNET,Month-to-month,Yes,Credit card (automatic),85.9,High,3729.75,High Value,Yes
6034-YMTOB,Month-to-month,Yes,Mailed check,75.65,High,399.45,Low Value,Yes
8563-IIOXK,One year,Yes,Electronic check,49.75,Medium,331.3,Low Value,No
4903-CNOZC,One year,No,Credit card (automatic),70.9,High,1964.6,Medium Value,No
4353-HYOJD,Month-to-month,No,Mailed check,49.85,Medium,1336.15,Medium Value,Yes
8020-BWHYL,Month-to-month,Yes,Credit card (automatic),75.3,High,1147.45,Medium Value,Yes
7267-FRMJW,Two year,No,Mailed check,20.1,Low,486.05,Low Value,No
2982-VPSGI,Month-to-month,Yes,Electronic check,94,Very High,1078.9,Medium Value,Yes
4188-FRABG,Month-to-month,Yes,Electronic check,103.05,Very High,5925.75,High Value,Yes
8199-ZLLSA,One year,Yes,Bank transfer (automatic),118.35,Very High,7804.15,High Value,No
4128-ETESU,Month-to-month,No,Electronic check,99.7,Very High,4747.2,High Value,Yes
0620-DLSLK,Month-to-month,Yes,Mailed check,81.9,High,1028.9,Medium Value,Yes
4625-EWPTF,Month-to-month,Yes,Electronic check,30.45,Low,226.45,Low Value,Yes
5980-NOPLP,Month-to-month,Yes,Electronic check,96.1,Very High,4364.1,High Value,Yes
3850-OKINF,One year,Yes,Electronic check,66.2,Medium,4692.55,High Value,No
6892-XPFPU,Month-to-month,Yes,Electronic check,104.25,Very High,2433.9,Medium Value,Yes
8010-EZLOU,Month-to-month,Yes,Electronic check,80.2,High,1217.25,Medium Value,Yes
1156-ZFYDO,Month-to-month,No,Electronic check,19.75,Low,19.75,Low Value,Yes
3295-YVUSR,Month-to-month,Yes,Mailed check,72.6,High,154.3,Low Value,Yes
8016-NCFVO,Month-to-month,Yes,Electronic check,116.5,Very High,6382.55,High Value,Yes
4119-ZYPZY,Two year,Yes,Electronic check,106.8,Very High,7623.2,High Value,No
5549-ZGHFB,Two year,No,Mailed check,24.95,Low,1261.45,Medium Value,No
7577-SWIFR,Month-to-month,Yes,Electronic check,89.25,High,89.25,Low Value,Yes
0303-WMMRN,Month-to-month,Yes,Mailed check,19.25,Low,86.05,Low Value,Yes
6408-OTUBZ,One year,Yes,Bank transfer (automatic),104.55,Very High,6779.05,High Value,No
5204-HMGYF,One year,Yes,Mailed check,87.2,High,4345,High Value,No
1078-TDCRN,Month-to-month,Yes,Electronic check,30.75,Low,82.85,Low Value,Yes
3727-OVPRY,One year,Yes,Credit card (automatic),25.7,Low,1714.55,Medium Value,No
3797-FKOGQ,Month-to-month,No,Electronic check,86.2,High,893.2,Medium Value,Yes
7622-NXQZR,Month-to-month,Yes,Credit card (automatic),30.1,Low,810.85,Medium Value,Yes
6196-HBOBZ,Two year,Yes,Electronic check,99.35,Very High,6347.55,High Value,No
3970-XGJDU,Two year,Yes,Credit card (automatic),19.2,Low,1123.65,Medium Value,No
7017-VFULY,Month-to-month,No,Bank transfer (automatic),20.1,Low,43.15,Low Value,Yes
5562-YJQGT,Month-to-month,No,Credit card (automatic),20.35,Low,35.1,Low Value,Yes
8807-OPMBM,Two year,Yes,Credit card (automatic),25.65,Low,1388,Medium Value,No
5439-WIKXB,Month-to-month,Yes,Electronic check,94.55,Very High,3851.45,High Value,Yes
9874-QLCLH,Month-to-month,Yes,Electronic check,104.2,Very High,1743.5,Medium Value,Yes
8294-UIMBA,One year,Yes,Bank transfer (automatic),94.4,Very High,2638.1,Medium Value,No
8109-YUOHE,One year,No,Mailed check,56.1,Medium,946.95,Medium Value,No
5840-NVDCG,Two year,No,Bank transfer (automatic),68.25,Medium,1114.85,Medium Value,No
8092-NLTGF,Two year,No,Bank transfer (automatic),24.75,Low,1777.6,Medium Value,No
5928-QLDHB,Month-to-month,Yes,Electronic check,76.25,High,684.85,Medium Value,Yes
9840-EFJQB,Month-to-month,No,Electronic check,74.35,High,74.35,Low Value,Yes
0696-UKTOX,Month-to-month,No,Electronic check,54.15,Medium,1312.45,Medium Value,Yes
4801-KFYKL,Month-to-month,No,Bank transfer (automatic),19.45,Low,159.2,Low Value,Yes
3472-OAOOR,Month-to-month,Yes,Mailed check,34.95,Low,610.2,Low Value,Yes
6135-OZQVA,Month-to-month,Yes,Electronic check,53.65,Medium,404.35,Low Value,Yes
8062-YBDOE,Month-to-month,Yes,Electronic check,69.65,Medium,69.65,Low Value,Yes
2252-JHJGE,One year,No,Electronic check,104,Very High,6363.45,High Value,No
4188-PCPIG,Two year,Yes,Credit card (automatic),70.35,Medium,4124.65,High Value,No
6000-APYLU,Month-to-month,Yes,Electronic check,80.8,High,713.1,Medium Value,Yes
7105-BENQF,One year,No,Mailed check,64.85,Medium,950.75,Medium Value,No
7721-DVEKZ,Month-to-month,No,Mailed check,19.65,Low,19.65,Low Value,Yes
3566-VVORZ,Month-to-month,No,Bank transfer (automatic),45.9,Medium,505.95,Low Value,Yes
9507-HSMMZ,Two year,No,Mailed check,20,Low,1149.65,Medium Value,No
2480-SQIOB,Month-to-month,No,Electronic check,44.8,Medium,169.65,Low Value,Yes
0947-IDHRQ,Month-to-month,Yes,Mailed check,80.3,High,526.7,Low Value,Yes
7813-TKCVO,One year,No,Mailed check,20.35,Low,393.15,Low Value,No
0128-MKWSG,Month-to-month,No,Mailed check,45.8,Medium,1147,Medium Value,Yes
3672-YITQD,Month-to-month,Yes,Electronic check,84.1,High,3021.6,High Value,Yes
4350-ZTLPI,One year,Yes,Bank transfer (automatic),108.95,Very High,5718.2,High Value,No
9048-JVYVF,Month-to-month,Yes,Electronic check,69.35,Medium,191.35,Low Value,Yes
0361-HJRDX,Two year,No,Credit card (automatic),64.35,Medium,4539.6,High Value,No
5727-MYATE,Two year,Yes,Credit card (automatic),90.8,Very High,6397.6,High Value,No
3823-KYNQY,One year,No,Credit card (automatic),24.95,Low,280.4,Low Value,No
8988-ECPJR,Month-to-month,Yes,Mailed check,79.6,High,2718.3,Medium Value,Yes
7570-WELNY,Two year,Yes,Bank transfer (automatic),84.7,High,5711.05,High Value,No
3021-VLNRJ,One year,Yes,Credit card (automatic),70.8,High,3478.15,High Value,No
3776-EKTKM,Month-to-month,Yes,Electronic check,36.45,Medium,36.45,Low Value,Yes
2080-CAZNM,Month-to-month,Yes,Electronic check,104.4,Very High,4133.95,High Value,Yes
1028-FFNJK,Month-to-month,Yes,Electronic check,101.5,Very High,2917.65,High Value,Yes
6907-FLBER,Month-to-month,No,Electronic check,54.3,Medium,54.3,Low Value,Yes
3001-UNBTL,Month-to-month,Yes,Electronic check,103.95,Very High,2964.8,High Value,Yes
5982-PSMKW,Two year,Yes,Credit card (automatic),91.1,Very High,2198.3,Medium Value,No
3507-GASNP,Two year,No,Mailed check,19.95,Low,1189.9,Medium Value,No
7096-ZNBZI,Two year,No,Credit card (automatic),26.45,Low,1914.5,Medium Value,No
1902-XBTFB,Month-to-month,Yes,Electronic check,89.4,High,2001.5,Medium Value,Yes
1676-MQAOA,Two year,Yes,Bank transfer (automatic),75.1,High,5336.35,High Value,No
0786-IVLAW,One year,No,Bank transfer (automatic),108.1,Very High,7238.6,High Value,No
7566-DSRLQ,Two year,Yes,Electronic check,110.15,Very High,7998.8,High Value,No
0643-OKLRP,Month-to-month,No,Electronic check,80.35,High,3825.85,High Value,Yes
7245-JMTTQ,One year,Yes,Electronic check,111.5,Very High,5703.25,High Value,No
6050-IJRHS,One year,Yes,Electronic check,106.5,Very High,7397,High Value,No
6202-JVYEU,One year,Yes,Electronic check,19.9,Low,164.6,Low Value,No
8591-TKMZH,Two year,Yes,Mailed check,111.1,Very High,6555.2,High Value,No
0734-OXWBT,Month-to-month,No,Mailed check,70.7,High,225.65,Low Value,Yes
4282-ACRXS,Month-to-month,Yes,Electronic check,24.85,Low,955.75,Medium Value,Yes
0365-TRTPY,Month-to-month,No,Bank transfer (automatic),91.2,Very High,3382.3,High Value,Yes
7349-ALMUX,Two year,No,Bank transfer (automatic),65.6,Medium,2313.8,Medium Value,No
9381-NDKME,Month-to-month,Yes,Credit card (automatic),40.65,Medium,933.3,Medium Value,Yes
6502-KUGLL,Month-to-month,No,Bank transfer (automatic),59.45,Medium,780.85,Medium Value,Yes
1841-YSJGV,Two year,Yes,Credit card (automatic),109.95,Very High,7852.4,High Value,No
2794-XIMMO,One year,Yes,Electronic check,60.45,Medium,3184.25,High Value,No
8382-SHQEH,Month-to-month,Yes,Electronic check,84.9,High,764.95,Medium Value,Yes
3511-BFTJW,Two year,No,Credit card (automatic),38.5,Medium,2763,High Value,No
7668-XCFYV,Month-to-month,Yes,Electronic check,92.55,Very High,1614.7,Medium Value,Yes
2983-ZANRP,Month-to-month,Yes,Bank transfer (automatic),73.55,High,145.4,Low Value,Yes
7845-URHJN,Month-to-month,No,Bank transfer (automatic),20.15,Low,156.25,Low Value,Yes
3034-ZBEQN,One year,No,Mailed check,34.7,Low,1604.5,Medium Value,No
5018-HEKFO,Month-to-month,Yes,Mailed check,24.5,Low,270.15,Low Value,Yes
2923-ARZLG,One year,Yes,Mailed check,19.7,Low,,,No
3976-NLDEZ,Month-to-month,No,Mailed check,20.6,Low,20.6,Low Value,Yes
2282-YGNOR,One year,No,Credit card (automatic),58,Medium,1734.5,Medium Value,No
5336-UFNZP,One year,Yes,Electronic check,107.45,Very High,7047.5,High Value,No
6854-EXGSF,Month-to-month,Yes,Bank transfer (automatic),65.5,Medium,573.15,Low Value,Yes
1241-EZFMJ,Two year,No,Bank transfer (automatic),25.45,Low,1538.6,Medium Value,No
9233-PSYHO,One year,Yes,Bank transfer (automatic),100.15,Very High,4459.8,High Value,No
5376-PCKNB,One year,Yes,Credit card (automatic),104.45,Very High,7459,High Value,No
8044-BGWPI,Month-to-month,Yes,Electronic check,21.15,Low,306.05,Low Value,Yes
4060-LDNLU,Month-to-month,No,Electronic check,96.2,Very High,639.7,Low Value,Yes
3589-PPVKW,Month-to-month,Yes,Mailed check,44.4,Medium,348.15,Low Value,Yes
8327-LZKAS,One year,Yes,Electronic check,107.55,Very High,4533.9,High Value,No
5887-IKKYO,Two year,No,Bank transfer (automatic),94.35,Very High,5563.65,High Value,No
1075-BGWOH,Month-to-month,Yes,Electronic check,98.75,Very High,1587.55,Medium Value,Yes
1755-RMCXH,Month-to-month,No,Mailed check,20.3,Low,40.25,Low Value,Yes
0302-JOIVN,Month-to-month,No,Electronic check,101.15,Very High,842.9,Medium Value,Yes
3858-XHYJO,One year,No,Bank transfer (automatic),105.75,Very High,4228.55,High Value,No
4299-SIMNS,Month-to-month,Yes,Electronic check,81.15,High,784.45,Medium Value,Yes
7025-IWFHT,One year,Yes,Electronic check,89.55,High,3729.75,High Value,No
6261-LHRTG,Month-to-month,Yes,Credit card (automatic),54.75,Medium,1406.9,Medium Value,Yes
7841-FCRQD,One year,Yes,Credit card (automatic),53.75,Medium,1857.3,Medium Value,No
2056-EVGZL,One year,No,Credit card (automatic),105.75,Very High,7322.5,High Value,No
8777-MBMTS,Two year,Yes,Credit card (automatic),105.85,Very High,6725.5,High Value,No
7753-USQYQ,One year,Yes,Electronic check,64.2,Medium,3627.3,High Value,No
5366-IJEQJ,Month-to-month,Yes,Electronic check,88.7,High,1761.45,Medium Value,Yes
7661-CPURM,One year,Yes,Credit card (automatic),87.7,High,1725.95,Medium Value,No
6233-HXJMX,Month-to-month,Yes,Credit card (automatic),89.3,High,4192.15,High Value,Yes
5902-WBLSE,Two year,Yes,Credit card (automatic),20.15,Low,1411.2,Medium Value,No
1981-INRFU,Month-to-month,Yes,Electronic check,79.75,High,164.5,Low Value,Yes
4971-PUYQO,Month-to-month,Yes,Mailed check,94.55,Very High,2724.6,Medium Value,Yes
3239-TPHPZ,Two year,Yes,Electronic check,20.05,Low,264.55,Low Value,No
5115-GZDEL,Two year,No,Credit card (automatic),67.2,Medium,4671.7,High Value,No
3338-CVVEH,Month-to-month,No,Electronic check,94.55,Very High,1173.55,Medium Value,Yes
8485-GJCDN,Month-to-month,Yes,Mailed check,69.05,Medium,318.5,Low Value,Yes
2615-YVMYX,Month-to-month,Yes,Electronic check,107.5,Very High,7713.55,High Value,Yes
2851-STERV,One year,Yes,Electronic check,73,High,2471.25,Medium Value,No
4393-GEADV,Two year,No,Credit card (automatic),114.75,Very High,7842.3,High Value,No
8486-AYEQH,Month-to-month,Yes,Electronic check,76.05,High,2227.8,Medium Value,Yes
1527-SXDPN,Two year,Yes,Bank transfer (automatic),96.25,Very High,4990.25,High Value,No
6029-WTIPC,Month-to-month,Yes,Electronic check,101.1,Very High,3744.05,High Value,Yes
8634-CILSZ,One year,Yes,Bank transfer (automatic),104.7,Very High,7220.35,High Value,No
5419-JKZNQ,Month-to-month,No,Mailed check,77.9,High,2351.45,Medium Value,Yes
2495-KZNFB,Month-to-month,Yes,Electronic check,90.65,Very High,2989.6,High Value,Yes
1409-PHXTF,Two year,Yes,Electronic check,110.45,Very High,6077.75,High Value,No
4560-WQAQW,One year,No,Bank transfer (automatic),68.7,Medium,4070.95,High Value,No
9591-YVTEB,Month-to-month,Yes,Electronic check,44.85,Medium,2479.05,Medium Value,Yes
9309-BZGNT,One year,Yes,Credit card (automatic),29.8,Low,2134.3,Medium Value,No
4274-DRSQT,One year,Yes,Bank transfer (automatic),88.9,High,6000.1,High Value,No
2027-DNKIV,One year,Yes,Mailed check,58.75,Medium,2203.1,Medium Value,No
8075-GXIUB,One year,No,Credit card (automatic),19.85,Low,183.15,Low Value,No
2885-HIJDH,Two year,No,Bank transfer (automatic),86.9,High,6194.1,High Value,No
5424-RLQLC,Month-to-month,Yes,Mailed check,59.65,Medium,638.95,Low Value,Yes
6682-QJDGB,Month-to-month,Yes,Mailed check,55.25,Medium,2139.2,Medium Value,Yes
6507-DTJZV,Month-to-month,No,Credit card (automatic),66.4,Medium,831.75,Medium Value,Yes
8780-IXSTS,Month-to-month,Yes,Electronic check,90.1,Very High,521.3,Low Value,Yes
7673-BQGKU,Two year,No,Bank transfer (automatic),20.15,Low,1337.5,Medium Value,No
6723-WSNTY,One year,Yes,Credit card (automatic),108.1,Very High,7181.95,High Value,No
9530-EHPOH,Month-to-month,No,Electronic check,53.75,Medium,608,Low Value,Yes
2725-IWWBA,One year,No,Mailed check,56.9,Medium,2560.1,Medium Value,No
0345-HKJVM,Month-to-month,No,Electronic check,89.3,High,577.6,Low Value,Yes
1061-PNTHC,Month-to-month,Yes,Mailed check,109.6,Very High,5953,High Value,Yes
0394-YONDK,Two year,No,Credit card (automatic),25.15,Low,1790.15,Medium Value,No
6574-MCOEH,One year,Yes,Electronic check,79.15,High,2531.4,Medium Value,No
7399-QHBJS,Two year,No,Credit card (automatic),66.75,Medium,4760.3,High Value,No
3049-SOLAY,Month-to-month,Yes,Electronic check,95.2,Very High,292.85,Low Value,Yes
0997-YTLNY,Month-to-month,No,Mailed check,48.8,Medium,953.65,Medium Value,Yes
3317-HRTNN,Month-to-month,No,Electronic check,45.7,Medium,198,Low Value,Yes
9479-HYNYL,Two year,Yes,Credit card (automatic),80.7,High,5705.05,High Value,No
3235-ETOOB,Month-to-month,Yes,Electronic check,74.5,High,609.9,Low Value,Yes
9708-KFDBY,Month-to-month,No,Credit card (automatic),20.55,Low,20.55,Low Value,Yes
8058-INTPH,Month-to-month,Yes,Electronic check,79.65,High,79.65,Low Value,Yes
3642-GKTCT,One year,Yes,Mailed check,115.1,Very High,6993.65,High Value,No
0774-RMNUW,Two year,No,Bank transfer (automatic),59.7,Medium,4122.65,High Value,No
1334-PDUKM,One year,No,Credit card (automatic),86.45,High,5762.95,High Value,No
0756-MPZRL,One year,No,Credit card (automatic),33.7,Low,1537.85,Medium Value,No
2242-MFOTG,One year,No,Bank transfer (automatic),80.1,High,2603.3,Medium Value,No
2927-CVULT,Two year,Yes,Bank transfer (automatic),104.05,Very High,5566.4,High Value,No
2144-BFDSO,Month-to-month,No,Bank transfer (automatic),108.75,Very High,5431.9,High Value,Yes
8745-PVESG,One year,Yes,Credit card (automatic),41.1,Medium,2258.25,Medium Value,No
7647-GYYKX,Two year,Yes,Bank transfer (automatic),20.35,Low,1092.35,Medium Value,No
5647-FXOTP,Month-to-month,Yes,Electronic check,105.9,Very High,6401.25,High Value,Yes
5569-OUICF,Month-to-month,Yes,Credit card (automatic),101.3,Very High,2812.2,High Value,Yes
8821-XNHVZ,Month-to-month,Yes,Mailed check,80.05,High,80.05,Low Value,Yes
2082-OJVTK,Month-to-month,Yes,Electronic check,89.2,High,2698.35,Medium Value,Yes
9700-ISPUP,Month-to-month,Yes,Electronic check,65.5,Medium,616.9,Low Value,Yes
9839-ETQOE,Month-to-month,Yes,Electronic check,40.45,Medium,1912.85,Medium Value,Yes
6078-VESFR,Month-to-month,No,Bank transfer (automatic),70.45,High,849.1,Medium Value,Yes
9027-TMATR,Two year,Yes,Electronic check,78.8,High,3460.3,High Value,No
5940-NFXKV,Month-to-month,Yes,Electronic check,83.65,High,1465.75,Medium Value,Yes
1941-HOSAM,Month-to-month,Yes,Electronic check,90.1,Very High,90.1,Low Value,Yes
9110-HSGTV,Two year,Yes,Credit card (automatic),82.45,High,5555.3,High Value,No
0704-VCUMB,Two year,No,Credit card (automatic),20.25,Low,1278.8,Medium Value,No
6171-ZTVYB,Month-to-month,No,Bank transfer (automatic),66.25,Medium,2907.35,High Value,Yes
8053-WWDRO,Month-to-month,No,Bank transfer (automatic),19.5,Low,146.3,Low Value,Yes
9564-KCLHR,Month-to-month,No,Mailed check,51.25,Medium,51.25,Low Value,Yes
1935-IMVBB,Month-to-month,No,Mailed check,89.7,High,4952.95,High Value,Yes
2535-PBCGC,Two year,No,Bank transfer (automatic),64.55,Medium,4504.9,High Value,No
2082-CEFLT,Month-to-month,Yes,Electronic check,45.6,Medium,45.6,Low Value,Yes
1470-PSXNM,One year,Yes,Electronic check,93.65,Very High,4520.15,High Value,No
1213-NGCUN,Month-to-month,Yes,Bank transfer (automatic),49.65,Medium,267.35,Low Value,Yes
2498-XLDZR,Two year,No,Mailed check,73.6,High,2316.85,Medium Value,No
9866-OCCKE,Two year,Yes,Mailed check,109.75,Very High,8075.35,High Value,No
5338-YHWYT,Two year,No,Credit card (automatic),61.45,Medium,2302.35,Medium Value,No
7718-UPSKJ,One year,Yes,Credit card (automatic),106.4,Very High,7251.9,High Value,No
8731-WBBMB,Month-to-month,No,Bank transfer (automatic),81.9,High,2078.55,Medium Value,Yes
1448-CYWKC,One year,Yes,Credit card (automatic),105.2,Very High,6225.4,High Value,No
7901-IIDQV,One year,No,Bank transfer (automatic),54.6,Medium,1242.25,Medium Value,No
2690-DVRVK,One year,No,Electronic check,20.55,Low,99.45,Low Value,No
5688-KZTSN,Month-to-month,Yes,Electronic check,20,Low,288.05,Low Value,Yes
1270-XKUCC,Two year,No,Mailed check,19.7,Low,599.25,Low Value,No
0334-ZFJSR,One year,Yes,Credit card (automatic),66.05,Medium,3462.1,High Value,No
2894-QOJRX,Month-to-month,Yes,Bank transfer (automatic),34,Low,853,Medium Value,Yes
5747-PMBSQ,Month-to-month,Yes,Mailed check,92.5,Very High,934.1,Medium Value,Yes
5583-EJXRD,Two year,Yes,Credit card (automatic),54.05,Medium,2375.2,Medium Value,No
4565-EVZMJ,One year,Yes,Mailed check,58.9,Medium,2813.05,High Value,No
3143-JQEGI,Month-to-month,No,Electronic check,88.35,High,1222.8,Medium Value,Yes
6386-SZZKH,Two year,Yes,Bank transfer (automatic),107.95,Very High,5293.2,High Value,No
3327-YBAKM,One year,Yes,Mailed check,96.9,Very High,6314.35,High Value,No
9441-QHEVC,Month-to-month,No,Mailed check,19.1,Low,19.1,Low Value,Yes
6705-LNMDD,Month-to-month,No,Mailed check,50,Medium,1003.05,Medium Value,Yes
2580-ASVVY,Two year,No,Electronic check,45.4,Medium,1593.1,Medium Value,No
3370-GQEAL,Month-to-month,No,Electronic check,85.45,High,2509.95,Medium Value,Yes
5032-USPKF,One year,No,Bank transfer (automatic),84.1,High,3187.65,High Value,No
2982-IHMFT,Month-to-month,Yes,Mailed check,74.45,High,74.45,Low Value,Yes
3521-SYVOR,Month-to-month,Yes,Electronic check,64.75,Medium,2345.2,Medium Value,Yes
4254-QPEDE,Two year,No,Credit card (automatic),66.25,Medium,3330.1,High Value,No
6283-GITPX,Two year,Yes,Credit card (automatic),76.9,High,5522.7,High Value,No
9526-JAWYF,Month-to-month,No,Electronic check,89.8,High,2335.3,Medium Value,Yes
0771-CHWSK,Two year,Yes,Credit card (automatic),74.6,High,4798.4,High Value,No
9788-HNGUT,Two year,Yes,Credit card (automatic),116.95,Very High,8594.4,High Value,No
9495-REDIY,One year,Yes,Credit card (automatic),40.65,Medium,970.55,Medium Value,No
5375-XLDOF,Two year,Yes,Bank transfer (automatic),114.35,Very High,7665.8,High Value,No
1172-VIYBP,Two year,No,Bank transfer (automatic),69.7,Medium,3686.05,High Value,No
5649-VUKMC,One year,No,Mailed check,95.5,Very High,1115.15,Medium Value,No
6559-PDZLR,Month-to-month,Yes,Electronic check,98.65,Very High,2537,Medium Value,Yes
8992-OBVDG,Month-to-month,No,Mailed check,61.65,Medium,1393.6,Medium Value,Yes
4273-MBHYA,Month-to-month,Yes,Electronic check,89.35,High,89.35,Low Value,Yes
4724-WXVWF,Month-to-month,Yes,Electronic check,95.4,Very High,4445.3,High Value,Yes
5701-GUXDC,One year,No,Credit card (automatic),35.4,Low,978.6,Medium Value,No
1460-UZPRJ,Two year,No,Mailed check,19.95,Low,1258.15,Medium Value,No
6082-GLJIX,Month-to-month,No,Mailed check,19.25,Low,331.35,Low Value,Yes
5143-EGQFK,Month-to-month,Yes,Electronic check,29.65,Low,291.4,Low Value,Yes
4919-IKATY,Month-to-month,Yes,Electronic check,84.5,High,453.75,Low Value,Yes
2495-TTHBQ,One year,Yes,Mailed check,20.4,Low,84.75,Low Value,No
0485-ZBSLN,Two year,No,Credit card (automatic),24.75,Low,1715.1,Medium Value,No
3810-PJUHR,Two year,No,Mailed check,25.35,Low,1715.15,Medium Value,No
9050-QLROH,Month-to-month,Yes,Credit card (automatic),90.7,Very High,1597.25,Medium Value,Yes
0847-HGRML,Two year,No,Bank transfer (automatic),20,Low,1250.1,Medium Value,No
8232-CTLKO,Two year,Yes,Electronic check,59.75,Medium,3996.8,High Value,No
9227-YBAXE,Two year,Yes,Bank transfer (automatic),82.5,High,5215.1,High Value,No
6168-WFVVF,Month-to-month,Yes,Electronic check,70.3,Medium,235.5,Low Value,Yes
9860-LISIZ,Month-to-month,No,Mailed check,20.35,Low,673.2,Low Value,Yes
0112-QAWRZ,Month-to-month,Yes,Bank transfer (automatic),90.8,Very High,1442.2,Medium Value,Yes
0877-SDMBN,One year,Yes,Bank transfer (automatic),103.95,Very High,5639.05,High Value,No
2786-GCDPI,Month-to-month,Yes,Electronic check,104.95,Very High,5222.35,High Value,Yes
4043-MKDTV,Two year,Yes,Electronic check,105.25,Very High,7291.75,High Value,No
8065-YKXKD,Month-to-month,Yes,Electronic check,74.75,High,799.65,Medium Value,Yes
9637-EIHEQ,Month-to-month,Yes,Electronic check,50.8,Medium,50.8,Low Value,Yes
9229-RQABD,One year,No,Mailed check,23.75,Low,424.5,Low Value,No
8313-KTIHG,Month-to-month,Yes,Electronic check,61.3,Medium,249.4,Low Value,Yes
5320-BRKGK,Two year,No,Mailed check,75.8,High,4415.75,High Value,No
6284-KMNUF,One year,Yes,Electronic check,98,Very High,5270.6,High Value,No
9689-PTNPG,Month-to-month,Yes,Electronic check,80.25,High,144.55,Low Value,Yes
9465-RWMXL,Month-to-month,Yes,Electronic check,78.9,High,2447.95,Medium Value,Yes
6229-UOLQL,One year,Yes,Mailed check,52,Medium,2884.9,High Value,No
2362-IBOOY,Month-to-month,Yes,Electronic check,84.75,High,3050.15,High Value,Yes
3137-LUPIX,Month-to-month,Yes,Mailed check,64.4,Medium,253,Low Value,Yes
0843-WTBXE,Month-to-month,No,Bank transfer (automatic),85.45,High,4517.25,High Value,Yes
6143-JQKEA,Month-to-month,Yes,Credit card (automatic),45.8,Medium,436.2,Low Value,Yes
8676-OOQEJ,Month-to-month,No,Electronic check,30.5,Low,118.4,Low Value,Yes
5515-IDEJJ,Month-to-month,No,Mailed check,19.9,Low,19.9,Low Value,Yes
9701-CDXHR,Month-to-month,No,Mailed check,69.15,Medium,3649.6,High Value,Yes
7450-NWRTR,Month-to-month,Yes,Electronic check,99.45,Very High,1200.15,Medium Value,Yes
8124-NZVGJ,One year,Yes,Mailed check,49.25,Medium,255.6,Low Value,No
2162-FRZAA,Two year,No,Bank transfer (automatic),39.35,Medium,2395.05,Medium Value,No
5376-DEQCP,Month-to-month,Yes,Electronic check,70.6,High,70.6,Low Value,Yes
5118-MUEYH,Month-to-month,Yes,Credit card (automatic),105.1,Very High,5083.55,High Value,Yes
9095-HFAFX,Month-to-month,Yes,Credit card (automatic),81,High,389.6,Low Value,Yes
5627-TVBPP,One year,Yes,Credit card (automatic),20.1,Low,644.5,Low Value,No
2379-ENZGV,Month-to-month,Yes,Electronic check,84.85,High,523.5,Low Value,Yes
3936-QQFLL,Month-to-month,No,Mailed check,19.75,Low,39.3,Low Value,Yes
2589-AYCRP,One year,No,Bank transfer (automatic),19.75,Low,989.05,Medium Value,No
4067-HLYQI,Month-to-month,Yes,Bank transfer (automatic),70.4,High,2406.1,Medium Value,Yes
5124-EOGYE,Two year,No,Mailed check,20.45,Low,638.55,Low Value,No
5057-RKGLH,Two year,No,Mailed check,20.35,Low,191.1,Low Value,No
0292-WEGCH,Month-to-month,Yes,Electronic check,86.2,High,4524.05,High Value,Yes
8910-ICHIU,One year,Yes,Credit card (automatic),95.65,Very High,4664.2,High Value,No
4097-YODCF,One year,Yes,Electronic check,103.8,Very High,3470.8,High Value,No
9715-WZCLW,Two year,Yes,Electronic check,97.2,Very High,6910.3,High Value,No
9786-YWNHU,Two year,No,Mailed check,63.55,Medium,4014.2,High Value,No
6407-GSJNL,Two year,No,Bank transfer (automatic),24.95,Low,1288,Medium Value,No
6005-OBZPH,Month-to-month,Yes,Electronic check,89.15,High,2277.65,Medium Value,Yes
4049-ZPALD,Two year,Yes,Bank transfer (automatic),99,Very High,6375.8,High Value,No
7932-WPTDS,Month-to-month,Yes,Electronic check,24.8,Low,24.8,Low Value,Yes
3733-UOCWF,One year,Yes,Bank transfer (automatic),85.55,High,5251.75,High Value,No
6833-JMZYP,Month-to-month,Yes,Credit card (automatic),94,Very High,1505.45,Medium Value,Yes
2722-VOJQL,One year,Yes,Credit card (automatic),105.65,Very High,6903.1,High Value,No
1310-QRITU,Month-to-month,Yes,Electronic check,50.3,Medium,913.3,Medium Value,Yes
8961-QDZZJ,One year,Yes,Electronic check,95,Very High,5535.8,High Value,No
9715-SBVSU,Two year,Yes,Bank transfer (automatic),61.4,Medium,815.55,Medium Value,No
8490-BXHEO,Month-to-month,Yes,Credit card (automatic),80.55,High,1411.65,Medium Value,Yes
7173-TETGO,Two year,No,Bank transfer (automatic),78.5,High,5602.25,High Value,No
7929-SKFGK,Two year,No,Credit card (automatic),114.3,Very High,8244.3,High Value,No
2300-RQGOI,Two year,No,Mailed check,20.05,Low,741.5,Medium Value,No
3563-SVYLG,Two year,No,Credit card (automatic),62.65,Medium,4375.8,High Value,No
5228-EXCET,Month-to-month,Yes,Electronic check,80.85,High,1008.7,Medium Value,Yes
6435-VWCCY,Two year,Yes,Credit card (automatic),92.7,Very High,5968.4,High Value,No
4998-IKFSE,Month-to-month,No,Electronic check,100.45,Very High,3096.9,High Value,Yes
8630-QSGXK,Two year,Yes,Bank transfer (automatic),75.2,High,3901.25,High Value,No
2455-USLMV,Month-to-month,Yes,Credit card (automatic),84.75,High,2613.4,Medium Value,Yes
7394-FKDNK,Month-to-month,No,Electronic check,89.45,High,853.1,Medium Value,Yes
9488-FVZCC,Two year,Yes,Bank transfer (automatic),79.5,High,5661.7,High Value,No
6331-LWDTQ,Month-to-month,Yes,Credit card (automatic),72.15,High,794.25,Medium Value,Yes
5995-WWKKG,One year,Yes,Electronic check,19.8,Low,695.05,Medium Value,No
1597-FZREH,Month-to-month,No,Electronic check,76.4,High,160.8,Low Value,Yes
7879-CGSFV,One year,Yes,Mailed check,100.9,Very High,5552.05,High Value,No
9921-EZKBY,Month-to-month,Yes,Bank transfer (automatic),95.3,Very High,3275.15,High Value,Yes
7432-FFVAR,One year,No,Bank transfer (automatic),90.95,Very High,4236.6,High Value,No
7246-ZGQDF,Month-to-month,No,Electronic check,54.5,Medium,54.5,Low Value,Yes
7000-WCEVQ,Month-to-month,Yes,Mailed check,61.6,Medium,1174.35,Medium Value,Yes
0727-IWKVK,Month-to-month,Yes,Electronic check,79.9,High,741.7,Medium Value,Yes
5959-BELXA,Month-to-month,Yes,Credit card (automatic),96.15,Very High,3019.25,High Value,Yes
4456-RHSNB,Month-to-month,Yes,Bank transfer (automatic),49.6,Medium,962.9,Medium Value,Yes
3512-IZIKN,Two year,No,Credit card (automatic),65.3,Medium,4759.75,High Value,No
2481-SBOYW,Two year,Yes,Credit card (automatic),25,Low,1498.35,Medium Value,No
7109-MFBYV,Month-to-month,No,Electronic check,45.45,Medium,1233.15,Medium Value,Yes
1833-TCXKK,Month-to-month,Yes,Bank transfer (automatic),107.75,Very High,4882.8,High Value,Yes
1832-PEUTS,Two year,Yes,Credit card (automatic),89.1,High,5411.65,High Value,No
6141-OOXUQ,Month-to-month,No,Mailed check,19.65,Low,19.65,Low Value,Yes
8660-BUETV,Month-to-month,No,Mailed check,44.75,Medium,148.05,Low Value,Yes
0580-PIQHM,One year,Yes,Bank transfer (automatic),101.6,Very High,3930.55,High Value,No
5696-CEIQJ,Two year,No,Bank transfer (automatic),103.15,Very High,6895.5,High Value,No
7503-ZGUZJ,Month-to-month,Yes,Mailed check,84.65,High,84.65,Low Value,Yes
1696-HXOWK,One year,No,Mailed check,95.65,Very High,6856.95,High Value,No
3026-ATZYV,One year,No,Bank transfer (automatic),75.1,High,2658.8,Medium Value,No
4012-YCFAI,Two year,Yes,Mailed check,61.35,Medium,3766.2,High Value,No
2506-TNFCO,Month-to-month,Yes,Electronic check,69.55,Medium,69.55,Low Value,Yes
9970-QBCDA,Month-to-month,No,Credit card (automatic),19.7,Low,129.55,Low Value,Yes
8718-PTMEZ,Month-to-month,Yes,Electronic check,31.05,Low,347.25,Low Value,Yes
9496-IVVRP,Month-to-month,No,Bank transfer (automatic),51,Medium,581.7,Low Value,Yes
2207-OBZNX,Month-to-month,Yes,Mailed check,51,Medium,354.05,Low Value,Yes
2657-VPXTA,Month-to-month,Yes,Electronic check,88.85,High,929.45,Medium Value,Yes
6551-VLJMV,Two year,No,Credit card (automatic),20.05,Low,679,Medium Value,No
1221-GHZEP,Two year,Yes,Mailed check,65.1,Medium,3846.75,High Value,No
9289-LBQVU,One year,Yes,Mailed check,70.15,Medium,4480.7,High Value,No
6142-VSJQO,Month-to-month,Yes,Bank transfer (automatic),44.35,Medium,44.35,Low Value,Yes
3458-IDMFK,Two year,Yes,Mailed check,20.75,Low,499.4,Low Value,No
6933-FHBZC,One year,Yes,Mailed check,56.05,Medium,1553.2,Medium Value,No
0221-NAUXK,One year,Yes,Bank transfer (automatic),19.95,Low,219.5,Low Value,No
9770-KXGQU,One year,No,Mailed check,98.6,Very High,5311.85,High Value,No
6437-UKHMV,Month-to-month,Yes,Electronic check,79.7,High,586.05,Low Value,Yes
6538-POCHL,Month-to-month,Yes,Credit card (automatic),79,High,2576.8,Medium Value,Yes
6726-NNFWD,Two year,No,Credit card (automatic),89.45,High,6435.25,High Value,No
3002-WQZWT,Month-to-month,Yes,Electronic check,74.2,High,1993.25,Medium Value,Yes
4277-UDIEF,Month-to-month,No,Bank transfer (automatic),81,High,1923.85,Medium Value,Yes
1208-NBVFH,Month-to-month,Yes,Electronic check,49.6,Medium,939.8,Medium Value,Yes
4912-PIGUY,Month-to-month,Yes,Electronic check,84.6,High,84.6,Low Value,Yes
1114-CENIM,Month-to-month,Yes,Credit card (automatic),55,Medium,3092.65,High Value,Yes
6060-DRTNL,Month-to-month,Yes,Mailed check,84.85,High,415.55,Low Value,Yes
2725-TTRIQ,Two year,Yes,Bank transfer (automatic),84.2,High,5986.55,High Value,No
3374-TTZTK,Two year,Yes,Electronic check,106.3,Very High,5487,High Value,No
8990-ZXLSU,Month-to-month,No,Electronic check,69.05,Medium,651.5,Low Value,Yes
2275-RBYQS,Month-to-month,Yes,Mailed check,45.4,Medium,45.4,Low Value,Yes
8473-VUVJN,Month-to-month,Yes,Electronic check,73.65,High,73.65,Low Value,Yes
6289-CPNLD,One year,Yes,Mailed check,73.9,High,2405.05,Medium Value,No
5536-SLHPM,Month-to-month,Yes,Electronic check,77.75,High,4458.15,High Value,Yes
4419-UJMUS,Two year,Yes,Electronic check,99.35,Very High,6856.45,High Value,No
7794-JASDG,Month-to-month,Yes,Mailed check,50.75,Medium,50.75,Low Value,Yes
7609-YBPXG,Two year,No,Bank transfer (automatic),87.1,High,4735.2,High Value,No
5519-TEEUH,One year,Yes,Mailed check,20.15,Low,682.15,Medium Value,No
7856-GANIL,One year,Yes,Bank transfer (automatic),98.7,Very High,4525.8,High Value,No
0804-XBFBV,Month-to-month,No,Electronic check,25.2,Low,321.05,Low Value,Yes
2676-OXPPQ,Month-to-month,Yes,Bank transfer (automatic),55.7,Medium,335.65,Low Value,Yes
3703-TTEPD,Month-to-month,No,Bank transfer (automatic),65.35,Medium,1424.4,Medium Value,Yes
2799-TSLAG,Two year,Yes,Bank transfer (automatic),25.3,Low,1748.55,Medium Value,No
0196-VULGZ,Month-to-month,Yes,Electronic check,84.35,High,474.9,Low Value,Yes
8837-VVWLQ,Month-to-month,No,Electronic check,84.95,High,668.4,Low Value,Yes
2696-NARTR,Month-to-month,Yes,Electronic check,73.85,High,926.25,Medium Value,Yes
2208-NKVVH,Two year,No,Mailed check,24.25,Low,1077.95,Medium Value,No
7614-QVWQL,One year,Yes,Bank transfer (automatic),51.8,Medium,2541.25,Medium Value,No
1976-CFOCS,Month-to-month,No,Electronic check,46,Medium,46,Low Value,Yes
4631-OACRM,Month-to-month,Yes,Electronic check,79.4,High,1156.1,Medium Value,Yes
7139-JZFVG,Two year,No,Bank transfer (automatic),60.5,Medium,3694.45,High Value,No
4987-GQWPO,Month-to-month,No,Credit card (automatic),25.1,Low,382.8,Low Value,Yes
3755-JBMNH,Month-to-month,Yes,Bank transfer (automatic),71.8,High,1167.8,Medium Value,Yes
1757-TCATG,One year,No,Bank transfer (automatic),20.05,Low,746.75,Medium Value,No
6345-ULYRW,One year,No,Mailed check,88.4,High,3912.9,High Value,No
4776-XSKYQ,One year,No,Credit card (automatic),30.25,Low,368.85,Low Value,No
8048-DSDFQ,Month-to-month,No,Mailed check,20.2,Low,20.2,Low Value,Yes
5753-QQWPW,One year,Yes,Electronic check,59.9,Medium,1654.7,Medium Value,No
6010-DDPPW,Two year,No,Bank transfer (automatic),25.15,Low,1940.85,Medium Value,No
1809-DMJHQ,Month-to-month,No,Mailed check,46,Medium,221.7,Low Value,Yes
6693-FRIRW,Month-to-month,No,Credit card (automatic),101.3,Very High,1794.65,Medium Value,Yes
6586-MYGKD,Two year,Yes,Credit card (automatic),76.95,High,5289.8,High Value,No
3173-NVMPX,Month-to-month,Yes,Mailed check,55.3,Medium,501.2,Low Value,Yes
0248-PGHBZ,Two year,Yes,Bank transfer (automatic),92.45,Very High,6140.85,High Value,No
0623-GDISB,Month-to-month,Yes,Bank transfer (automatic),48.45,Medium,48.45,Low Value,Yes
2892-GESUL,Two year,No,Mailed check,19.35,Low,309.25,Low Value,No
6923-EFPNL,Month-to-month,No,Credit card (automatic),51.75,Medium,201.1,Low Value,Yes
7472-EQOAV,One year,Yes,Bank transfer (automatic),86.7,High,6179.35,High Value,No
9574-RKJIF,Month-to-month,Yes,Electronic check,94.4,Very High,2838.7,High Value,Yes
2043-WVTQJ,Month-to-month,No,Mailed check,55.7,Medium,55.7,Low Value,Yes
8034-RYTVV,One year,Yes,Credit card (automatic),84.25,High,4589.85,High Value,No
3863-QSTYI,Month-to-month,Yes,Electronic check,64.65,Medium,3735.45,High Value,Yes
2619-WFQWU,Month-to-month,Yes,Mailed check,70.15,Medium,70.15,Low Value,Yes
5044-LRQAQ,Month-to-month,Yes,Bank transfer (automatic),69.2,Medium,477.55,Low Value,Yes
1716-LSAMB,Two year,No,Bank transfer (automatic),54.65,Medium,2553.7,Medium Value,No
1333-PBMXB,One year,Yes,Bank transfer (automatic),24.75,Low,1342.15,Medium Value,No
6546-OPBBH,One year,Yes,Mailed check,23.95,Low,1216.35,Medium Value,No
5985-BEHZK,One year,No,Credit card (automatic),105,Very High,7578.05,High Value,No
9127-QRZMH,One year,Yes,Bank transfer (automatic),59.85,Medium,2603.95,Medium Value,No
5919-VCZYM,Month-to-month,No,Mailed check,20.05,Low,42.7,Low Value,Yes
9644-KVCNC,One year,Yes,Bank transfer (automatic),92.15,Very High,6056.9,High Value,No
2137-DQMEV,One year,No,Mailed check,44.8,Medium,2983.65,High Value,No
8174-LNWMW,Two year,No,Credit card (automatic),20.9,Low,689.35,Medium Value,No
9279-CJEOJ,Month-to-month,Yes,Bank transfer (automatic),95.4,Very High,2025.1,Medium Value,Yes
7964-VEXDG,Month-to-month,No,Electronic check,80.35,High,1747.2,Medium Value,Yes
2404-JIBFC,Two year,Yes,Bank transfer (automatic),85.1,High,4657.95,High Value,No
0778-NELLA,Month-to-month,Yes,Credit card (automatic),34.7,Low,296.1,Low Value,Yes
8029-XYPWT,Two year,Yes,Bank transfer (automatic),115.05,Very High,8016.6,High Value,No
4614-NUVZD,Month-to-month,Yes,Electronic check,81.1,High,81.1,Low Value,Yes
4632-PAOYU,One year,No,Mailed check,19.95,Low,433.5,Low Value,No
3803-KMQFW,Month-to-month,No,Mailed check,20.55,Low,20.55,Low Value,Yes
6804-GDMOI,Two year,Yes,Electronic check,106.6,Very High,6428.4,High Value,No
2990-OGYTD,Two year,No,Bank transfer (automatic),86.15,High,5883.85,High Value,No
6646-JPPHA,Month-to-month,No,Electronic check,78.85,High,1043.8,Medium Value,Yes
9572-MTILT,Month-to-month,Yes,Electronic check,106.75,Very High,6252.9,High Value,Yes
7658-UYUQS,Month-to-month,No,Bank transfer (automatic),86.55,High,1857.25,Medium Value,Yes
7880-XSOJX,Month-to-month,No,Mailed check,42.4,Medium,146.4,Low Value,Yes
9611-CTWIH,Month-to-month,Yes,Electronic check,89.45,High,240.45,Low Value,Yes
4589-IUAJB,Two year,No,Bank transfer (automatic),24.25,Low,1724.15,Medium Value,No
0329-GTIAJ,Month-to-month,Yes,Electronic check,97.9,Very High,315.3,Low Value,Yes
8746-BFOAJ,One year,No,Bank transfer (automatic),20.5,Low,429.55,Low Value,No
8457-XIGKN,Month-to-month,Yes,Credit card (automatic),19.6,Low,356.15,Low Value,Yes
6072-NUQCB,One year,No,Bank transfer (automatic),20.25,Low,488.25,Low Value,No
6629-CZTTH,Month-to-month,Yes,Mailed check,55.7,Medium,55.7,Low Value,Yes
8838-GPHZP,Two year,Yes,Mailed check,20.6,Low,1298.7,Medium Value,No
8750-QWZAJ,Two year,No,Bank transfer (automatic),19.8,Low,1378.75,Medium Value,No
5364-EVNIB,Month-to-month,Yes,Electronic check,79.8,High,973.45,Medium Value,Yes
6918-UMQCG,Month-to-month,No,Electronic check,80.2,High,384.25,Low Value,Yes
0675-NCDYU,Two year,Yes,Credit card (automatic),116.4,Very High,8543.25,High Value,No
6339-DKLMK,Month-to-month,Yes,Electronic check,31.65,Low,389.95,Low Value,Yes
1346-PJWTK,Month-to-month,No,Credit card (automatic),94.15,Very High,5731.85,High Value,Yes
5088-QZLRL,Month-to-month,No,Electronic check,20.65,Low,20.65,Low Value,Yes
8023-QHAIO,Month-to-month,Yes,Bank transfer (automatic),76.85,High,4275.75,High Value,Yes
4397-FRLTA,Month-to-month,No,Mailed check,20.15,Low,84.5,Low Value,Yes
3057-VJJQE,Two year,No,Mailed check,55.25,Medium,1924.1,Medium Value,No
5087-SUURX,Month-to-month,Yes,Electronic check,39.05,Medium,669.85,Low Value,Yes
2302-OUZXB,Two year,No,Bank transfer (automatic),82.15,High,5784.3,High Value,No
8133-ANHHJ,One year,No,Bank transfer (automatic),103,Very High,5166.2,High Value,No
2270-CHBFN,Month-to-month,Yes,Credit card (automatic),95.1,Very High,4060.55,High Value,Yes
0013-EXCHZ,Month-to-month,Yes,Mailed check,83.9,High,267.4,Low Value,Yes
5982-FPVQN,Month-to-month,Yes,Electronic check,95.15,Very High,3532.85,High Value,Yes
9107-UKCKY,One year,Yes,Electronic check,79.8,High,4914.8,High Value,No
4654-ULTTN,Two year,Yes,Credit card (automatic),74.8,High,5315.8,High Value,No
5550-VFRLC,Month-to-month,Yes,Electronic check,69.85,Medium,69.85,Low Value,Yes
5546-BYZSM,Month-to-month,No,Electronic check,20.45,Low,775.6,Medium Value,Yes
1492-KGETH,One year,No,Bank transfer (automatic),78.35,High,5445.95,High Value,No
4929-BSTRX,Month-to-month,Yes,Mailed check,53.55,Medium,53.55,Low Value,Yes
4163-HFTUK,One year,No,Electronic check,19.1,Low,1007.8,Medium Value,No
8215-NGSPE,Two year,No,Mailed check,20,Low,833.55,Medium Value,No
2225-ZRGSG,Two year,No,Bank transfer (automatic),93.9,Very High,6579.05,High Value,No
8859-YSTWS,One year,No,Bank transfer (automatic),19.95,Low,1004.5,Medium Value,No
5271-YNWVR,Two year,Yes,Electronic check,113.15,Very High,7856,High Value,No
7601-DHFWZ,Two year,No,Credit card (automatic),24,Low,1183.05,Medium Value,No
2657-ALMWY,Month-to-month,No,Electronic check,84.95,High,2169.75,Medium Value,Yes
6330-JKLPC,Month-to-month,Yes,Bank transfer (automatic),80.5,High,896.9,Medium Value,Yes
4667-OHGKG,Month-to-month,Yes,Mailed check,19.3,Low,19.3,Low Value,Yes
1998-VHJHK,One year,No,Mailed check,19.15,Low,501.35,Low Value,No
1707-HABPF,One year,Yes,Bank transfer (automatic),91.3,Very High,4126.35,High Value,No
1660-HSOOQ,Month-to-month,Yes,Mailed check,49.65,Medium,49.65,Low Value,Yes
7253-UVNDW,Two year,No,Credit card (automatic),54.35,Medium,2460.15,Medium Value,No
0487-VVUVK,Month-to-month,Yes,Mailed check,19.15,Low,477.6,Low Value,Yes
7228-OMTPN,Month-to-month,Yes,Electronic check,88.45,High,370.65,Low Value,Yes
5063-IUOKK,Two year,No,Mailed check,19.75,Low,265.75,Low Value,No
4508-OEBEY,One year,Yes,Credit card (automatic),75.5,High,2424.45,Medium Value,No
0027-KWYKW,Month-to-month,Yes,Electronic check,83.75,High,1849.95,Medium Value,Yes
2308-STERM,Month-to-month,No,Mailed check,19.4,Low,61.05,Low Value,Yes
5982-XMDEX,Two year,No,Bank transfer (automatic),26.5,Low,1698.55,Medium Value,No
6284-AHOOQ,Month-to-month,Yes,Bank transfer (automatic),90.5,Very High,1910.6,Medium Value,Yes
6051-PTVNS,One year,No,Credit card (automatic),19.15,Low,998.1,Medium Value,No
2344-JMOGN,Month-to-month,Yes,Mailed check,94.85,Very High,890.6,Medium Value,Yes
3799-ISUZQ,Month-to-month,Yes,Bank transfer (automatic),69.95,Medium,529.5,Low Value,Yes
2877-VDUER,One year,No,Mailed check,40.9,Medium,1383.6,Medium Value,No
9152-AMKAK,Two year,Yes,Mailed check,80.25,High,493.4,Low Value,No
1794-HBQTJ,Month-to-month,Yes,Credit card (automatic),48.6,Medium,48.6,Low Value,Yes
9432-VOFYX,Month-to-month,Yes,Electronic check,70.8,High,1207,Medium Value,Yes
8049-WJCLQ,Month-to-month,No,Mailed check,60.2,Medium,563.5,Low Value,Yes
6586-PSJOX,One year,No,Credit card (automatic),55.2,Medium,864.55,Medium Value,No
2460-FPSYH,Month-to-month,Yes,Electronic check,55.8,Medium,2109.35,Medium Value,Yes
9705-ZJBCG,One year,No,Bank transfer (automatic),54.15,Medium,701.05,Medium Value,No
4818-DRBQT,Month-to-month,Yes,Bank transfer (automatic),80.15,High,2265.25,Medium Value,Yes
1320-HTRDR,Month-to-month,Yes,Electronic check,75.5,High,220.6,Low Value,Yes
6847-KJLTS,Month-to-month,Yes,Bank transfer (automatic),100.4,Very High,5749.8,High Value,Yes
9670-BPNXF,One year,Yes,Credit card (automatic),62.55,Medium,2796.45,High Value,No
3913-FCUUW,Two year,Yes,Bank transfer (automatic),70.45,High,5165.7,High Value,No
3301-VKTGC,One year,Yes,Bank transfer (automatic),85.5,High,5696.6,High Value,No
1493-AMTIE,Month-to-month,Yes,Bank transfer (automatic),20.2,Low,20.2,Low Value,Yes
9555-SAHUZ,Month-to-month,No,Electronic check,54.5,Medium,2076.05,Medium Value,Yes
0816-TSPHQ,Month-to-month,No,Mailed check,20.75,Low,44.2,Low Value,Yes
9932-WBWIK,Month-to-month,No,Mailed check,20.35,Low,215.25,Low Value,Yes
4619-EVPHY,One year,Yes,Bank transfer (automatic),91,Very High,1859.5,Medium Value,No
5286-YHCVC,Two year,Yes,Bank transfer (automatic),104.8,Very High,7470.1,High Value,No
6424-ELEYH,Month-to-month,Yes,Credit card (automatic),74.75,High,229.5,Low Value,Yes
4391-RESHN,Month-to-month,Yes,Mailed check,104.05,Very High,2470.1,Medium Value,Yes
9115-YQHGA,Month-to-month,Yes,Electronic check,51.1,Medium,2092.9,Medium Value,Yes
4462-CYWMH,Month-to-month,Yes,Bank transfer (automatic),89.8,High,5629.55,High Value,Yes
8963-MQVYN,Month-to-month,Yes,Electronic check,20.55,Low,469.85,Low Value,Yes
2458-EOMRE,Month-to-month,No,Bank transfer (automatic),64.05,Medium,733.95,Medium Value,Yes
9334-GWGOW,Month-to-month,Yes,Electronic check,74.85,High,485.25,Low Value,Yes
6821-BUXUX,Month-to-month,Yes,Electronic check,96.65,Very High,1244.5,Medium Value,Yes
5028-HTLJB,Month-to-month,No,Mailed check,20.05,Low,20.05,Low Value,Yes
9801-GDWGV,Month-to-month,Yes,Electronic check,103.45,Very High,3994.45,High Value,Yes
6542-LWGXJ,Month-to-month,No,Mailed check,25,Low,78.25,Low Value,Yes
5567-GZKQY,Two year,No,Credit card (automatic),20.3,Low,1131.5,Medium Value,No
1222-LRYKO,Month-to-month,No,Mailed check,26.35,Low,184.05,Low Value,Yes
2320-JRSDE,Month-to-month,Yes,Electronic check,19.9,Low,19.9,Low Value,Yes
2087-QAREY,Month-to-month,Yes,Mailed check,54.7,Medium,1178.75,Medium Value,Yes
0601-WZHJF,Month-to-month,No,Electronic check,46.35,Medium,667.7,Low Value,Yes
4423-JWZJN,One year,No,Credit card (automatic),90.25,Very High,5629.15,High Value,No
5143-WMWOG,Month-to-month,No,Electronic check,19.95,Low,19.95,Low Value,Yes
6490-FGZAT,Month-to-month,No,Mailed check,20.65,Low,109.3,Low Value,Yes
5393-RXQSZ,Month-to-month,No,Electronic check,79.6,High,79.6,Low Value,Yes
7452-FOLON,One year,No,Bank transfer (automatic),25.45,Low,958.45,Medium Value,No
2320-TZRRH,One year,No,Mailed check,19.5,Low,403.15,Low Value,No
0231-LXVAP,Month-to-month,Yes,Electronic check,75.9,High,75.9,Low Value,Yes
9444-JTXHZ,Month-to-month,No,Electronic check,76.2,High,76.2,Low Value,Yes
4942-VZZOM,One year,Yes,Credit card (automatic),66.15,Medium,4392.5,High Value,No
5510-BOIUJ,Month-to-month,No,Mailed check,19.25,Low,19.25,Low Value,Yes
7502-BNYGS,Month-to-month,Yes,Credit card (automatic),69.1,Medium,3168,High Value,Yes
4291-HYEBC,One year,Yes,Electronic check,39.1,Medium,1096.6,Medium Value,No
6147-CBCRA,Month-to-month,No,Mailed check,20.05,Low,669.45,Low Value,Yes
6047-SUHPR,One year,No,Electronic check,59.8,Medium,2343.85,Medium Value,No
4471-KXAUH,Month-to-month,Yes,Electronic check,84.3,High,3588.4,High Value,Yes
9752-ZNQUT,Month-to-month,Yes,Electronic check,48.6,Medium,48.6,Low Value,Yes
7638-QVMVY,Month-to-month,Yes,Electronic check,79,High,522.95,Low Value,Yes
1576-PFZIW,Two year,No,Credit card (automatic),105.35,Very High,7511.9,High Value,No
5666-MBJPT,Two year,Yes,Bank transfer (automatic),25.1,Low,1725,Medium Value,No
7312-XSBAT,Month-to-month,No,Electronic check,49.75,Medium,49.75,Low Value,Yes
3096-GKWEB,Month-to-month,Yes,Electronic check,94.75,Very High,1691.9,Medium Value,Yes
2371-JQHZZ,Month-to-month,Yes,Electronic check,93,Very High,2248.05,Medium Value,Yes
0674-GCDXG,Two year,Yes,Bank transfer (automatic),71.9,High,4479.2,High Value,No
1121-QSIVB,One year,Yes,Mailed check,77.55,High,3471.1,High Value,No
4396-KLSEH,Month-to-month,Yes,Electronic check,19.85,Low,63,Low Value,Yes
3244-DCJWY,Month-to-month,Yes,Electronic check,70.25,Medium,70.25,Low Value,Yes
2824-MYYBN,Month-to-month,Yes,Electronic check,95.25,Very High,3314.15,High Value,Yes
0875-CABNR,Month-to-month,Yes,Credit card (automatic),84.6,High,865.55,Medium Value,Yes
6345-HOVES,Month-to-month,Yes,Bank transfer (automatic),25.05,Low,852.7,Medium Value,Yes
8318-LCNBW,One year,No,Credit card (automatic),53.15,Medium,1930.9,Medium Value,No
6469-QJKZW,Month-to-month,No,Electronic check,20.15,Low,91.4,Low Value,Yes
0147-ESWWR,Month-to-month,Yes,Electronic check,101.25,Very High,3949.15,High Value,Yes
1217-VASWC,One year,Yes,Bank transfer (automatic),100.55,Very High,4304,High Value,No
7812-FZHPE,Month-to-month,No,Mailed check,24.1,Low,409.9,Low Value,Yes
6370-ZVHDV,Two year,No,Bank transfer (automatic),25.3,Low,1554.9,Medium Value,No
5915-DGNVC,One year,No,Electronic check,71.8,High,3472.05,High Value,No
6260-XLACS,One year,No,Mailed check,19.7,Low,117.8,Low Value,No
3566-CAAYU,Two year,No,Electronic check,49.85,Medium,3210.35,High Value,No
4983-CCWMC,Month-to-month,Yes,Mailed check,69.6,Medium,207.4,Low Value,Yes
9103-CXVOK,Month-to-month,No,Electronic check,19.75,Low,19.75,Low Value,Yes
2896-TBNBE,One year,No,Electronic check,80.8,High,3132.75,High Value,No
4797-AXPXK,Month-to-month,Yes,Electronic check,60,Medium,60,Low Value,Yes
5229-PRWKT,Month-to-month,Yes,Electronic check,86.55,High,649.65,Low Value,Yes
6982-UQZLY,Month-to-month,Yes,Mailed check,20.85,Low,20.85,Low Value,Yes
2522-WLNSF,One year,No,Bank transfer (automatic),64.2,Medium,2106.3,Medium Value,No
3841-CONLJ,Month-to-month,No,Electronic check,35,Low,35,Low Value,Yes
5057-LCOUI,Month-to-month,Yes,Electronic check,50.75,Medium,2011.4,Medium Value,Yes
0193-ESZXP,One year,Yes,Credit card (automatic),105.5,Very High,6205.5,High Value,No
4475-NVTLU,Two year,No,Electronic check,19.2,Low,903.7,Medium Value,No
4369-HTUIF,Month-to-month,Yes,Bank transfer (automatic),85.15,High,503.6,Low Value,Yes
9386-LDCZR,One year,Yes,Credit card (automatic),90.65,Very High,3882.3,High Value,No
9585-KKMFD,Two year,Yes,Mailed check,20,Low,879.8,Medium Value,No
5399-ZIMKF,Month-to-month,Yes,Electronic check,74.65,High,383.65,Low Value,Yes
0336-KXKFK,Two year,Yes,Credit card (automatic),61.2,Medium,4390.25,High Value,No
5619-XZZKR,One year,No,Mailed check,19.95,Low,68.2,Low Value,No
3948-FVVRP,Month-to-month,No,Mailed check,54.8,Medium,452.8,Low Value,Yes
5327-XOKKY,Two year,Yes,Credit card (automatic),73.45,High,5329,High Value,No
0983-TATYJ,One year,Yes,Mailed check,51.45,Medium,1758.9,Medium Value,No
1813-JYWTO,Two year,No,Bank transfer (automatic),80.45,High,5737.6,High Value,No
0156-FVPTA,Month-to-month,Yes,Electronic check,54.2,Medium,1152.7,Medium Value,Yes
1984-FCOWB,One year,Yes,Electronic check,109.5,Very High,7674.55,High Value,No
0654-HMSHN,Month-to-month,No,Electronic check,104.4,Very High,2157.95,Medium Value,Yes
6719-OXYBR,Month-to-month,No,Electronic check,85.3,High,1219.85,Medium Value,Yes
3312-ZWLGF,Month-to-month,Yes,Electronic check,79.3,High,2414.55,Medium Value,Yes
6476-YHMGA,Month-to-month,No,Bank transfer (automatic),76.5,High,1155.6,Medium Value,Yes
5287-QWLKY,Month-to-month,Yes,Credit card (automatic),105.1,Very High,7548.1,High Value,Yes
0795-XCCTE,Two year,No,Bank transfer (automatic),25.4,Low,1809.35,Medium Value,No
0168-XZKBB,Month-to-month,Yes,Electronic check,86.85,High,1564.4,Medium Value,Yes
3785-NRHYR,Month-to-month,No,Mailed check,19.65,Low,19.65,Low Value,Yes
5196-SGOAK,Month-to-month,Yes,Electronic check,75.7,High,75.7,Low Value,Yes
4537-DKTAL,Month-to-month,No,Electronic check,45.55,Medium,84.4,Low Value,Yes
7072-MBHEV,Month-to-month,Yes,Credit card (automatic),78.1,High,864.85,Medium Value,Yes
5602-BVFMK,One year,No,Mailed check,19.3,Low,228.75,Low Value,No
6297-NOOPG,Two year,Yes,Electronic check,110.5,Very High,7752.05,High Value,No
1891-UAWWU,Month-to-month,No,Electronic check,90.8,Very High,1951,Medium Value,Yes
8204-TIFGJ,Month-to-month,Yes,Bank transfer (automatic),20.3,Low,470.6,Low Value,Yes
8050-DVOJX,Two year,No,Credit card (automatic),81.35,High,4060.9,High Value,No
6108-OQZDQ,Month-to-month,Yes,Electronic check,97.95,Very High,384.5,Low Value,Yes
0363-QJVFX,Month-to-month,Yes,Credit card (automatic),108.15,Very High,3432.9,High Value,Yes
8903-XEBGX,Month-to-month,Yes,Electronic check,55.3,Medium,108.65,Low Value,Yes
8169-SAEJD,Two year,No,Credit card (automatic),56.55,Medium,3952.65,High Value,No
9840-DVNDC,Month-to-month,Yes,Credit card (automatic),80.5,High,463.05,Low Value,Yes
1089-XZWHH,Two year,Yes,Mailed check,19.7,Low,494.05,Low Value,No
2325-WINES,One year,Yes,Credit card (automatic),104.05,Very High,3416.85,High Value,No
6064-ZATLR,Two year,No,Bank transfer (automatic),52.85,Medium,1498.65,Medium Value,No
3096-JRDSO,Month-to-month,Yes,Bank transfer (automatic),104.3,Very High,2867.75,High Value,Yes
7824-PANSQ,Month-to-month,No,Bank transfer (automatic),80.65,High,4807.35,High Value,Yes
8042-JVNFH,Month-to-month,Yes,Mailed check,71.35,High,71.35,Low Value,Yes
9648-BCHKM,Two year,Yes,Credit card (automatic),24.65,Low,471.35,Low Value,No
2888-ADFAO,Two year,Yes,Bank transfer (automatic),21.3,Low,1041.8,Medium Value,No
8707-HOEDG,Two year,Yes,Electronic check,110.2,Very High,7689.8,High Value,No
3374-LXDEV,Month-to-month,No,Electronic check,89.4,High,1132.35,Medium Value,Yes
4072-IPYLT,Month-to-month,No,Credit card (automatic),51.05,Medium,1815,Medium Value,Yes
7167-PCEYD,Two year,Yes,Mailed check,19.8,Low,1311.3,Medium Value,No
4936-YPJNK,Month-to-month,Yes,Mailed check,19.9,Low,199.45,Low Value,Yes
1580-BMCMR,Month-to-month,Yes,Electronic check,87.3,High,1637.3,Medium Value,Yes
4817-KEQSP,Two year,No,Bank transfer (automatic),19.85,Low,1326.35,Medium Value,No
6408-WHTEF,Two year,Yes,Mailed check,89.4,High,6376.55,High Value,No
9251-AWQGT,Two year,No,Mailed check,20,Low,935.9,Medium Value,No
8749-CLJXC,Month-to-month,No,Mailed check,20.05,Low,20.05,Low Value,Yes
7989-VCQOH,Month-to-month,No,Electronic check,83.25,High,1611.15,Medium Value,Yes
5049-GLYVG,Month-to-month,No,Mailed check,20.6,Low,20.6,Low Value,Yes
4199-QHJNM,Two year,No,Bank transfer (automatic),102.9,Very High,6989.7,High Value,No
8882-TLVRW,Two year,No,Mailed check,39.1,Medium,2779.5,High Value,No
5883-GTGVD,Month-to-month,Yes,Electronic check,99.95,Very High,1931.75,Medium Value,Yes
5135-GRQJV,Two year,Yes,Mailed check,114.5,Very High,8331.95,High Value,No
2384-OVPSA,Two year,No,Mailed check,20.2,Low,735.9,Medium Value,No
1371-WEPDS,One year,No,Electronic check,55.8,Medium,2283.3,Medium Value,No
3580-GICBM,Two year,Yes,Mailed check,24.2,Low,1445.2,Medium Value,No
4817-QRJSX,Month-to-month,Yes,Credit card (automatic),81,High,818.05,Medium Value,Yes
9730-DRTMJ,One year,Yes,Credit card (automatic),72.8,High,2333.05,Medium Value,No
4686-UXDML,Month-to-month,Yes,Credit card (automatic),99.85,Very High,1992.55,Medium Value,Yes
3349-ANQNH,One year,Yes,Electronic check,99.5,Very High,5890,High Value,No
2398-YPMUR,Month-to-month,Yes,Electronic check,70.15,Medium,916.75,Medium Value,Yes
0932-YIXYU,Two year,No,Credit card (automatic),20.25,Low,1029.8,Medium Value,No
7480-SPLEF,Two year,Yes,Bank transfer (automatic),26,Low,1796.55,Medium Value,No
7636-XUHWW,Month-to-month,Yes,Credit card (automatic),19.9,Low,33.7,Low Value,Yes
1431-CYWMH,Month-to-month,No,Bank transfer (automatic),19.05,Low,454.05,Low Value,Yes
5937-EORGB,Month-to-month,Yes,Electronic check,96.5,Very High,1392.25,Medium Value,Yes
6349-JDHQP,Two year,No,Credit card (automatic),19.85,Low,1049.6,Medium Value,No
5539-HIVAK,Month-to-month,No,Mailed check,25.7,Low,734.6,Medium Value,Yes
5847-MXBEO,One year,No,Mailed check,20.3,Low,475.1,Low Value,No
9985-MWVIX,Month-to-month,Yes,Mailed check,70.15,Medium,70.15,Low Value,Yes
4583-PARNH,Month-to-month,Yes,Electronic check,91.55,Very High,1540.05,Medium Value,Yes
1116-FRYVH,Two year,No,Mailed check,39.4,Medium,1978.65,Medium Value,No
1421-HCERK,Month-to-month,Yes,Bank transfer (automatic),105.7,Very High,3181.8,High Value,Yes
9633-XQABV,Month-to-month,Yes,Electronic check,70.25,Medium,229.7,Low Value,Yes
0716-BQNDX,Two year,No,Electronic check,93.75,Very High,5625.55,High Value,No
1265-XTECC,One year,Yes,Credit card (automatic),96.55,Very High,6581.9,High Value,No
1183-CANVH,One year,No,Bank transfer (automatic),60,Medium,1347.15,Medium Value,No
1972-XMUWV,Two year,Yes,Credit card (automatic),59.8,Medium,3808.2,High Value,No
8679-LZBMD,One year,Yes,Bank transfer (automatic),90.65,Very High,3974.15,High Value,No
3407-JMJQQ,Two year,Yes,Bank transfer (automatic),109,Very High,7661.8,High Value,No
6252-DFGTK,One year,No,Credit card (automatic),68.1,Medium,2479.25,Medium Value,No
1539-LNKHM,Month-to-month,No,Mailed check,20.4,Low,266.6,Low Value,Yes
8645-KOMJQ,Two year,Yes,Bank transfer (automatic),81.95,High,5601.4,High Value,No
0289-IVARM,Month-to-month,No,Electronic check,60.55,Medium,1982.6,Medium Value,Yes
9761-XUJWD,Month-to-month,Yes,Bank transfer (automatic),65.6,Medium,339.9,Low Value,Yes
4057-FKCZK,Two year,No,Bank transfer (automatic),82.5,High,4828.05,High Value,No
4291-TPNFG,Two year,Yes,Bank transfer (automatic),82.3,High,5980.55,High Value,No
6087-YPWHO,Two year,No,Mailed check,68.15,Medium,4808.7,High Value,No
3090-QFUVD,Month-to-month,No,Credit card (automatic),20.3,Low,20.3,Low Value,Yes
2237-ZFSMY,One year,Yes,Electronic check,95.55,Very High,3692.85,High Value,No
1722-LDZJS,One year,No,Credit card (automatic),20.2,Low,1068.15,Medium Value,No
1818-ESQMW,Month-to-month,Yes,Electronic check,89.2,High,2383.6,Medium Value,Yes
4871-JTKJF,Month-to-month,Yes,Electronic check,69.65,Medium,69.65,Low Value,Yes
1415-YFWLT,Month-to-month,Yes,Electronic check,89.3,High,89.3,Low Value,Yes
7401-RUBNK,Month-to-month,No,Electronic check,74.8,High,1438.05,Medium Value,Yes
0506-YLVKJ,Two year,Yes,Mailed check,20.2,Low,917.45,Medium Value,No
8661-BOYNW,Two year,Yes,Credit card (automatic),84.4,High,6096.45,High Value,No
6711-VTNRE,Month-to-month,Yes,Electronic check,87.55,High,3078.1,High Value,Yes
4815-GBTCD,Month-to-month,Yes,Electronic check,25.15,Low,99.95,Low Value,Yes
2805-AUFQN,Two year,No,Credit card (automatic),19.8,Low,475.2,Low Value,No
0980-PVMRC,Month-to-month,Yes,Electronic check,50.85,Medium,2036.55,Medium Value,Yes
7233-DRTRF,Month-to-month,Yes,Electronic check,102.4,Very High,6444.05,High Value,Yes
3500-RMZLT,Month-to-month,Yes,Mailed check,96.3,Very High,1426.75,Medium Value,Yes
3873-NFTGI,Month-to-month,Yes,Credit card (automatic),55.5,Medium,767.55,Medium Value,Yes
1162-ECVII,Two year,Yes,Bank transfer (automatic),109.75,Very High,7932.5,High Value,No
7048-GXDAY,Month-to-month,Yes,Electronic check,106.4,Very High,4040.65,High Value,Yes
8571-ZCMCX,Two year,Yes,Credit card (automatic),60,Medium,2768.65,High Value,No
1169-WCVAK,Month-to-month,Yes,Credit card (automatic),88.8,High,1672.35,Medium Value,Yes
4548-SDBKE,Month-to-month,Yes,Electronic check,85.2,High,474.8,Low Value,Yes
8066-POXGX,Month-to-month,Yes,Electronic check,35.1,Low,446.1,Low Value,Yes
7129-CAKJW,Month-to-month,No,Bank transfer (automatic),80.05,High,1345.65,Medium Value,Yes
8695-ARGXZ,Month-to-month,Yes,Electronic check,75.55,High,2425.4,Medium Value,Yes
3570-YUEKJ,Month-to-month,Yes,Electronic check,49.55,Medium,2077.95,Medium Value,Yes
4143-OOBWZ,Month-to-month,Yes,Electronic check,81.3,High,416.3,Low Value,Yes
1555-HAPSU,Two year,No,Credit card (automatic),23.9,Low,1663.5,Medium Value,No
1697-NVVGY,Month-to-month,No,Bank transfer (automatic),66.4,Medium,1286.05,Medium Value,Yes
7854-EKTJL,Month-to-month,Yes,Electronic check,19.6,Low,35.85,Low Value,Yes
8464-EETCQ,Two year,No,Credit card (automatic),18.8,Low,1094.35,Medium Value,No
2419-FSORS,Two year,Yes,Electronic check,108.4,Very High,7719.5,High Value,No
8132-YPVBX,Month-to-month,Yes,Mailed check,85.95,High,514.6,Low Value,Yes
9102-IAYHT,Month-to-month,Yes,Electronic check,85.45,High,1451.6,Medium Value,Yes
6754-LZUKA,Two year,No,Bank transfer (automatic),80.9,High,4932.5,High Value,No
3422-LYEPQ,Month-to-month,Yes,Electronic check,71,High,71,Low Value,Yes
8099-MZPUJ,Two year,No,Credit card (automatic),111.8,Very High,5443.65,High Value,No
0787-LHDYT,Month-to-month,Yes,Credit card (automatic),20.6,Low,330.25,Low Value,Yes
2642-DTVCO,Month-to-month,Yes,Electronic check,85.05,High,746.5,Medium Value,Yes
0374-IOEGQ,Month-to-month,No,Electronic check,44.6,Medium,122.7,Low Value,Yes
4361-JEIVL,Month-to-month,Yes,Electronic check,44.4,Medium,44.4,Low Value,Yes
3197-NNYNB,Two year,No,Credit card (automatic),105.1,Very High,6631.85,High Value,No
3396-DKDEL,Two year,Yes,Credit card (automatic),115.15,Very High,8250,High Value,No
1752-OZXFY,One year,Yes,Mailed check,59.8,Medium,3561.15,High Value,No
9066-QRSDU,One year,Yes,Electronic check,26.3,Low,1763.55,Medium Value,No
9112-WSNPU,Month-to-month,No,Electronic check,70.55,High,2419,Medium Value,Yes
9867-NNXLC,Month-to-month,Yes,Mailed check,20.05,Low,470.2,Low Value,Yes
5321-NTRKC,Two year,No,Bank transfer (automatic),79.85,High,5234.95,High Value,No
1363-TXLSL,Month-to-month,Yes,Electronic check,70.3,Medium,70.3,Low Value,Yes
9507-EXLTT,Month-to-month,Yes,Bank transfer (automatic),79.35,High,79.35,Low Value,Yes
3161-GETRM,Month-to-month,Yes,Credit card (automatic),90.05,Very High,3097,High Value,Yes
0402-OAMEN,Two year,No,Bank transfer (automatic),24.45,Low,1709.1,Medium Value,No
6933-VLYFX,One year,No,Electronic check,59.95,Medium,1848.8,Medium Value,No
6754-WKSHP,One year,No,Bank transfer (automatic),25.35,Low,723.3,Medium Value,No
9846-GKXAS,Month-to-month,Yes,Bank transfer (automatic),90.8,Very High,809.75,Medium Value,Yes
6017-PPLPX,Month-to-month,Yes,Electronic check,70.45,High,1470.95,Medium Value,Yes
4976-LNFVV,Month-to-month,Yes,Credit card (automatic),34.3,Low,577.15,Low Value,Yes
5055-MGMGF,Month-to-month,Yes,Electronic check,105.05,Very High,6914.95,High Value,Yes
4641-FROLU,Two year,No,Mailed check,19.3,Low,602.9,Low Value,No
2862-JVEOY,One year,No,Mailed check,19.15,Low,124.4,Low Value,No
2969-QWUBZ,Month-to-month,No,Electronic check,51.4,Medium,96.8,Low Value,Yes
9822-BIIGN,Month-to-month,No,Electronic check,71.85,High,3827.9,High Value,Yes
2077-MPJQO,Month-to-month,Yes,Electronic check,75.4,High,533.05,Low Value,Yes
1534-OULXE,One year,Yes,Bank transfer (automatic),49.7,Medium,2961.4,High Value,No
7136-RVDTZ,One year,Yes,Electronic check,45.25,Medium,3264.45,High Value,No
2971-SGAFL,Month-to-month,Yes,Electronic check,78.75,High,995.35,Medium Value,Yes
1480-IVEVR,One year,Yes,Bank transfer (automatic),81.6,High,2815.25,High Value,No
2905-KFQUV,Month-to-month,Yes,Credit card (automatic),70.4,High,154.8,Low Value,Yes
4581-SSPWD,Month-to-month,Yes,Electronic check,75.8,High,246.3,Low Value,Yes
3370-HXOPH,Month-to-month,No,Electronic check,76.1,High,257.6,Low Value,Yes
9391-YZEJW,One year,Yes,Bank transfer (automatic),94,Very High,5757.2,High Value,No
9958-MEKUC,Two year,No,Credit card (automatic),103.95,Very High,7517.7,High Value,No
0281-CNTZX,Two year,Yes,Bank transfer (automatic),19.95,Low,1234.8,Medium Value,No
6927-WTFIV,Month-to-month,No,Credit card (automatic),71.3,High,1389.2,Medium Value,Yes
4118-CEVPF,One year,Yes,Bank transfer (automatic),110.8,Very High,3836.3,High Value,No
3398-ZOUAA,Month-to-month,Yes,Electronic check,69.1,Medium,1474.75,Medium Value,Yes
9114-VEPUF,One year,No,Electronic check,96.1,Very High,6001.45,High Value,No
7876-BEUTG,Month-to-month,Yes,Mailed check,48.8,Medium,720.1,Medium Value,Yes
2338-BQEZT,Month-to-month,Yes,Credit card (automatic),50.55,Medium,2832.75,High Value,Yes
9873-MNDKV,Month-to-month,Yes,Mailed check,44.65,Medium,472.25,Low Value,Yes
0378-NHQXU,Month-to-month,No,Electronic check,88.25,High,1460.65,Medium Value,Yes
8241-JUIQO,One year,No,Bank transfer (automatic),19.45,Low,1336.35,Medium Value,No
2194-IIQOF,Two year,No,Credit card (automatic),89.3,High,6388.65,High Value,No
4512-ZUIYL,Month-to-month,No,Bank transfer (automatic),70,Medium,153.05,Low Value,Yes
9631-RXVJM,Two year,No,Mailed check,19.25,Low,677.9,Low Value,No
9584-EXCDZ,Month-to-month,No,Bank transfer (automatic),70.5,High,1165.6,Medium Value,Yes
7969-AULMZ,Month-to-month,Yes,Electronic check,97.35,Very High,2119.5,Medium Value,Yes
5093-FEGLU,Two year,No,Bank transfer (automatic),19.65,Low,921.55,Medium Value,No
2621-UDNLU,Month-to-month,No,Mailed check,20.85,Low,72,Low Value,Yes
7526-IVLYU,Month-to-month,Yes,Mailed check,19.65,Low,68.35,Low Value,Yes
2428-HYUNX,Two year,Yes,Credit card (automatic),19.35,Low,847.25,Medium Value,No
9214-EKVXR,Month-to-month,Yes,Mailed check,44,Medium,44,Low Value,Yes
3410-MHHUM,One year,No,Electronic check,94.4,Very High,4295.35,High Value,No
0568-ONFPC,Month-to-month,Yes,Bank transfer (automatic),25.9,Low,135,Low Value,Yes
0733-VUNUW,Month-to-month,Yes,Bank transfer (automatic),55.65,Medium,1400.55,Medium Value,Yes
4550-EVXNY,Month-to-month,Yes,Electronic check,69.65,Medium,69.65,Low Value,Yes
2122-YWVYA,Month-to-month,Yes,Electronic check,75.4,High,1380.4,Medium Value,Yes
2968-SSGAA,Month-to-month,Yes,Electronic check,100.6,Very High,1060.2,Medium Value,Yes
2296-DKZFP,Two year,No,Bank transfer (automatic),71,High,4386.2,High Value,No
4844-JJWUY,Month-to-month,Yes,Electronic check,86,High,86,Low Value,Yes
6777-TGHTM,One year,Yes,Credit card (automatic),106.95,Very High,5785.5,High Value,No
8909-BOLNL,One year,No,Mailed check,21.2,Low,52.05,Low Value,No
6603-YRDCJ,Two year,Yes,Mailed check,61.05,Medium,2018.4,Medium Value,No
3538-WZPHD,Month-to-month,Yes,Electronic check,29.6,Low,79.45,Low Value,Yes
3229-USWAR,One year,Yes,Bank transfer (automatic),79.95,High,2727.3,Medium Value,No
2138-VFAPZ,Two year,Yes,Mailed check,19.7,Low,263.65,Low Value,No
6131-JLWZM,Month-to-month,Yes,Mailed check,20.3,Low,275.4,Low Value,Yes
4785-QRJHC,One year,Yes,Bank transfer (automatic),59.9,Medium,2816.65,High Value,No
0269-XFESX,One year,No,Mailed check,24.35,Low,538.5,Low Value,No
1709-EJDOX,Two year,No,Mailed check,19.75,Low,948.9,Medium Value,No
4316-XCSLJ,Month-to-month,Yes,Mailed check,50.3,Medium,846.8,Medium Value,Yes
8610-WFCJF,Month-to-month,Yes,Electronic check,95.6,Very High,4783.5,High Value,Yes
9693-XMUOB,Month-to-month,Yes,Electronic check,50.25,Medium,2997.45,High Value,Yes
0383-CLDDA,Two year,Yes,Credit card (automatic),85.35,High,5897.4,High Value,No
4905-JEFDW,One year,Yes,Electronic check,41.6,Medium,470.6,Low Value,No
2709-UQGNP,Month-to-month,Yes,Mailed check,51.65,Medium,524.5,Low Value,Yes
3549-ZTMNH,Two year,Yes,Bank transfer (automatic),24,Low,269.65,Low Value,No
7881-INRLC,Month-to-month,Yes,Credit card (automatic),100.85,Very High,4740,High Value,Yes
8033-ATFAS,Month-to-month,Yes,Mailed check,59.85,Medium,2341.5,Medium Value,Yes
1635-NZATJ,Two year,No,Credit card (automatic),25.45,Low,1789.65,Medium Value,No
0562-HKHML,Two year,No,Credit card (automatic),23.9,Low,1626.4,Medium Value,No
8277-RVRSV,One year,No,Credit card (automatic),24.15,Low,800.3,Medium Value,No
9943-VSZUV,Month-to-month,Yes,Mailed check,75.7,High,5060.85,High Value,Yes
0117-LFRMW,Month-to-month,No,Bank transfer (automatic),40.2,Medium,1448.8,Medium Value,Yes
6172-FECYY,Month-to-month,No,Electronic check,84.5,High,4254.85,High Value,Yes
7054-ENNGU,Month-to-month,No,Mailed check,50.85,Medium,466.6,Low Value,Yes
1455-HFBXA,Two year,Yes,Credit card (automatic),91.6,Very High,4627.8,High Value,No
9402-CXWPL,One year,No,Electronic check,98.9,Very High,6838.6,High Value,No
1628-BIZYP,Month-to-month,Yes,Electronic check,85,High,85,Low Value,Yes
1965-AKTSX,Month-to-month,Yes,Electronic check,78.95,High,1101.85,Medium Value,Yes
0082-LDZUE,Month-to-month,Yes,Mailed check,44.3,Medium,44.3,Low Value,Yes
4786-UKSNZ,Month-to-month,No,Mailed check,20.2,Low,20.2,Low Value,Yes
5343-SGUBI,One year,Yes,Mailed check,80.2,High,4297.6,High Value,No
0856-NAOES,Month-to-month,No,Mailed check,60.9,Medium,414.1,Low Value,Yes
1976-AZZPJ,Month-to-month,No,Mailed check,34.2,Low,256.6,Low Value,Yes
7248-VZQLC,Month-to-month,Yes,Bank transfer (automatic),85.2,High,3969.35,High Value,Yes
6156-UZDLF,One year,Yes,Credit card (automatic),87.15,High,2274.1,Medium Value,No
3099-OONVS,Month-to-month,No,Electronic check,54.3,Medium,1296.8,Medium Value,Yes
9500-WBGRP,Two year,Yes,Mailed check,19.1,Low,1268.85,Medium Value,No
5183-KLYEM,Two year,Yes,Credit card (automatic),112.75,Very High,8192.6,High Value,No
5144-PQCDZ,Month-to-month,Yes,Mailed check,19.95,Low,59.25,Low Value,Yes
8514-VZHEB,Two year,No,Mailed check,19.5,Low,1147.85,Medium Value,No
6625-IUTTT,Two year,No,Bank transfer (automatic),65.55,Medium,4361.55,High Value,No
9355-NPPFS,Month-to-month,Yes,Electronic check,78.8,High,2006.1,Medium Value,Yes
0068-FIGTF,One year,No,Mailed check,78.2,High,2078.95,Medium Value,No
5965-GGPRW,Two year,No,Bank transfer (automatic),105.25,Very High,7609.75,High Value,No
8035-PWSEV,Month-to-month,Yes,Electronic check,89.25,High,487.05,Low Value,Yes
2236-HILPA,Two year,No,Credit card (automatic),20.65,Low,1218.45,Medium Value,No
1840-BIUOG,One year,Yes,Electronic check,68.7,Medium,1416.2,Medium Value,No
1356-MKYSK,Month-to-month,No,Credit card (automatic),78.65,High,483.3,Low Value,Yes
6080-LNESI,Two year,No,Mailed check,24.75,Low,1234.6,Medium Value,No
1830-IPXVJ,Two year,No,Credit card (automatic),19.75,Low,1311.6,Medium Value,No
5828-DWPIL,Month-to-month,Yes,Electronic check,89.1,High,5618.3,High Value,Yes
8398-TBIYD,Two year,Yes,Bank transfer (automatic),84.7,High,6185.15,High Value,No
0011-IGKFF,Month-to-month,Yes,Electronic check,98,Very High,1237.85,Medium Value,Yes
4192-GORJT,Month-to-month,Yes,Electronic check,94.45,Very High,498.1,Low Value,Yes
6496-SLWHQ,Month-to-month,Yes,Electronic check,105,Very High,294.45,Low Value,Yes
9912-GVSEQ,Month-to-month,Yes,Electronic check,93.85,Very High,2381.55,Medium Value,Yes
2931-FSOHN,Month-to-month,Yes,Electronic check,59.9,Medium,788.35,Medium Value,Yes
9418-RUKPH,Two year,Yes,Mailed check,19.95,Low,756.4,Medium Value,No
5383-MMTWC,Month-to-month,Yes,Electronic check,84,High,613.4,Low Value,Yes
9971-ZWPBF,Month-to-month,Yes,Electronic check,108.9,Very High,3625.2,High Value,Yes
4712-AUQZO,Month-to-month,No,Mailed check,33.6,Low,550.35,Low Value,Yes
9711-FJTBX,One year,Yes,Mailed check,85.85,High,4793.8,High Value,No
2908-ZTPNF,Month-to-month,Yes,Bank transfer (automatic),34.85,Low,1267.2,Medium Value,Yes
7240-ETPTR,Month-to-month,Yes,Electronic check,48.75,Medium,442.2,Low Value,Yes
2202-CUYXZ,Month-to-month,Yes,Electronic check,84.85,High,84.85,Low Value,Yes
5995-OIGLP,Month-to-month,No,Mailed check,56.65,Medium,654.85,Low Value,Yes
8421-WZOOW,Month-to-month,Yes,Credit card (automatic),95.3,Very High,5567.45,High Value,Yes
6261-RCVNS,One year,No,Credit card (automatic),73.9,High,3160.55,High Value,No
7951-QKZPL,Two year,Yes,Mailed check,24.5,Low,740.3,Medium Value,No
1414-YADCW,Two year,No,Bank transfer (automatic),84.6,High,5706.2,High Value,No
8756-RDDLT,Month-to-month,No,Electronic check,44.95,Medium,3085.35,High Value,Yes
2862-PFNIK,Month-to-month,Yes,Electronic check,24.7,Low,24.7,Low Value,Yes
5816-QVHRX,Month-to-month,No,Credit card (automatic),100.3,Very High,3541.4,High Value,Yes
4430-YHXGG,Month-to-month,Yes,Mailed check,25.45,Low,84.2,Low Value,Yes
6888-SBYAI,Month-to-month,Yes,Mailed check,50.7,Medium,50.7,Low Value,Yes
7395-XWZOY,Month-to-month,Yes,Credit card (automatic),55,Medium,1165.55,Medium Value,Yes
7169-YWAMK,Two year,No,Bank transfer (automatic),68.4,Medium,4855.35,High Value,No
3640-PHQXK,Month-to-month,Yes,Electronic check,89.9,Very High,2806.9,High Value,Yes
6877-LGWXO,Month-to-month,No,Electronic check,78.55,High,1422.65,Medium Value,Yes
6859-RKMZJ,Month-to-month,Yes,Bank transfer (automatic),55.05,Medium,608.15,Low Value,Yes
2729-VNVAP,Two year,No,Credit card (automatic),19.8,Low,641.35,Low Value,No
2957-JIRMN,One year,No,Electronic check,84.45,High,4959.15,High Value,No
2049-BAFNW,Month-to-month,No,Mailed check,35.9,Medium,35.9,Low Value,Yes
3842-QTGDL,Month-to-month,No,Bank transfer (automatic),80.75,High,1321.3,Medium Value,Yes
7163-OCEQI,One year,Yes,Mailed check,78.65,High,1663.75,Medium Value,No
9782-LGXMC,Month-to-month,No,Bank transfer (automatic),61.75,Medium,3024.15,High Value,Yes
5975-BAICR,One year,Yes,Credit card (automatic),63.7,Medium,2188.5,Medium Value,No
8019-ENHXU,Month-to-month,Yes,Electronic check,99.45,Very High,4138.05,High Value,Yes
5167-GBFRE,Month-to-month,Yes,Bank transfer (automatic),25.2,Low,102.5,Low Value,Yes
9033-EOXWV,One year,No,Mailed check,74.05,High,872.65,Medium Value,No
4673-KKSLS,Month-to-month,No,Electronic check,87.6,High,2724.25,Medium Value,Yes
4853-OITSN,Month-to-month,Yes,Electronic check,89.15,High,413.25,Low Value,Yes
9800-OUIGR,Two year,No,Credit card (automatic),20,Low,1374.2,Medium Value,No
1324-NLTJE,Month-to-month,No,Credit card (automatic),55,Medium,757.1,Medium Value,Yes
2324-EFHVG,Two year,Yes,Bank transfer (automatic),104.4,Very High,6692.65,High Value,No
7094-MSZAO,Month-to-month,Yes,Credit card (automatic),20.05,Low,218.5,Low Value,Yes
1522-VVDMG,Month-to-month,Yes,Electronic check,89.75,High,608.8,Low Value,Yes
6907-CQGPN,Month-to-month,No,Electronic check,34.3,Low,1004.75,Medium Value,Yes
0780-XNZFN,Two year,No,Bank transfer (automatic),20.65,Low,1125.6,Medium Value,No
0239-OXEXL,Month-to-month,No,Mailed check,84.25,High,3847.6,High Value,Yes
2675-IJRGJ,Two year,No,Bank transfer (automatic),19.65,Low,978,Medium Value,No
7049-GKVZY,One year,No,Credit card (automatic),79.85,High,1387.35,Medium Value,No
8577-QSOCG,Two year,Yes,Mailed check,20.2,Low,746.05,Medium Value,No
3721-CNZHX,One year,No,Mailed check,19.8,Low,304.6,Low Value,No
0212-ISBBF,Month-to-month,Yes,Electronic check,50.35,Medium,1098.85,Medium Value,Yes
9185-TQCVP,Month-to-month,Yes,Electronic check,85.15,High,1139.2,Medium Value,Yes
3585-YNADK,One year,No,Bank transfer (automatic),74.6,High,4368.95,High Value,No
5271-DBYSJ,Month-to-month,Yes,Credit card (automatic),79.15,High,827.7,Medium Value,Yes
1099-GODLO,Two year,No,Mailed check,20.35,Low,20.35,Low Value,No
6828-HMKWP,Two year,No,Bank transfer (automatic),21.05,Low,262.05,Low Value,No
5567-WSELE,Month-to-month,Yes,Electronic check,94.6,Very High,279.55,Low Value,Yes
1472-TNCWL,Month-to-month,Yes,Electronic check,94.7,Very High,3512.5,High Value,Yes
8063-RJYNF,Month-to-month,Yes,Electronic check,94.25,Very High,1483.25,Medium Value,Yes
0687-ZVTHB,One year,No,Credit card (automatic),72.45,High,4653.85,High Value,No
2080-GKCWQ,Month-to-month,No,Electronic check,74.95,High,151.75,Low Value,Yes
9661-ACXBS,Month-to-month,Yes,Electronic check,105.2,Very High,4400.75,High Value,Yes
2193-SFWQW,Two year,No,Bank transfer (automatic),111.95,Very High,8033.1,High Value,No
5656-JAMLX,Two year,No,Bank transfer (automatic),19.85,Low,1253.65,Medium Value,No
3462-BJQQA,Month-to-month,Yes,Electronic check,89.75,High,552.65,Low Value,Yes
0442-TDYUO,Two year,Yes,Mailed check,20.05,Low,1036,Medium Value,No
6733-LRIZX,Two year,Yes,Electronic check,108.95,Very High,4025.5,High Value,No
9503-XJUME,One year,No,Credit card (automatic),19.65,Low,928.4,Medium Value,No
4367-NHWMM,Month-to-month,Yes,Mailed check,24.9,Low,24.9,Low Value,Yes
3727-RJMEO,Month-to-month,Yes,Electronic check,82.85,High,460.25,Low Value,Yes
3779-OSWCF,Two year,No,Credit card (automatic),93.2,Very High,6506.15,High Value,No
6736-DHUQI,One year,No,Bank transfer (automatic),84.8,High,5598.3,High Value,No
3915-ODIYG,One year,Yes,Electronic check,71.75,High,4374.55,High Value,No
1360-RCYRT,Month-to-month,Yes,Bank transfer (automatic),30.35,Low,678.75,Medium Value,Yes
2724-FJDYW,One year,No,Bank transfer (automatic),54.85,Medium,2191.7,Medium Value,No
4451-RWASJ,One year,Yes,Mailed check,19.5,Low,239.75,Low Value,No
6646-VRFOL,Month-to-month,Yes,Electronic check,103.85,Very High,5485.5,High Value,Yes
3460-TJBWI,Two year,No,Mailed check,24.2,Low,609.05,Low Value,No
5917-HBSDW,Month-to-month,No,Electronic check,19.35,Low,683.75,Medium Value,Yes
5685-IIXLY,Month-to-month,Yes,Electronic check,83.6,High,404.2,Low Value,Yes
5671-UUNXD,One year,Yes,Electronic check,100.65,Very High,5189.75,High Value,No
0956-ACVZC,One year,Yes,Credit card (automatic),94.1,Very High,5060.9,High Value,No
2325-NBPZG,Month-to-month,Yes,Electronic check,74.55,High,233.65,Low Value,Yes
4250-ZBWLV,One year,No,Electronic check,108.45,Very High,7176.55,High Value,No
4482-FTFFX,Month-to-month,No,Electronic check,56.15,Medium,291.45,Low Value,Yes
8859-DZTGQ,Two year,No,Mailed check,20.35,Low,689.75,Medium Value,No
0440-MOGPM,One year,Yes,Electronic check,80.55,High,3263.9,High Value,No
0020-JDNXP,One year,No,Mailed check,61.25,Medium,1993.2,Medium Value,No
3752-CQSJI,Month-to-month,Yes,Mailed check,20.45,Low,254.5,Low Value,Yes
5025-GOOKI,Month-to-month,Yes,Credit card (automatic),18.9,Low,347.65,Low Value,Yes
4698-KVLLG,Two year,No,Credit card (automatic),19.6,Low,967.9,Medium Value,No
5095-AESKG,Month-to-month,Yes,Credit card (automatic),91.5,Very High,242.95,Low Value,Yes
2887-JPYLU,Month-to-month,No,Bank transfer (automatic),45.2,Medium,1841.9,Medium Value,Yes
4770-QAZXN,Month-to-month,No,Credit card (automatic),19.45,Low,232.1,Low Value,Yes
4896-CPRPF,Two year,No,Bank transfer (automatic),25.45,Low,809.25,Medium Value,No
1871-MOWRM,Month-to-month,No,Bank transfer (automatic),80.85,High,866.45,Medium Value,Yes
9714-EDSUC,Month-to-month,Yes,Mailed check,94.9,Very High,360.55,Low Value,Yes
2027-OAQQC,Month-to-month,Yes,Bank transfer (automatic),49.05,Medium,2076.2,Medium Value,Yes
0282-NVSJS,Month-to-month,Yes,Mailed check,29.3,Low,355.9,Low Value,Yes
9090-SGQXL,Month-to-month,Yes,Electronic check,105.3,Very High,7299.65,High Value,Yes
6595-YGXIT,Month-to-month,Yes,Electronic check,88.95,High,2291.2,Medium Value,Yes
7353-YOWFP,One year,No,Mailed check,20.25,Low,129.15,Low Value,No
9835-ZIITK,One year,Yes,Electronic check,110.85,Very High,7491.75,High Value,No
8008-ESFLK,One year,No,Electronic check,110.5,Very High,5835.5,High Value,No
7537-CBQUZ,Month-to-month,Yes,Bank transfer (automatic),109.4,Very High,7031.45,High Value,Yes
1555-DJEQW,Two year,Yes,Bank transfer (automatic),114.2,Very High,7723.9,High Value,No
5649-TJHOV,Month-to-month,No,Bank transfer (automatic),36.5,Medium,1032,Medium Value,Yes
0519-XUZJU,Month-to-month,No,Mailed check,70.75,High,70.75,Low Value,Yes
3363-EWLGO,Month-to-month,No,Mailed check,19.95,Low,109.6,Low Value,Yes
4750-UKWJK,One year,No,Mailed check,19.6,Low,727.8,Medium Value,No
6338-AVWCY,Month-to-month,Yes,Mailed check,40.15,Medium,130.75,Low Value,Yes
1689-YQBYY,Month-to-month,Yes,Electronic check,76.6,High,893,Medium Value,Yes
4487-ZYJZK,One year,No,Credit card (automatic),19.6,Low,763.1,Medium Value,No
2959-FENLU,Month-to-month,Yes,Credit card (automatic),85.3,High,781.4,Medium Value,Yes
0708-LGSMF,Month-to-month,Yes,Electronic check,65.85,Medium,902.25,Medium Value,Yes
9253-QXKBE,Month-to-month,Yes,Electronic check,94.45,Very High,2653.65,Medium Value,Yes
7634-HLQJR,Two year,No,Credit card (automatic),20.05,Low,1016.7,Medium Value,No
0487-RPVUM,Month-to-month,No,Bank transfer (automatic),99.4,Very High,5943.65,High Value,Yes
4079-ULGFR,Month-to-month,No,Mailed check,20,Low,275.7,Low Value,Yes
2516-XSJKX,Two year,No,Electronic check,78.45,High,3126.45,High Value,No
0057-QBUQH,Two year,Yes,Electronic check,25.1,Low,1070.15,Medium Value,No
9445-SZLCH,Month-to-month,Yes,Bank transfer (automatic),97.35,Very High,3457.9,High Value,Yes
6599-SFQVE,Month-to-month,Yes,Electronic check,55,Medium,340.4,Low Value,Yes
8331-ZXFOE,One year,Yes,Credit card (automatic),71.1,High,4299.2,High Value,No
4003-FUSHP,Month-to-month,Yes,Credit card (automatic),61.55,Medium,1093.2,Medium Value,Yes
0356-ERHVT,Month-to-month,Yes,Bank transfer (automatic),45.9,Medium,521.9,Low Value,Yes
7325-ENZFI,One year,Yes,Bank transfer (automatic),40.3,Medium,1630.4,Medium Value,No
4884-ZTHVF,Month-to-month,Yes,Electronic check,87.1,High,713.6,Medium Value,Yes
3920-HIHMQ,Month-to-month,Yes,Mailed check,49.5,Medium,1265.65,Medium Value,Yes
3055-OYMSE,Month-to-month,Yes,Credit card (automatic),73.8,High,4003.85,High Value,Yes
0613-WUXUM,Two year,Yes,Mailed check,19.2,Low,1401.4,Medium Value,No
7568-PODML,Month-to-month,Yes,Mailed check,45.3,Medium,45.3,Low Value,Yes
4458-KVRBJ,Two year,No,Mailed check,25,Low,1510.5,Medium Value,No
5349-IECLD,Month-to-month,No,Electronic check,94.95,Very High,178.1,Low Value,Yes
1397-XKKWR,One year,No,Mailed check,35.3,Low,264.8,Low Value,No
3945-GFWQL,Month-to-month,Yes,Electronic check,44.55,Medium,480.6,Low Value,Yes
8097-OMULG,One year,No,Credit card (automatic),76.75,High,4541.9,High Value,No
6013-BHCAW,Two year,Yes,Bank transfer (automatic),81,High,4976.15,High Value,No
0401-WDBXM,Two year,Yes,Bank transfer (automatic),105.55,Very High,7542.25,High Value,No
3387-PLKUI,Month-to-month,No,Mailed check,18.8,Low,251.25,Low Value,Yes
6096-EGVTU,One year,No,Mailed check,24.9,Low,1595.5,Medium Value,No
3797-VTIDR,Month-to-month,Yes,Electronic check,23.45,Low,23.45,Low Value,Yes
5081-NWSUP,One year,No,Mailed check,64.9,Medium,685.55,Medium Value,No
2580-ATZSQ,One year,No,Bank transfer (automatic),61.35,Medium,3874.1,High Value,No
8085-MSNLK,Two year,No,Mailed check,113.95,Very High,6891.4,High Value,No
9691-HKOVS,One year,Yes,Electronic check,90.15,Very High,4916.95,High Value,No
9881-VCZEP,Month-to-month,No,Electronic check,54.1,Medium,1373,Medium Value,Yes
9526-BIHHD,Month-to-month,No,Mailed check,29.7,Low,29.7,Low Value,Yes
8757-TFHHJ,Month-to-month,Yes,Credit card (automatic),49.8,Medium,49.8,Low Value,Yes
4523-WXCEF,Month-to-month,No,Electronic check,101.1,Very High,6039.9,High Value,Yes
1468-DEFNC,Two year,Yes,Bank transfer (automatic),24.4,Low,1548.65,Medium Value,No
5119-KEPFY,Month-to-month,Yes,Bank transfer (automatic),95,Very High,3440.25,High Value,Yes
8364-TRMMK,Month-to-month,Yes,Mailed check,50.65,Medium,151.3,Low Value,Yes
0916-KNFAJ,Two year,Yes,Mailed check,69.9,Medium,4226.7,High Value,No
8319-QBEHW,One year,Yes,Bank transfer (automatic),39.95,Medium,1023.75,Medium Value,No
3063-QFSZL,Month-to-month,Yes,Electronic check,55.4,Medium,55.4,Low Value,Yes
8775-LHDJH,Month-to-month,Yes,Electronic check,90.6,Very High,90.6,Low Value,Yes
9625-QNLUX,Two year,Yes,Credit card (automatic),103.25,Very High,7074.4,High Value,No
3097-NQYSN,Month-to-month,Yes,Mailed check,86.85,High,156.35,Low Value,Yes
4024-CSNBY,Two year,Yes,Bank transfer (automatic),94.25,Very High,6849.75,High Value,No
7110-BDTWG,Two year,Yes,Electronic check,47.05,Medium,3263.6,High Value,No
7493-GVFIO,Two year,No,Credit card (automatic),20.55,Low,1252.85,Medium Value,No
0690-SRQID,Month-to-month,Yes,Mailed check,19.65,Low,67.55,Low Value,Yes
9605-WGJVW,Month-to-month,Yes,Electronic check,70.2,Medium,70.2,Low Value,Yes
9114-DPSIA,Two year,No,Credit card (automatic),81,High,5750,High Value,No
4700-UBQMV,One year,Yes,Bank transfer (automatic),75.9,High,1549.75,Medium Value,No
7711-GQBZC,Two year,No,Bank transfer (automatic),24.7,Low,1810.55,Medium Value,No
3565-UNOCC,Month-to-month,Yes,Bank transfer (automatic),99.05,Very High,2952.85,High Value,Yes
4627-MIHJH,Two year,No,Credit card (automatic),110.25,Very High,7467.55,High Value,No
9795-NREXC,Two year,Yes,Credit card (automatic),85,High,5484.4,High Value,No
8573-CGOCC,Month-to-month,No,Credit card (automatic),19.75,Low,294.9,Low Value,Yes
7356-AYNJP,One year,No,Electronic check,23.9,Low,97.5,Low Value,No
9249-FXSCK,One year,Yes,Credit card (automatic),111.25,Very High,5916.45,High Value,No
5493-SDRDQ,Month-to-month,Yes,Mailed check,55.1,Medium,113.35,Low Value,Yes
6286-SUUWT,Month-to-month,No,Mailed check,19.95,Low,19.95,Low Value,Yes
4819-HJPIW,Month-to-month,No,Mailed check,25.15,Low,476.8,Low Value,Yes
8654-DHAOW,Month-to-month,No,Mailed check,54.15,Medium,101.65,Low Value,Yes
5438-QMDDL,Month-to-month,Yes,Mailed check,59.8,Medium,1130.85,Medium Value,Yes
9812-GHVRI,Month-to-month,No,Bank transfer (automatic),83.85,High,3532.25,High Value,Yes
5553-AOINX,One year,Yes,Electronic check,104.9,Very High,6891.45,High Value,No
1228-ZLNBX,Month-to-month,No,Mailed check,75.3,High,1570.7,Medium Value,Yes
4226-KKDON,Month-to-month,Yes,Electronic check,66.65,Medium,520.95,Low Value,Yes
3831-YCPUO,Two year,Yes,Credit card (automatic),109.5,Very High,7854.9,High Value,No
7445-WMRBW,One year,Yes,Bank transfer (automatic),73.85,High,3581.4,High Value,No
3308-DGHKL,Two year,Yes,Bank transfer (automatic),19.3,Low,1447.9,Medium Value,No
9924-JPRMC,Two year,Yes,Electronic check,118.2,Very High,8547.15,High Value,No
0080-EMYVY,One year,No,Credit card (automatic),51.45,Medium,727.85,Medium Value,No
6218-KNUBD,Month-to-month,No,Electronic check,59.45,Medium,357.6,Low Value,Yes
7337-CINUD,Two year,No,Bank transfer (automatic),19.5,Low,159.35,Low Value,No
7609-NRNCA,One year,No,Mailed check,19.55,Low,280.85,Low Value,No
0623-EJQEG,One year,No,Electronic check,93.55,Very High,6069.25,High Value,No
7153-CHRBV,One year,Yes,Mailed check,59.3,Medium,3274.35,High Value,No
0871-URUWO,Month-to-month,Yes,Credit card (automatic),102.25,Very High,1359,Medium Value,Yes
9190-MFJLN,Month-to-month,Yes,Credit card (automatic),95.9,Very High,1777.9,Medium Value,Yes
6198-PNNSZ,One year,No,Bank transfer (automatic),109.8,Very High,6109.65,High Value,No
3317-VLGQT,Month-to-month,Yes,Electronic check,78.1,High,1122.4,Medium Value,Yes
4132-POCZS,Month-to-month,Yes,Electronic check,39.9,Medium,2020.9,Medium Value,Yes
5614-DNZCE,Two year,Yes,Credit card (automatic),64.9,Medium,3795.45,High Value,No
1095-JUDTC,Month-to-month,Yes,Electronic check,95.05,Very High,4504.55,High Value,Yes
3896-RCYYE,Month-to-month,Yes,Credit card (automatic),53.4,Medium,3579.15,High Value,Yes
9638-JIQYA,Month-to-month,Yes,Credit card (automatic),24.9,Low,49.7,Low Value,Yes
3258-SANFR,Month-to-month,No,Credit card (automatic),44.7,Medium,276.5,Low Value,Yes
3726-TBHQT,Two year,Yes,Bank transfer (automatic),114,Very High,8175.9,High Value,No
3190-ITQXP,Two year,No,Bank transfer (automatic),20.25,Low,890.35,Medium Value,No
0870-VEMYL,Month-to-month,No,Credit card (automatic),53.85,Medium,259.8,Low Value,Yes
4833-QTJNO,Month-to-month,No,Bank transfer (automatic),83.85,High,5588.8,High Value,Yes
3039-MJSLN,Month-to-month,No,Bank transfer (automatic),20.2,Low,50.6,Low Value,Yes
0178-CIIKR,Month-to-month,No,Mailed check,19.95,Low,58,Low Value,Yes
5385-SUIRI,Month-to-month,Yes,Electronic check,104.2,Very High,5568.35,High Value,Yes
3982-XWFZQ,Month-to-month,Yes,Electronic check,50.25,Medium,2203.65,Medium Value,Yes
5774-QPLTF,One year,Yes,Mailed check,20.35,Low,938.95,Medium Value,No
2322-VCZHZ,Month-to-month,Yes,Electronic check,90,Very High,2024.1,Medium Value,Yes
5010-IPEAQ,Two year,No,Credit card (automatic),54.2,Medium,3623.95,High Value,No
4009-ALQFH,Month-to-month,Yes,Electronic check,99.5,Very High,2369.05,Medium Value,Yes
6383-ZTSIW,One year,No,Mailed check,99.1,Very High,3877.95,High Value,No
8990-YOZLV,Two year,Yes,Mailed check,66.9,Medium,4577.9,High Value,No
3069-SSVSN,One year,No,Mailed check,25.85,Low,25.85,Low Value,No
5222-IMUKT,Month-to-month,No,Electronic check,91.05,Very High,2871.5,High Value,Yes
3627-FCRDW,Month-to-month,No,Electronic check,71,High,672.55,Low Value,Yes
7562-GSUHK,Month-to-month,Yes,Credit card (automatic),93.2,Very High,1573.7,Medium Value,Yes
6685-XSHHU,Two year,Yes,Bank transfer (automatic),20.95,Low,1270.55,Medium Value,No
8901-UPRHR,Two year,Yes,Bank transfer (automatic),109.2,Very High,7711.45,High Value,No
4903-UYAVB,Month-to-month,No,Mailed check,19.35,Low,126.05,Low Value,Yes
0118-JPNOY,Month-to-month,Yes,Credit card (automatic),85.8,High,2193.65,Medium Value,Yes
6776-TLWOI,Month-to-month,No,Mailed check,19.85,Low,64.55,Low Value,Yes
3845-FXCYS,Month-to-month,Yes,Electronic check,19.65,Low,31.2,Low Value,Yes
5857-XRECV,One year,No,Bank transfer (automatic),20.5,Low,38.25,Low Value,No
0725-CXOTM,One year,Yes,Credit card (automatic),89.65,High,3348.1,High Value,No
4343-EJVQB,Month-to-month,No,Mailed check,74.35,High,533.6,Low Value,Yes
9000-PLFUZ,Two year,Yes,Credit card (automatic),49.45,Medium,2907.55,High Value,No
3427-GGZZI,Month-to-month,Yes,Electronic check,89.1,High,1620.8,Medium Value,Yes
7779-ORAEL,Two year,No,Credit card (automatic),75.15,High,3480.35,High Value,No
0644-OQMDK,Month-to-month,Yes,Electronic check,70.65,High,293.85,Low Value,Yes
4077-CROMM,Month-to-month,Yes,Electronic check,104.2,Very High,3243.45,High Value,Yes
3154-CFSZG,Month-to-month,No,Electronic check,90.05,Very High,4137.2,High Value,Yes
2868-MZAGQ,Month-to-month,Yes,Electronic check,79.25,High,79.25,Low Value,Yes
4847-QNOKA,Month-to-month,Yes,Bank transfer (automatic),44.9,Medium,44.9,Low Value,Yes
2220-IAHLS,Month-to-month,No,Credit card (automatic),19.4,Low,19.4,Low Value,Yes
1658-XUHBX,Month-to-month,Yes,Credit card (automatic),88.75,High,5348.65,High Value,Yes
6379-RXJRQ,Month-to-month,Yes,Electronic check,70.1,Medium,659.65,Low Value,Yes
2378-HTWFW,Month-to-month,No,Credit card (automatic),91,Very High,3180.5,High Value,Yes
8650-RHRKE,Month-to-month,Yes,Electronic check,29.65,Low,118.5,Low Value,Yes
4377-VDHYI,One year,Yes,Electronic check,90.8,Very High,3023.85,High Value,No
0475-RIJEP,Month-to-month,Yes,Electronic check,77.85,High,3365.85,High Value,Yes
1260-TTRXI,Month-to-month,No,Electronic check,54.3,Medium,195.3,Low Value,Yes
3719-TDVQB,Two year,Yes,Mailed check,18.95,Low,1031.1,Medium Value,No
6328-ZPBGN,Month-to-month,Yes,Bank transfer (automatic),95.15,Very High,997.65,Medium Value,Yes
0201-MIBOL,Two year,Yes,Bank transfer (automatic),102.4,Very High,6471.85,High Value,No
4937-QPZPO,One year,Yes,Electronic check,99.9,Very High,6241.35,High Value,No
2925-VDZHY,Two year,No,Credit card (automatic),88.7,High,6501.35,High Value,No
6981-TDRFT,One year,Yes,Electronic check,54.3,Medium,2317.1,Medium Value,No
3413-CSSTH,Month-to-month,Yes,Bank transfer (automatic),55.7,Medium,2237.55,Medium Value,Yes
8033-VCZGH,One year,Yes,Electronic check,103.95,Very High,5231.3,High Value,No
4789-KWMXN,One year,Yes,Credit card (automatic),110.85,Very High,5275.8,High Value,No
0224-NIJLP,Two year,No,Mailed check,20.15,Low,165.5,Low Value,No
7542-CYDDM,Month-to-month,No,Mailed check,20.05,Low,358.5,Low Value,Yes
4718-WXBGI,Two year,Yes,Credit card (automatic),91.95,Very High,6614.9,High Value,No
2867-UIMSS,Month-to-month,No,Electronic check,80.5,High,80.5,Low Value,Yes
8495-PRWFH,Month-to-month,No,Electronic check,55.65,Medium,2421.75,Medium Value,Yes
0439-IFYUN,Month-to-month,Yes,Electronic check,74.7,High,1294.6,Medium Value,Yes
5716-LIBJC,One year,Yes,Credit card (automatic),104.15,Very High,1299.1,Medium Value,No
2868-LLSKM,One year,Yes,Bank transfer (automatic),83.65,High,5733.4,High Value,No
8111-RKSPX,Month-to-month,Yes,Bank transfer (automatic),72.2,High,305.55,Low Value,Yes
2988-QRAJY,Two year,Yes,Credit card (automatic),110.05,Very High,7430.75,High Value,No
1585-MQSSU,Month-to-month,No,Mailed check,51.5,Medium,900.5,Medium Value,Yes
0071-NDAFP,Two year,No,Credit card (automatic),25.5,Low,630.6,Low Value,No
2856-NNASM,Month-to-month,Yes,Mailed check,89.55,High,3856.75,High Value,Yes
7328-ZJAJO,Two year,No,Credit card (automatic),19.5,Low,1222.65,Medium Value,No
6458-CYIDZ,Month-to-month,No,Electronic check,80.7,High,374.8,Low Value,Yes
8559-CIZFV,One year,No,Mailed check,77.5,High,1625,Medium Value,No
1090-PYKCI,One year,Yes,Credit card (automatic),105.1,Very High,7234.8,High Value,No
3058-WQDRE,Month-to-month,Yes,Bank transfer (automatic),25.15,Low,331.85,Low Value,Yes
7547-EKNFS,Month-to-month,Yes,Bank transfer (automatic),95.25,Very High,3959.35,High Value,Yes
2279-AXJJK,Month-to-month,Yes,Credit card (automatic),95.65,Very High,5088.4,High Value,Yes
6769-DYBQN,Month-to-month,No,Electronic check,85,High,3969.4,High Value,Yes
0909-SELIE,Two year,Yes,Bank transfer (automatic),80.8,High,4860.85,High Value,No
3417-TSCIC,One year,Yes,Mailed check,24.85,Low,788.05,Medium Value,No
1042-HFUCW,One year,Yes,Credit card (automatic),54.75,Medium,1266.35,Medium Value,No
4439-JMPMT,Month-to-month,Yes,Electronic check,85.75,High,470.95,Low Value,Yes
6537-OTKMY,One year,No,Electronic check,50.75,Medium,688.2,Medium Value,No
8999-EXMNO,Two year,No,Mailed check,20.15,Low,387.7,Low Value,No
6725-TPKJO,Two year,No,Mailed check,20.05,Low,845.25,Medium Value,No
2446-BEGGB,Month-to-month,Yes,Electronic check,98.25,Very High,560.6,Low Value,Yes
7162-WPHPM,Two year,No,Credit card (automatic),71.6,High,4230.25,High Value,No
1599-MMYRQ,One year,Yes,Credit card (automatic),81.45,High,4983.05,High Value,No
8821-KVZKQ,One year,Yes,Bank transfer (automatic),58.4,Medium,4113.15,High Value,No
1496-GGSUK,Month-to-month,Yes,Mailed check,25.7,Low,25.7,Low Value,Yes
6434-TTGJP,Two year,No,Credit card (automatic),53.7,Medium,521,Low Value,No
0042-JVWOJ,One year,Yes,Bank transfer (automatic),19.6,Low,471.85,Low Value,No
0130-SXOUN,Month-to-month,No,Credit card (automatic),89.4,High,5976.9,High Value,Yes
2575-GFSOE,Month-to-month,Yes,Electronic check,69,Medium,506.9,Low Value,Yes
2330-PQGDQ,One year,No,Bank transfer (automatic),84.2,High,4299.75,High Value,No
1452-UZOSF,Two year,Yes,Credit card (automatic),106.1,Very High,7548.6,High Value,No
2097-YVPKN,Two year,No,Mailed check,25.75,Low,1654.75,Medium Value,No
2842-JTCCU,Month-to-month,No,Bank transfer (automatic),46.05,Medium,80.35,Low Value,Yes
8597-CTXVJ,One year,No,Bank transfer (automatic),64.95,Medium,4551.5,High Value,No
6631-HMANX,Two year,Yes,Credit card (automatic),85.45,High,6227.5,High Value,No
9962-BFPDU,Month-to-month,No,Mailed check,20.05,Low,20.05,Low Value,Yes
3296-SILRA,Month-to-month,Yes,Mailed check,76.4,High,76.4,Low Value,Yes
9681-OXGVC,Month-to-month,Yes,Electronic check,100.5,Very High,514,Low Value,Yes
6394-HHHZM,Month-to-month,No,Mailed check,20.7,Low,57.5,Low Value,Yes
5995-LFTLE,Two year,Yes,Credit card (automatic),25.3,Low,1474.35,Medium Value,No
5180-UCIIQ,Month-to-month,No,Mailed check,40.05,Medium,880.2,Medium Value,Yes
1932-UEDCX,Month-to-month,Yes,Bank transfer (automatic),100.6,Very High,3270.25,High Value,Yes
7153-OANIO,Month-to-month,No,Electronic check,69.95,Medium,69.95,Low Value,Yes
5188-HGMLP,Month-to-month,No,Bank transfer (automatic),74,High,3919.15,High Value,Yes
0665-XHDJU,Two year,Yes,Electronic check,99.4,Very High,7285.7,High Value,No
6521-YYTYI,Month-to-month,Yes,Electronic check,93.3,Very High,93.3,Low Value,Yes
8878-HMWBV,Month-to-month,Yes,Electronic check,49.15,Medium,169.05,Low Value,Yes
8265-HKSOW,Two year,No,Credit card (automatic),107.45,Very High,7658.3,High Value,No
3544-FBCAS,Two year,Yes,Credit card (automatic),83.6,High,5959.3,High Value,No
5331-RGMTT,Month-to-month,Yes,Credit card (automatic),99.05,Very High,5295.7,High Value,Yes
4759-PXTAN,One year,Yes,Electronic check,80.1,High,4693.2,High Value,No
7054-DMVAS,Two year,Yes,Bank transfer (automatic),65.3,Medium,3512.9,High Value,No
3428-MMGUB,Two year,Yes,Electronic check,89.55,High,5231.2,High Value,No
6549-BTYPG,Two year,No,Credit card (automatic),60.8,Medium,3603.45,High Value,No
7823-JSOAG,Month-to-month,No,Electronic check,74.5,High,217.45,Low Value,Yes
3705-RHRFR,Two year,No,Bank transfer (automatic),99.15,Very High,6875.35,High Value,No
9374-YOLBJ,Month-to-month,No,Electronic check,19.25,Low,19.25,Low Value,Yes
9074-KGVOX,Month-to-month,Yes,Credit card (automatic),39.45,Medium,2021.35,Medium Value,Yes
6128-DAFVY,Month-to-month,Yes,Credit card (automatic),44.85,Medium,2564.95,Medium Value,Yes
9933-QRGTX,Two year,Yes,Electronic check,97.2,Very High,5611.75,High Value,No
4476-OSWTN,One year,Yes,Mailed check,110.55,Very High,7610.1,High Value,No
3751-KTZEL,Month-to-month,No,Mailed check,35.05,Low,35.05,Low Value,Yes
1977-STDKI,Month-to-month,Yes,Electronic check,73,High,73,Low Value,Yes
5066-GFJMM,Month-to-month,Yes,Mailed check,19.9,Low,45.75,Low Value,Yes
2661-GKBTK,Two year,No,Bank transfer (automatic),76.95,High,4543.95,High Value,No
0458-HEUZG,Two year,No,Mailed check,35.4,Low,450.4,Low Value,No
7268-WNTCP,Two year,No,Bank transfer (automatic),20.45,Low,1297.35,Medium Value,No
0824-VWDPO,One year,No,Bank transfer (automatic),96.75,Very High,4442.75,High Value,No
8409-WQJUX,One year,No,Electronic check,54.2,Medium,1423.15,Medium Value,No
2578-JQPHZ,Two year,No,Bank transfer (automatic),100.1,Very High,4378.35,High Value,No
3278-FSIXX,Month-to-month,Yes,Mailed check,45.25,Medium,74.2,Low Value,Yes
5813-UECBU,Month-to-month,Yes,Credit card (automatic),83.85,High,2716.3,Medium Value,Yes
0328-GRPMV,Month-to-month,Yes,Electronic check,70.1,Medium,70.1,Low Value,Yes
9746-UGFAC,One year,No,Bank transfer (automatic),20.85,Low,450.65,Low Value,No
2946-KIQSP,Month-to-month,Yes,Mailed check,33.45,Low,1175.85,Medium Value,Yes
0625-AFOHS,Two year,No,Mailed check,20.2,Low,558.8,Low Value,No
6726-WEXXK,One year,Yes,Electronic check,85.9,High,2220.1,Medium Value,No
4636-OLWOE,One year,Yes,Electronic check,61,Medium,3283.05,High Value,No
4342-HENTK,Month-to-month,Yes,Electronic check,70.65,High,142.35,Low Value,Yes
4685-ERGHK,One year,Yes,Electronic check,86.9,High,4939.25,High Value,No
0885-HMGPY,Two year,No,Bank transfer (automatic),69.4,Medium,4237.5,High Value,No
5003-OKNNK,One year,No,Credit card (automatic),20.35,Low,335.95,Low Value,No
4195-SMMNX,Month-to-month,No,Mailed check,20.35,Low,33.2,Low Value,Yes
7208-PSIHR,Two year,Yes,Bank transfer (automatic),104.3,Very High,7188.5,High Value,No
4012-ZTHBR,Month-to-month,Yes,Electronic check,44.95,Medium,926.25,Medium Value,Yes
0489-WMEMG,One year,Yes,Electronic check,49.45,Medium,1119.35,Medium Value,No
7435-ZNUYY,One year,No,Mailed check,20.6,Low,116.6,Low Value,No
1354-YZFNB,Two year,No,Credit card (automatic),19.55,Low,68.8,Low Value,No
6956-SMUCM,Month-to-month,Yes,Credit card (automatic),99,Very High,287.4,Low Value,Yes
2985-FMWYF,Month-to-month,Yes,Electronic check,93.5,Very High,2341.55,Medium Value,Yes
2812-ENYMO,One year,No,Credit card (automatic),54.55,Medium,1362.85,Medium Value,No
2717-HVIZY,Month-to-month,No,Mailed check,20.05,Low,163.6,Low Value,Yes
3223-WZWJM,Month-to-month,Yes,Electronic check,83.95,High,2254.2,Medium Value,Yes
3422-GALYP,Month-to-month,Yes,Electronic check,79.45,High,145.15,Low Value,Yes
9053-JZFKV,Two year,No,Credit card (automatic),116.2,Very High,7752.3,High Value,No
2530-ENDWQ,Two year,Yes,Bank transfer (automatic),93.7,Very High,6585.35,High Value,No
2890-WFBHU,One year,No,Credit card (automatic),79.85,High,4786.1,High Value,No
0327-WFZSY,One year,No,Electronic check,100,Very High,3835.55,High Value,No
7977-HXJKU,Two year,No,Mailed check,19.6,Low,397,Low Value,No
6615-ZGEDR,Month-to-month,No,Mailed check,19.7,Low,19.7,Low Value,Yes
7033-CLAMM,Two year,No,Bank transfer (automatic),20.2,Low,1027.25,Medium Value,No
4023-RTIQM,One year,Yes,Credit card (automatic),50.4,Medium,1580.1,Medium Value,No
0864-FVJNJ,One year,No,Electronic check,113.35,Very High,7222.75,High Value,No
7356-IWLFW,Month-to-month,Yes,Bank transfer (automatic),80,High,3769.7,High Value,Yes
9541-PWTWO,Two year,Yes,Bank transfer (automatic),80.95,High,4233.95,High Value,No
3967-VQOGC,Two year,Yes,Mailed check,24.9,Low,1680.25,Medium Value,No
7872-RDDLZ,Month-to-month,No,Electronic check,54.9,Medium,3725.5,High Value,Yes
9250-WYPLL,Month-to-month,No,Electronic check,75.55,High,413.65,Low Value,Yes
6308-CQRBU,Two year,No,Electronic check,109.25,Very High,7707.7,High Value,No
2754-XBHTB,Month-to-month,Yes,Bank transfer (automatic),77.65,High,714.15,Medium Value,Yes
1597-LHYNC,Month-to-month,Yes,Electronic check,95,Very High,2497.2,Medium Value,Yes
0186-CAERR,One year,Yes,Bank transfer (automatic),116.3,Very High,8309.55,High Value,No
3043-SUDUA,Month-to-month,No,Bank transfer (automatic),19.9,Low,601.55,Low Value,Yes
5442-BHQNG,Month-to-month,No,Electronic check,70.35,Medium,139.25,Low Value,Yes
2169-RRLFW,Two year,No,Credit card (automatic),25.6,Low,1888.25,Medium Value,No
5872-OEQNH,One year,Yes,Electronic check,44.45,Medium,2773.9,High Value,No
3162-KKZXO,One year,Yes,Electronic check,100.15,Very High,5409.75,High Value,No
7055-VKGDA,One year,Yes,Credit card (automatic),105.4,Very High,5643.4,High Value,No
0754-UKWQP,Month-to-month,Yes,Electronic check,95.85,Very High,197.7,Low Value,Yes
8873-GLDMH,Month-to-month,Yes,Mailed check,73.85,High,401.3,Low Value,Yes
5696-JVVQY,Two year,Yes,Credit card (automatic),70.1,Medium,3238.4,High Value,No
8946-BFWSG,Two year,No,Mailed check,25.25,Low,1573.05,Medium Value,No
7493-TPUWZ,Month-to-month,Yes,Electronic check,79.15,High,79.15,Low Value,Yes
0547-HURJB,Month-to-month,No,Credit card (automatic),21.05,Low,235.8,Low Value,Yes
8904-OPDCK,Month-to-month,Yes,Bank transfer (automatic),24.95,Low,1364.75,Medium Value,Yes
8845-LWKGE,One year,Yes,Electronic check,64.5,Medium,1985.15,Medium Value,No
1577-HKTFG,Month-to-month,No,Bank transfer (automatic),19.65,Low,655.85,Low Value,Yes
8752-STIVR,Month-to-month,Yes,Electronic check,79,High,303.15,Low Value,Yes
0691-NIKRI,One year,Yes,Credit card (automatic),105.95,Very High,4335.2,High Value,No
5022-JNQEQ,Month-to-month,Yes,Electronic check,75.85,High,647.5,Low Value,Yes
4558-FANTW,Month-to-month,No,Electronic check,91.85,Very High,1574.45,Medium Value,Yes
3249-VHRIP,Two year,Yes,Credit card (automatic),43.6,Medium,2748.7,High Value,No
3736-BLEPA,One year,Yes,Bank transfer (automatic),91.25,Very High,2483.65,Medium Value,No
4701-LKOZD,Two year,No,Credit card (automatic),89.75,High,6367.2,High Value,No
6603-QWSPR,Two year,Yes,Bank transfer (automatic),104.4,Very High,4904.2,High Value,No
9921-QFQUL,Month-to-month,No,Mailed check,90.15,Very High,2044.95,Medium Value,Yes
1929-ZCBHE,One year,No,Electronic check,40.3,Medium,1794.8,Medium Value,No
4378-MYPGO,Two year,Yes,Bank transfer (automatic),105.25,Very High,7173.15,High Value,No
8651-ENBZX,One year,Yes,Electronic check,106,Very High,6441.4,High Value,No
4129-LYCOI,Two year,Yes,Electronic check,104,Very High,7039.05,High Value,No
7798-JVXYM,Month-to-month,Yes,Electronic check,69.65,Medium,921.4,Medium Value,Yes
8647-SDTWQ,Month-to-month,Yes,Electronic check,74.3,High,4018.35,High Value,Yes
2696-ECXKC,One year,No,Mailed check,100.9,Very High,5448.6,High Value,No
2081-KJSQF,Month-to-month,Yes,Mailed check,20.25,Low,20.25,Low Value,Yes
7623-TRNQN,Month-to-month,Yes,Mailed check,49.9,Medium,49.9,Low Value,Yes
3323-CPBWR,Month-to-month,Yes,Credit card (automatic),96.9,Very High,2085.45,Medium Value,Yes
9330-IJWIO,Month-to-month,Yes,Electronic check,100.35,Very High,1358.85,Medium Value,Yes
3384-CTMSF,Month-to-month,Yes,Electronic check,104.1,Very High,5135.15,High Value,Yes
0902-RFHOF,One year,No,Mailed check,20.1,Low,730.1,Medium Value,No
9286-DOJGF,Month-to-month,Yes,Bank transfer (automatic),74.95,High,2869.85,High Value,Yes
6048-QBXKL,Month-to-month,Yes,Credit card (automatic),56.55,Medium,118.25,Low Value,Yes
9661-MHUMO,Month-to-month,Yes,Credit card (automatic),49.25,Medium,49.25,Low Value,Yes
7718-RXDGG,Month-to-month,Yes,Bank transfer (automatic),68.6,Medium,1108.6,Medium Value,Yes
1025-FALIX,Month-to-month,Yes,Credit card (automatic),69.05,Medium,1815.65,Medium Value,Yes
3451-VAWLI,Two year,No,Credit card (automatic),19.7,Low,730.4,Medium Value,No
3407-QGWLG,Month-to-month,Yes,Mailed check,20.05,Low,75.45,Low Value,Yes
1842-EZJMK,Month-to-month,No,Electronic check,103.7,Very High,5071.05,High Value,Yes
2347-WKKAE,Month-to-month,Yes,Electronic check,94.4,Very High,4014.6,High Value,Yes
8735-DCXNF,Month-to-month,Yes,Credit card (automatic),54.95,Medium,568.85,Low Value,Yes
3214-IYUUQ,One year,No,Bank transfer (automatic),93.7,Very High,5860.7,High Value,No
1936-UAFEH,Two year,No,Credit card (automatic),110.25,Very High,7279.35,High Value,No
3587-PMCOY,One year,Yes,Electronic check,98.9,Very High,1064.95,Medium Value,No
8079-XRJRS,One year,No,Electronic check,89.75,High,5769.6,High Value,No
1027-LKKQQ,Two year,Yes,Bank transfer (automatic),80.45,High,5886.85,High Value,No
7148-XZPHA,Month-to-month,No,Electronic check,79.4,High,4238.45,High Value,Yes
8073-IJDCM,Month-to-month,Yes,Mailed check,20.3,Low,20.3,Low Value,Yes
5309-TAIKL,Month-to-month,No,Bank transfer (automatic),62.8,Medium,418.3,Low Value,Yes
6856-RAURS,Month-to-month,Yes,Mailed check,74.9,High,136.05,Low Value,Yes
8778-LMWTJ,Month-to-month,Yes,Electronic check,74.85,High,708.2,Medium Value,Yes
9717-IOAAF,Two year,Yes,Credit card (automatic),25.85,Low,788.55,Medium Value,No
8884-ADFVN,Month-to-month,Yes,Electronic check,101.95,Very High,700.85,Medium Value,Yes
2845-KDHVX,Two year,Yes,Mailed check,68.3,Medium,4378.8,High Value,No
0848-SOMKO,Two year,No,Bank transfer (automatic),48.4,Medium,3442.8,High Value,No
2720-WGKHP,Month-to-month,Yes,Electronic check,94,Very High,181.7,Low Value,Yes
6734-FQAJX,Two year,Yes,Electronic check,105.05,Very High,7171.7,High Value,No
2869-ADAWR,Month-to-month,Yes,Credit card (automatic),89.3,High,4016.85,High Value,Yes
1535-VTJOQ,Two year,No,Credit card (automatic),25.15,Low,553,Low Value,No
6368-TZZDT,Two year,No,Credit card (automatic),19.5,Low,96.85,Low Value,No
0943-ZQPXH,Month-to-month,Yes,Bank transfer (automatic),92.95,Very High,4122.9,High Value,Yes
1293-BSEUN,Two year,Yes,Mailed check,20.7,Low,1482.3,Medium Value,No
9894-EZEWG,Month-to-month,Yes,Credit card (automatic),74.3,High,74.3,Low Value,Yes
1302-TPUBN,Two year,No,Bank transfer (automatic),19.35,Low,1240.8,Medium Value,No
7851-FLGGQ,Month-to-month,Yes,Mailed check,44.65,Medium,44.65,Low Value,Yes
0637-UBJRP,Month-to-month,No,Electronic check,84.05,High,1095.3,Medium Value,Yes
0940-OUQEC,Month-to-month,Yes,Bank transfer (automatic),80.7,High,788.8,Medium Value,Yes
2378-VTKDH,Month-to-month,Yes,Electronic check,104.35,Very High,6578.55,High Value,Yes
0927-CNGRH,Month-to-month,No,Mailed check,19.55,Low,19.55,Low Value,Yes
8608-OZTLB,One year,No,Electronic check,74.05,High,2802.3,High Value,No
2335-GSODA,Two year,No,Mailed check,40.1,Medium,857.75,Medium Value,No
1952-DVVSW,One year,No,Mailed check,20.1,Low,184.4,Low Value,No
0702-PGIBZ,Month-to-month,Yes,Electronic check,101.7,Very High,364.55,Low Value,Yes
6656-GULJQ,Two year,Yes,Credit card (automatic),83.55,High,6093.3,High Value,No
9853-JFZDU,Month-to-month,No,Electronic check,56.85,Medium,1861.1,Medium Value,Yes
1963-VAUKV,Month-to-month,No,Mailed check,20.4,Low,20.4,Low Value,Yes
3777-XROBG,Two year,No,Credit card (automatic),19.55,Low,1079.65,Medium Value,No
6994-FGRHH,One year,Yes,Electronic check,106.15,Very High,7475.1,High Value,No
4000-VGMQP,One year,No,Credit card (automatic),78.95,High,2862.55,High Value,No
3999-WRNGR,Month-to-month,Yes,Electronic check,49.75,Medium,3069.45,High Value,Yes
3466-RITXD,Month-to-month,Yes,Credit card (automatic),92.4,Very High,2349.8,Medium Value,Yes
2680-XKKNJ,One year,No,Bank transfer (automatic),58.2,Medium,469.25,Low Value,No
3058-HJCUY,One year,Yes,Electronic check,102.6,Very High,4213.35,High Value,No
2974-GGUXS,Month-to-month,Yes,Credit card (automatic),91.95,Very High,3301.05,High Value,Yes
7994-XIRTR,One year,No,Bank transfer (automatic),65.25,Medium,3529.95,High Value,No
3259-FDWOY,Two year,Yes,Bank transfer (automatic),106,Very High,7723.7,High Value,No
2101-RANCD,Month-to-month,Yes,Electronic check,73.1,High,4144.9,High Value,Yes
7921-BEPCI,Two year,No,Bank transfer (automatic),59.75,Medium,4265,High Value,No
0807-ZABDG,Month-to-month,Yes,Mailed check,55.1,Medium,154.65,Low Value,Yes
8510-TMWYB,Two year,Yes,Bank transfer (automatic),59.8,Medium,3246.45,High Value,No
3258-ZKPAI,Two year,Yes,Bank transfer (automatic),116.6,Very High,8337.45,High Value,No
1428-IEDPR,Two year,Yes,Electronic check,109.3,Very High,5731.4,High Value,No
5298-GSTLM,One year,Yes,Bank transfer (automatic),101.4,Very High,6176.6,High Value,No
4450-YOOHP,Month-to-month,Yes,Credit card (automatic),50.65,Medium,1905.4,Medium Value,Yes
6728-CZFEI,One year,No,Mailed check,56.15,Medium,931.9,Medium Value,No
5748-RNCJT,Two year,Yes,Bank transfer (automatic),106.5,Very High,7348.8,High Value,No
3653-NCRDJ,One year,Yes,Mailed check,19.2,Low,776.25,Medium Value,No
6121-TNHBO,One year,No,Bank transfer (automatic),83,High,5243.05,High Value,No
5119-NZPTV,Month-to-month,No,Electronic check,70.1,Medium,141.65,Low Value,Yes
6519-ZHPXP,Two year,Yes,Bank transfer (automatic),108.3,Very High,7679.65,High Value,No
7739-LAXOG,Month-to-month,Yes,Bank transfer (automatic),91.05,Very High,2954.5,High Value,Yes
3472-QPRCH,Two year,No,Credit card (automatic),25.25,Low,1006.9,Medium Value,No
8224-UAXBZ,One year,Yes,Electronic check,45.35,Medium,2540.1,Medium Value,No
9610-WCESF,Two year,No,Electronic check,43.9,Medium,3097.2,High Value,No
9776-CLUJA,Month-to-month,Yes,Electronic check,77.5,High,3807.35,High Value,Yes
2486-WYVVE,One year,Yes,Mailed check,79.3,High,2484,Medium Value,No
3865-ZYKAD,Month-to-month,Yes,Credit card (automatic),84.9,High,5785.65,High Value,Yes
1422-DGUBX,One year,Yes,Electronic check,79.25,High,2619.15,Medium Value,No
2999-AANRQ,Two year,No,Credit card (automatic),71.05,High,1524.85,Medium Value,No
8668-KNZTI,One year,No,Electronic check,53.75,Medium,2790.65,High Value,No
0480-KYJVA,Two year,No,Credit card (automatic),24.25,Low,1784.5,Medium Value,No
6034-ZRYCV,Two year,Yes,Electronic check,54.2,Medium,3937.45,High Value,No
9746-YKGXB,One year,No,Bank transfer (automatic),44.25,Medium,2276.1,Medium Value,No
3926-YZVVX,One year,No,Bank transfer (automatic),50.05,Medium,2029.05,Medium Value,No
6000-UKLWI,Two year,No,Mailed check,20.15,Low,802.35,Medium Value,No
2079-FBMZK,Month-to-month,Yes,Mailed check,69.25,Medium,418.4,Low Value,Yes
6332-FBZRI,One year,Yes,Credit card (automatic),69.35,Medium,4653.25,High Value,No
2096-XOTMO,Month-to-month,No,Mailed check,19.35,Low,275.9,Low Value,Yes
3266-FTKHB,Two year,No,Mailed check,19.15,Low,343.45,Low Value,No
8221-EQDGL,Month-to-month,No,Mailed check,61,Medium,2130.45,Medium Value,Yes
2346-LOCWC,Two year,No,Credit card (automatic),20.5,Low,1191.4,Medium Value,No
6608-QQLVK,Month-to-month,Yes,Electronic check,50.5,Medium,50.5,Low Value,Yes
0298-XACET,Two year,No,Mailed check,50.2,Medium,2554,Medium Value,No
7560-QJAVJ,Two year,No,Bank transfer (automatic),79.6,High,5589.45,High Value,No
2995-YWTCD,Two year,Yes,Bank transfer (automatic),24.9,Low,467.7,Low Value,No
3551-HUAZH,Month-to-month,Yes,Electronic check,74.4,High,74.4,Low Value,Yes
9137-UIYPG,Month-to-month,Yes,Electronic check,106.9,Very High,3756.45,High Value,Yes
2809-ZMYOQ,Month-to-month,Yes,Electronic check,101.35,Very High,3334.9,High Value,Yes
5084-OOVCJ,Month-to-month,Yes,Credit card (automatic),55.35,Medium,920.5,Medium Value,Yes
0254-WWRKD,One year,No,Credit card (automatic),50.55,Medium,3431.75,High Value,No
7727-SHVZV,Month-to-month,No,Bank transfer (automatic),19.5,Low,150.35,Low Value,Yes
6302-JGYRJ,One year,Yes,Mailed check,79.45,High,2587.7,Medium Value,No
5339-PXDVH,Month-to-month,No,Electronic check,90.65,Very High,367.95,Low Value,Yes
2205-LPVGL,One year,Yes,Bank transfer (automatic),89.85,High,5125.75,High Value,No
8782-NUUOL,One year,No,Mailed check,79,High,4801.1,High Value,No
3685-YLCMQ,One year,Yes,Electronic check,104.65,Very High,6219.6,High Value,No
7601-WFVZV,Month-to-month,No,Mailed check,19.55,Low,19.55,Low Value,Yes
4609-KNNWG,Two year,No,Mailed check,19.9,Low,550.1,Low Value,No
4868-AADLV,One year,Yes,Electronic check,116.25,Very High,7862.25,High Value,No
9529-OFXHY,Month-to-month,Yes,Bank transfer (automatic),87.75,High,1242.2,Medium Value,Yes
8634-MPHTR,Month-to-month,Yes,Electronic check,100.05,Very High,4871.05,High Value,Yes
2669-QVCRG,Month-to-month,Yes,Credit card (automatic),81.3,High,3190.65,High Value,Yes
2478-EEWWM,Month-to-month,Yes,Electronic check,44.3,Medium,2666.75,Medium Value,Yes
9174-IHETN,Two year,No,Credit card (automatic),70.35,Medium,3533.6,High Value,No
2233-TXSIU,One year,No,Credit card (automatic),44.45,Medium,792.15,Medium Value,No
9644-UMGQA,Month-to-month,Yes,Electronic check,49.15,Medium,295.65,Low Value,Yes
3256-EZDBI,Month-to-month,Yes,Credit card (automatic),29.45,Low,1459.35,Medium Value,Yes
8761-NSOBC,Month-to-month,No,Electronic check,100.55,Very High,4398.15,High Value,Yes
0419-YAAPX,Month-to-month,Yes,Credit card (automatic),85.3,High,4297.95,High Value,Yes
8413-VONUO,Month-to-month,No,Electronic check,95.65,Very High,167.3,Low Value,Yes
0872-CASZJ,One year,Yes,Mailed check,69.1,Medium,4096.9,High Value,No
4726-DLWQN,Month-to-month,Yes,Bank transfer (automatic),70.35,Medium,3454.6,High Value,Yes
8164-OCKUJ,Two year,No,Mailed check,20.6,Low,1286,Medium Value,No
3094-JOJAI,Month-to-month,No,Mailed check,74.15,High,1387,Medium Value,Yes
9494-MRNYX,Month-to-month,No,Electronic check,75.05,High,786.3,Medium Value,Yes
2599-CZABP,One year,No,Electronic check,44.6,Medium,641.25,Low Value,No
7945-PRBVF,Two year,No,Bank transfer (automatic),21.45,Low,705.45,Medium Value,No
4544-RXFMG,One year,Yes,Mailed check,43.45,Medium,345.5,Low Value,No
0859-YGKFW,One year,No,Bank transfer (automatic),20.05,Low,345.9,Low Value,No
1150-FTQGN,One year,No,Bank transfer (automatic),94.15,Very High,5811.8,High Value,No
9223-UCPVT,Month-to-month,No,Electronic check,94.4,Very High,94.4,Low Value,Yes
7196-LIWRH,Two year,No,Mailed check,19.55,Low,124.45,Low Value,No
5448-VWNAM,Month-to-month,Yes,Mailed check,75.9,High,1375.6,Medium Value,Yes
1177-XZBJL,One year,No,Bank transfer (automatic),64.15,Medium,3491.55,High Value,No
3518-FSTWG,Two year,Yes,Bank transfer (automatic),109.55,Very High,7920.7,High Value,No
9330-VOFSZ,Two year,Yes,Credit card (automatic),110.8,Very High,6640.7,High Value,No
4351-QLCSU,Month-to-month,Yes,Credit card (automatic),55,Medium,55,Low Value,Yes
0939-EREMR,Month-to-month,No,Mailed check,53.45,Medium,718.1,Medium Value,Yes
9389-ACWBI,Month-to-month,No,Credit card (automatic),69.95,Medium,320.4,Low Value,Yes
5419-JPRRN,Month-to-month,Yes,Electronic check,101.45,Very High,101.45,Low Value,Yes
3644-QXEHN,Month-to-month,No,Electronic check,97,Very High,1334.45,Medium Value,Yes
2911-IJORQ,One year,Yes,Bank transfer (automatic),90.6,Very High,3358.65,High Value,No
5921-NGYRH,Month-to-month,Yes,Mailed check,73.55,High,4764,High Value,Yes
2100-BDNSN,Month-to-month,No,Bank transfer (automatic),67.95,Medium,350.3,Low Value,Yes
5998-DZLYR,Two year,Yes,Bank transfer (automatic),94.35,Very High,5703,High Value,No
0488-GSLFR,Month-to-month,Yes,Electronic check,69.5,Medium,69.5,Low Value,Yes
9318-NKNFC,Month-to-month,Yes,Mailed check,18.85,Low,18.85,Low Value,Yes
3985-HOYPM,One year,No,Mailed check,19.4,Low,525.55,Low Value,No
9728-FTTVZ,Month-to-month,Yes,Electronic check,69.2,Medium,69.2,Low Value,Yes
9548-LERKT,Two year,No,Mailed check,19.75,Low,483.15,Low Value,No
6576-FBXOJ,One year,No,Electronic check,54.6,Medium,934.8,Medium Value,No
4310-KEDTB,Month-to-month,Yes,Mailed check,29.8,Low,786.5,Medium Value,Yes
7254-IQWOZ,Month-to-month,Yes,Electronic check,69.65,Medium,69.65,Low Value,Yes
2474-BRUCM,Month-to-month,No,Electronic check,101.85,Very High,4086.3,High Value,Yes
4062-HBMOS,Month-to-month,Yes,Electronic check,103.05,Very High,5364.8,High Value,Yes
0742-NXBGR,Month-to-month,Yes,Electronic check,82.3,High,82.3,Low Value,Yes
2676-ISHSF,Month-to-month,No,Mailed check,20.3,Low,20.3,Low Value,Yes
9236-NDUCW,Two year,No,Mailed check,35.1,Low,770.4,Medium Value,No
4753-PADAS,One year,Yes,Bank transfer (automatic),105.7,Very High,6816.95,High Value,No
6103-QCKFX,Month-to-month,No,Bank transfer (automatic),56.25,Medium,2419.55,Medium Value,Yes
7781-EWARA,One year,No,Electronic check,60.35,Medium,4138.7,High Value,No
6110-OHIHY,Month-to-month,No,Electronic check,79.25,High,267.6,Low Value,Yes
7018-FPXHH,Two year,Yes,Bank transfer (automatic),59.8,Medium,3457.45,High Value,No
5889-LFOLL,Month-to-month,Yes,Electronic check,84.6,High,1115.2,Medium Value,Yes
5708-EVONK,Month-to-month,Yes,Bank transfer (automatic),93.4,Very High,5435.6,High Value,Yes
8708-XPXHZ,Month-to-month,Yes,Electronic check,94.2,Very High,4186.3,High Value,Yes
0616-ATFGB,Month-to-month,No,Electronic check,25.05,Low,25.05,Low Value,Yes
0572-ZJKLT,Two year,No,Mailed check,99.65,Very High,4630.2,High Value,No
5135-RDDQL,Two year,Yes,Bank transfer (automatic),50.65,Medium,3221.25,High Value,No
1353-LJWEM,Month-to-month,Yes,Electronic check,60.9,Medium,688.5,Medium Value,Yes
1794-SWWKL,Month-to-month,Yes,Bank transfer (automatic),59.65,Medium,867.1,Medium Value,Yes
6166-YIPFO,Two year,Yes,Electronic check,64.7,Medium,4746.05,High Value,No
7016-BPGEU,Month-to-month,Yes,Credit card (automatic),25.1,Low,712.85,Medium Value,Yes
6876-ADESB,Month-to-month,No,Electronic check,48.95,Medium,48.95,Low Value,Yes
9332-GYWLO,Month-to-month,No,Electronic check,54.85,Medium,355.1,Low Value,Yes
1963-SVUCV,Month-to-month,No,Electronic check,45.3,Medium,45.3,Low Value,Yes
4184-VODJZ,One year,Yes,Electronic check,91.35,Very High,5764.7,High Value,No
0220-EBGCE,Month-to-month,Yes,Electronic check,85.85,High,167.3,Low Value,Yes
1092-WPIVQ,Two year,No,Mailed check,25.1,Low,428.45,Low Value,No
7233-IOQNP,Month-to-month,No,Bank transfer (automatic),34,Low,1505.35,Medium Value,Yes
2834-JKOOW,One year,No,Mailed check,45.9,Medium,693.45,Medium Value,No
2754-VDLTR,Month-to-month,No,Electronic check,95.2,Very High,930.4,Medium Value,Yes
2400-FEQME,Two year,No,Mailed check,20.5,Low,1177.95,Medium Value,No
3190-XFANI,One year,Yes,Bank transfer (automatic),100.6,Very High,5069.65,High Value,No
7551-DACSP,Month-to-month,Yes,Mailed check,55.3,Medium,324.25,Low Value,Yes
4957-SREEC,Two year,No,Credit card (automatic),20.35,Low,1458.1,Medium Value,No
7235-NXZCP,Month-to-month,Yes,Mailed check,74.85,High,156.4,Low Value,Yes
0230-UBYPQ,One year,No,Bank transfer (automatic),36.1,Medium,2298.9,Medium Value,No
4923-ADWXJ,Month-to-month,Yes,Bank transfer (automatic),65.8,Medium,1679.65,Medium Value,Yes
1763-KUAAW,One year,No,Bank transfer (automatic),20.35,Low,369.6,Low Value,No
1104-TNLZA,Month-to-month,Yes,Electronic check,105.8,Very High,2998,High Value,Yes
5195-KPUNQ,One year,Yes,Mailed check,96.75,Very High,5206.55,High Value,No
0520-FDVVT,One year,Yes,Bank transfer (automatic),102.35,Very High,3626.1,High Value,No
3439-GVUSX,Month-to-month,No,Mailed check,24.4,Low,24.4,Low Value,Yes
1444-VVSGW,One year,No,Credit card (automatic),115.65,Very High,7968.85,High Value,No
5712-PTIWW,Month-to-month,Yes,Electronic check,79.85,High,152.45,Low Value,Yes
5949-HGVJL,Month-to-month,Yes,Electronic check,73.05,High,1959.5,Medium Value,Yes
5203-XEHAX,One year,No,Electronic check,64.35,Medium,2053.05,Medium Value,No
1635-HDGFT,Two year,No,Mailed check,20.5,Low,398.55,Low Value,No
3315-TOTBP,Month-to-month,Yes,Mailed check,76,High,1130.85,Medium Value,Yes
8050-XGRVL,One year,No,Credit card (automatic),54.75,Medium,3425.35,High Value,No
6661-HBGWL,Month-to-month,Yes,Bank transfer (automatic),104.75,Very High,4323.45,High Value,Yes
1518-VOWAV,Month-to-month,Yes,Electronic check,74.65,High,703.55,Medium Value,Yes
9828-QHFBK,Month-to-month,Yes,Electronic check,51.15,Medium,1275.7,Medium Value,Yes
3908-MKIMJ,Two year,Yes,Electronic check,41.95,Medium,2965.75,High Value,No
5012-YSPJJ,Month-to-month,No,Mailed check,54.35,Medium,1647,Medium Value,Yes
5909-ECHUI,Month-to-month,Yes,Electronic check,56.25,Medium,56.25,Low Value,Yes
1309-BXVOQ,Month-to-month,Yes,Electronic check,106.1,Very High,2249.95,Medium Value,Yes
6728-VOIFY,One year,Yes,Electronic check,96,Very High,6109.75,High Value,No
9317-WZPGV,Month-to-month,Yes,Bank transfer (automatic),79.75,High,159.4,Low Value,Yes
4891-NLUBA,Two year,Yes,Bank transfer (automatic),61.45,Medium,3751.15,High Value,No
2856-HYAPG,Month-to-month,No,Electronic check,68.65,Medium,68.65,Low Value,Yes
8969-PRHFK,One year,No,Mailed check,19.65,Low,411.25,Low Value,No
0661-KQHNK,One year,No,Credit card (automatic),19,Low,105.5,Low Value,No
8709-KRDVL,Month-to-month,Yes,Electronic check,100,Very High,3320.6,High Value,Yes
4488-PSYCG,Month-to-month,No,Bank transfer (automatic),20.25,Low,327.45,Low Value,Yes
1427-VERSM,Month-to-month,Yes,Electronic check,98.7,Very High,5669.5,High Value,Yes
9801-NOSHQ,One year,No,Mailed check,19.8,Low,465.45,Low Value,No
6339-YPSAH,Month-to-month,Yes,Electronic check,73.8,High,704.3,Medium Value,Yes
3621-CEOVK,Month-to-month,Yes,Electronic check,100.2,Very High,1369.8,Medium Value,Yes
6906-ANDWJ,Month-to-month,Yes,Bank transfer (automatic),74.9,High,1107.25,Medium Value,Yes
2159-TURXX,Month-to-month,No,Credit card (automatic),20.05,Low,95.55,Low Value,Yes
1548-FEHVL,Month-to-month,Yes,Electronic check,106.2,Very High,6375.2,High Value,Yes
3795-CAWEX,Two year,Yes,Credit card (automatic),116.55,Very High,8152.3,High Value,No
6215-NQCPY,Month-to-month,Yes,Electronic check,99.7,Very High,1566.75,Medium Value,Yes
5647-URDKA,Two year,No,Mailed check,19.7,Low,130.25,Low Value,No
2229-DPMBI,Two year,No,Mailed check,19.5,Low,162.15,Low Value,No
9626-WEQRM,Month-to-month,Yes,Mailed check,29.15,Low,110.05,Low Value,Yes
2188-SXWVT,One year,No,Mailed check,55,Medium,1885.15,Medium Value,No
6258-PVZWJ,Two year,Yes,Credit card (automatic),90.8,Very High,6302.85,High Value,No
1094-BKOSX,One year,No,Bank transfer (automatic),51,Medium,2264.5,Medium Value,No
6969-MVBAI,Month-to-month,Yes,Electronic check,90.1,Very High,816.8,Medium Value,Yes
2978-XXSOG,Month-to-month,Yes,Mailed check,59.05,Medium,1253.5,Medium Value,Yes
2342-CKIAO,Month-to-month,No,Mailed check,20.3,Low,41.2,Low Value,Yes
6953-PBDIN,Two year,No,Bank transfer (automatic),72.95,High,5265.55,High Value,No
3898-BSJYF,One year,No,Credit card (automatic),73.55,High,693.3,Medium Value,No
3938-YFPXD,Two year,No,Credit card (automatic),84.3,High,5997.1,High Value,No
7696-AMHOD,One year,No,Credit card (automatic),78,High,3824.2,High Value,No
2453-SAFNS,One year,No,Mailed check,72.1,High,3886.05,High Value,No
9558-IHEZX,Two year,Yes,Credit card (automatic),106.75,Very High,7283.25,High Value,No
9617-UDPEU,One year,Yes,Mailed check,19.25,Low,412.55,Low Value,No
6340-DACFT,Two year,No,Credit card (automatic),20.55,Low,1070.25,Medium Value,No
4955-VCWBI,One year,No,Mailed check,20,Low,817.95,Medium Value,No
6813-GZQCG,Two year,Yes,Credit card (automatic),24.65,Low,1171.3,Medium Value,No
7426-GSWPO,Month-to-month,Yes,Bank transfer (automatic),103.5,Very High,6548.65,High Value,Yes
3389-KTRXV,Two year,No,Mailed check,23.85,Low,625.65,Low Value,No
3118-UHVVQ,Two year,No,Credit card (automatic),25.8,Low,1911.5,Medium Value,No
1031-IIDEO,Month-to-month,Yes,Electronic check,70.85,High,70.85,Low Value,Yes
5832-XKAES,Month-to-month,Yes,Credit card (automatic),69.8,Medium,134.7,Low Value,Yes
3205-MXZRA,One year,No,Credit card (automatic),59.45,Medium,1507,Medium Value,No
4701-AHWMW,Month-to-month,Yes,Bank transfer (automatic),54.55,Medium,2978.3,High Value,Yes
8317-BVKSO,Month-to-month,Yes,Electronic check,20.05,Low,299.3,Low Value,Yes
5702-KVQRD,Two year,Yes,Electronic check,82.55,High,5832.65,High Value,No
0083-PIVIK,One year,No,Electronic check,81.25,High,5567.55,High Value,No
9210-IAHGH,Month-to-month,Yes,Credit card (automatic),70.75,High,450.8,Low Value,Yes
6169-PGNCD,Two year,Yes,Credit card (automatic),74.3,High,4166.35,High Value,No
0023-XUOPT,Month-to-month,No,Electronic check,94.1,Very High,1215.6,Medium Value,Yes
4592-IWTJI,Month-to-month,No,Credit card (automatic),29.7,Low,91.7,Low Value,Yes
4909-JOUPP,Two year,No,Credit card (automatic),109.7,Very High,7898.45,High Value,No
4657-FWVFY,Month-to-month,Yes,Credit card (automatic),96.35,Very High,3915.4,High Value,Yes
2257-BOVXD,Month-to-month,Yes,Credit card (automatic),66.6,Medium,979.5,Medium Value,Yes
7729-JTEEC,Month-to-month,Yes,Electronic check,44.5,Medium,90.05,Low Value,Yes
7632-MNYOY,One year,No,Credit card (automatic),110.9,Very High,7432.05,High Value,No
6518-LGAOV,Month-to-month,Yes,Electronic check,105,Very High,4026.4,High Value,Yes
7242-QZLXF,Month-to-month,Yes,Electronic check,25.3,Low,25.3,Low Value,Yes
4576-CSAJH,One year,Yes,Credit card (automatic),55.15,Medium,1193.05,Medium Value,No
1000-AJSLD,Month-to-month,Yes,Mailed check,20.1,Low,20.1,Low Value,Yes
9696-RMYBA,Month-to-month,Yes,Mailed check,80.1,High,398.55,Low Value,Yes
8690-UPCZI,One year,No,Bank transfer (automatic),69.05,Medium,1958.45,Medium Value,No
1062-LHZOD,Month-to-month,Yes,Mailed check,69.9,Medium,69.9,Low Value,Yes
9770-LXDBK,Month-to-month,No,Mailed check,20.4,Low,63.15,Low Value,Yes
4086-WITJG,Two year,No,Credit card (automatic),19.7,Low,1301.1,Medium Value,No
8344-WFMFH,Month-to-month,Yes,Electronic check,50.1,Medium,484.05,Low Value,Yes
9600-NAXZN,Month-to-month,Yes,Electronic check,101.4,Very High,4528,High Value,Yes
8822-KNBHV,One year,Yes,Credit card (automatic),83.45,High,3887.85,High Value,No
8404-FYDIB,Month-to-month,Yes,Credit card (automatic),86.65,High,2208.75,Medium Value,Yes
2791-SFVEW,Month-to-month,No,Bank transfer (automatic),20.15,Low,238.15,Low Value,Yes
6457-USBER,Month-to-month,Yes,Electronic check,80.8,High,80.8,Low Value,Yes
6762-NSODU,Two year,No,Credit card (automatic),19.4,Low,958.15,Medium Value,No
4662-EKDPQ,Month-to-month,No,Bank transfer (automatic),62.05,Medium,118.3,Low Value,Yes
9248-OJYKK,Month-to-month,Yes,Electronic check,76.45,High,76.45,Low Value,Yes
9888-ZCUMM,Two year,Yes,Bank transfer (automatic),60.05,Medium,3845.45,High Value,No
3398-FSHON,Month-to-month,Yes,Electronic check,91.3,Very High,1094.5,Medium Value,Yes
3319-DWOEP,Month-to-month,Yes,Electronic check,95.75,Very High,573.75,Low Value,Yes
1074-WVEVG,One year,No,Mailed check,20.35,Low,1267,Medium Value,No
9979-RGMZT,One year,Yes,Mailed check,94.05,Very High,633.45,Low Value,No
6437-UDQJM,Two year,Yes,Credit card (automatic),84.1,High,6129.65,High Value,No
1226-IENZN,Month-to-month,Yes,Electronic check,78.75,High,1218.25,Medium Value,Yes
2108-GLPQB,Month-to-month,No,Credit card (automatic),55.55,Medium,1405.3,Medium Value,Yes
9259-PACGQ,Month-to-month,No,Electronic check,62.65,Medium,2274.9,Medium Value,Yes
4415-IJZTP,Month-to-month,Yes,Electronic check,74.5,High,74.5,Low Value,Yes
1465-VINDH,Month-to-month,Yes,Credit card (automatic),102.1,Very High,1068.85,Medium Value,Yes
5474-LAMUQ,One year,No,Mailed check,20.1,Low,533.9,Low Value,No
3468-DRVQJ,One year,No,Electronic check,70.3,Medium,676.15,Low Value,No
1122-YJBCS,One year,Yes,Credit card (automatic),53.65,Medium,3804.4,High Value,No
4990-ALDGW,Two year,No,Mailed check,20.75,Low,1118.8,Medium Value,No
4816-OKWNX,One year,Yes,Bank transfer (automatic),103.4,Very High,5236.4,High Value,No
3315-IKYZQ,One year,No,Mailed check,50.8,Medium,1386.8,Medium Value,No
2810-FTLEM,Month-to-month,Yes,Electronic check,50.15,Medium,762.25,Medium Value,Yes
4747-LCAQL,Month-to-month,Yes,Mailed check,79,High,1902,Medium Value,Yes
3411-WLRSQ,Month-to-month,Yes,Bank transfer (automatic),74.6,High,239.05,Low Value,Yes
0898-XCGTF,One year,Yes,Bank transfer (automatic),96.5,Very High,5673.7,High Value,No
8006-PYCSW,Month-to-month,No,Mailed check,20.1,Low,39.8,Low Value,Yes
8249-THVEC,One year,No,Mailed check,19.4,Low,997.75,Medium Value,No
8722-PRFDV,Two year,No,Credit card (automatic),77.55,High,5574.35,High Value,No
2164-SOQXL,Month-to-month,No,Mailed check,20.05,Low,406.05,Low Value,Yes
4020-KIUDI,Month-to-month,No,Credit card (automatic),19.85,Low,138.85,Low Value,Yes
5850-BDWCY,Month-to-month,No,Mailed check,20.2,Low,123.65,Low Value,Yes
2038-YSEZE,Month-to-month,No,Mailed check,67.45,Medium,1801.1,Medium Value,Yes
0827-ITJPH,Two year,Yes,Credit card (automatic),18.55,Low,689,Medium Value,No
8799-OXZMD,Month-to-month,Yes,Mailed check,29.75,Low,790.7,Medium Value,Yes
1925-TIBLE,Month-to-month,Yes,Electronic check,86.5,High,582.5,Low Value,Yes
1705-GUHPV,Two year,No,Mailed check,24.2,Low,1618.2,Medium Value,No
4779-ZGICK,Two year,No,Mailed check,23.55,Low,1173.35,Medium Value,No
0048-PIHNL,One year,No,Bank transfer (automatic),20.45,Low,900.9,Medium Value,No
0818-OCPZO,Month-to-month,Yes,Electronic check,81.45,High,2122.05,Medium Value,Yes
3967-KXAPS,Two year,No,Credit card (automatic),92.3,Very High,6719.9,High Value,No
1447-GIQMR,Month-to-month,Yes,Electronic check,69.15,Medium,69.15,Low Value,Yes
3704-IEAXF,Two year,No,Credit card (automatic),53.65,Medium,3784,High Value,No
6810-VCAEX,One year,No,Credit card (automatic),39.65,Medium,1798.65,Medium Value,No
0674-EYYZV,Month-to-month,Yes,Electronic check,54.65,Medium,54.65,Low Value,Yes
4480-MBMLB,One year,Yes,Bank transfer (automatic),104.8,Very High,3886.45,High Value,No
1395-OFUWC,Month-to-month,No,Credit card (automatic),29.3,Low,1224.05,Medium Value,Yes
0822-QGCXA,Month-to-month,No,Electronic check,83.85,High,2310.2,Medium Value,Yes
0872-NXJYS,Month-to-month,Yes,Electronic check,79.55,High,723.4,Medium Value,Yes
2832-KJCRD,Month-to-month,Yes,Electronic check,103.65,Very High,3988.5,High Value,Yes
3588-WSTTJ,Month-to-month,Yes,Electronic check,99.05,Very High,3554.6,High Value,Yes
4075-WKNIU,Two year,No,Mailed check,73.35,High,,,No
5090-EMGTC,Two year,Yes,Mailed check,100.05,Very High,6034.85,High Value,No
2346-CZYIL,Two year,No,Credit card (automatic),20.35,Low,531.6,Low Value,No
3798-EPWRR,Month-to-month,No,Electronic check,43.95,Medium,85.1,Low Value,Yes
6258-NGCNG,Month-to-month,No,Mailed check,23.5,Low,173,Low Value,Yes
4186-ZBUEW,One year,Yes,Mailed check,70.7,High,2511.95,Medium Value,No
5274-XHAKY,Month-to-month,Yes,Bank transfer (automatic),94.3,Very High,3893.6,High Value,Yes
1442-BQPVU,Month-to-month,No,Electronic check,29.15,Low,357.15,Low Value,Yes
3978-YNKDD,Two year,No,Credit card (automatic),20.85,Low,467.5,Low Value,No
4940-KHCWD,Two year,No,Bank transfer (automatic),37.7,Medium,2288.7,Medium Value,No
9412-ARGBX,Two year,Yes,Mailed check,95.5,Very High,4627.85,High Value,No
1389-CXMLU,Month-to-month,No,Electronic check,91.05,Very High,289.1,Low Value,Yes
9589-ABEPT,Two year,Yes,Mailed check,92.45,Very High,6460.55,High Value,No
9388-ZEYVT,One year,No,Electronic check,44.15,Medium,1931.3,Medium Value,No
0305-SQECB,One year,Yes,Mailed check,36.05,Medium,402.6,Low Value,No
7605-SNLQG,Month-to-month,Yes,Credit card (automatic),50.25,Medium,2221.55,Medium Value,Yes
4670-TABXH,Two year,Yes,Credit card (automatic),109.75,Very High,7758.9,High Value,No
5561-NWEVX,Month-to-month,No,Electronic check,79.2,High,172.85,Low Value,Yes
0064-SUDOG,Two year,No,Bank transfer (automatic),20.3,Low,224.5,Low Value,No
8561-NMTBD,One year,Yes,Credit card (automatic),112.35,Very High,7388.45,High Value,No
5161-XEUVX,Two year,No,Mailed check,94.3,Very High,3460.95,High Value,No
8292-FRFZQ,One year,No,Bank transfer (automatic),41.15,Medium,1700.9,Medium Value,No
8591-NXRCV,Month-to-month,Yes,Bank transfer (automatic),74.65,High,3090.65,High Value,Yes
7895-VONWT,Month-to-month,Yes,Electronic check,48.25,Medium,1293.8,Medium Value,Yes
4526-RMTLL,Two year,Yes,Credit card (automatic),76.15,High,645.8,Low Value,No
6253-GNHWH,Two year,No,Mailed check,71.1,High,5224.95,High Value,No
4566-NECEV,Month-to-month,No,Electronic check,96.55,Very High,500.1,Low Value,Yes
8080-POTJR,One year,Yes,Credit card (automatic),79.3,High,2427.1,Medium Value,No
6906-MPARY,One year,Yes,Credit card (automatic),89.6,High,3488.15,High Value,No
3662-FXJFO,Two year,Yes,Mailed check,20.5,Low,1035.7,Medium Value,No
8107-RZLNV,Two year,Yes,Bank transfer (automatic),106.3,Very High,7565.35,High Value,No
0516-OOHAR,One year,No,Bank transfer (automatic),100.35,Very High,2799,High Value,No
2027-CWDNU,Month-to-month,Yes,Electronic check,85.6,High,1601.5,Medium Value,Yes
2737-WFVYW,Month-to-month,Yes,Electronic check,45.25,Medium,85.5,Low Value,Yes
9912-OMZDS,One year,Yes,Electronic check,106.15,Very High,6256.2,High Value,No
3733-ZEECP,Month-to-month,Yes,Electronic check,51.1,Medium,1232.9,Medium Value,Yes
7878-RTCZG,Month-to-month,No,Mailed check,19.9,Low,19.9,Low Value,Yes
2452-MRMZF,Two year,Yes,Credit card (automatic),25.7,Low,1937.4,Medium Value,No
2272-QAGFO,Month-to-month,Yes,Electronic check,74.3,High,1096.25,Medium Value,Yes
7103-IPXPJ,One year,No,Electronic check,99.4,Very High,5059.75,High Value,No
4342-HFXWS,One year,No,Bank transfer (automatic),69.7,Medium,3023.65,High Value,No
3545-CNWRG,Month-to-month,Yes,Electronic check,98.35,Very High,4889.2,High Value,Yes
1785-BPHTP,Month-to-month,No,Electronic check,85.45,High,2289.9,Medium Value,Yes
4989-LIXVT,Month-to-month,Yes,Electronic check,95.9,Very High,6503.2,High Value,Yes
7315-WYOAW,Month-to-month,No,Electronic check,100.75,Very High,1313.25,Medium Value,Yes
1173-XZPYF,Month-to-month,Yes,Electronic check,89.2,High,990.3,Medium Value,Yes
9850-OWRHQ,Month-to-month,Yes,Credit card (automatic),74.1,High,228,Low Value,Yes
3768-NLUBH,Month-to-month,No,Electronic check,100.6,Very High,5746.15,High Value,Yes
8676-TRMJS,Month-to-month,No,Mailed check,75,High,209.1,Low Value,Yes
2509-TFPJU,Two year,No,Credit card (automatic),25.75,Low,1864.2,Medium Value,No
9530-GRMJG,Two year,Yes,Electronic check,84.1,High,5979.7,High Value,No
6898-RBTLU,Two year,No,Bank transfer (automatic),79.3,High,3902.45,High Value,No
5481-NTDOH,One year,Yes,Credit card (automatic),107.05,Very High,7142.5,High Value,No
2068-WWXQZ,Two year,No,Bank transfer (automatic),20.05,Low,902,Medium Value,No
7359-SSBJK,Two year,Yes,Credit card (automatic),70.2,Medium,4481,High Value,No
2061-VVFST,Month-to-month,No,Bank transfer (automatic),19.5,Low,805.2,Medium Value,Yes
0685-MLYYM,Month-to-month,No,Electronic check,70.75,High,154.85,Low Value,Yes
0749-IRGQE,Month-to-month,No,Electronic check,45.3,Medium,528.45,Low Value,Yes
2380-DAMQP,Two year,No,Electronic check,115.15,Very High,8349.7,High Value,No
2256-YLYLP,Two year,Yes,Bank transfer (automatic),72.95,High,4953.25,High Value,No
1272-ILHFG,One year,No,Mailed check,19.65,Low,332.65,Low Value,No
0164-XAIRP,Two year,Yes,Bank transfer (automatic),19.55,Low,470.2,Low Value,No
5666-CYCYZ,Month-to-month,Yes,Electronic check,89.55,High,2259.35,Medium Value,Yes
4011-ARPHK,Month-to-month,No,Mailed check,50.35,Medium,1411.35,Medium Value,Yes
8182-PNAGI,Month-to-month,No,Bank transfer (automatic),50.25,Medium,593.75,Low Value,Yes
6365-HITVU,Two year,No,Credit card (automatic),87.25,High,6328.7,High Value,No
7558-IMLMT,Two year,Yes,Mailed check,20.8,Low,1411.9,Medium Value,No
9488-FYQAU,Two year,Yes,Bank transfer (automatic),109.25,Very High,6841.4,High Value,No
3590-TCXTB,Month-to-month,No,Mailed check,20.35,Low,20.35,Low Value,Yes
6994-KERXL,Month-to-month,Yes,Electronic check,55.9,Medium,238.5,Low Value,Yes
7957-RYHQD,Month-to-month,Yes,Credit card (automatic),79.2,High,3233.85,High Value,Yes
2180-DXNEG,Month-to-month,Yes,Electronic check,96,Very High,1062.1,Medium Value,Yes
1960-UOTYM,Two year,No,Electronic check,79.2,High,4016.3,High Value,No
2740-JFBOK,Month-to-month,Yes,Electronic check,24,Low,226.55,Low Value,Yes
6500-JVEGC,One year,No,Bank transfer (automatic),101.35,Very High,7110.75,High Value,No
5515-AKOAJ,Month-to-month,Yes,Electronic check,100.1,Very High,5440.9,High Value,Yes
8976-OQHGT,Month-to-month,No,Mailed check,56.5,Medium,235.1,Low Value,Yes
5245-VDBUR,One year,No,Mailed check,35.45,Low,1958.95,Medium Value,No
6230-BSUXY,Month-to-month,Yes,Electronic check,85,High,85,Low Value,Yes
8469-SNFFH,One year,No,Bank transfer (automatic),79.4,High,5528.9,High Value,No
2144-ESWKO,One year,Yes,Credit card (automatic),35.2,Low,1463.7,Medium Value,No
1241-FPMOF,Two year,No,Mailed check,19.65,Low,1025.05,Medium Value,No
9928-BZVLZ,Two year,No,Mailed check,49.85,Medium,552.1,Low Value,No
4114-QMKVN,One year,No,Bank transfer (automatic),68.75,Medium,3815.4,High Value,No
2775-SEFEE,Two year,Yes,Bank transfer (automatic),61.9,Medium,,,No
9003-CPATH,Month-to-month,No,Electronic check,79.9,High,3313.4,High Value,Yes
1754-GKYPY,Month-to-month,Yes,Bank transfer (automatic),89.75,High,1938.9,Medium Value,Yes
5294-CDGWY,One year,No,Electronic check,59.3,Medium,3014.65,High Value,No
7956-XQWGU,Month-to-month,Yes,Credit card (automatic),19.4,Low,460.25,Low Value,Yes
1591-MQJTP,One year,Yes,Bank transfer (automatic),93.65,Very High,4839.15,High Value,No
5295-PCJOO,Month-to-month,Yes,Electronic check,49.4,Medium,184.4,Low Value,Yes
2369-FEVNO,Month-to-month,Yes,Mailed check,19.9,Low,19.9,Low Value,Yes
9863-JZAIC,Month-to-month,No,Mailed check,55,Medium,2010.55,Medium Value,Yes
7471-MQPOS,One year,Yes,Bank transfer (automatic),72.9,High,5139.65,High Value,No
7660-HDPJV,Month-to-month,Yes,Electronic check,69.2,Medium,69.2,Low Value,Yes
5115-SQAAU,Two year,Yes,Bank transfer (automatic),25.6,Low,1673.4,Medium Value,No
9845-QOMAD,One year,No,Mailed check,19.75,Low,309.35,Low Value,No
7672-VFMXZ,Month-to-month,No,Electronic check,55.7,Medium,3171.6,High Value,Yes
9739-JLPQJ,Two year,No,Credit card (automatic),117.5,Very High,8670.1,High Value,No
9916-AYHTC,Two year,No,Credit card (automatic),19.85,Low,916,Medium Value,No
3855-ONCAR,Month-to-month,Yes,Mailed check,78.9,High,299.75,Low Value,Yes
1488-SYSFC,Month-to-month,Yes,Electronic check,20.65,Low,702.05,Medium Value,Yes
7931-PXHFC,One year,Yes,Mailed check,62.3,Medium,2354.8,Medium Value,No
3990-QYKBE,Month-to-month,Yes,Electronic check,92.5,Very High,3473.4,High Value,Yes
0970-QXPXW,Month-to-month,No,Mailed check,19.65,Low,19.65,Low Value,Yes
3259-KNMRR,Two year,Yes,Bank transfer (automatic),79.75,High,4438.2,High Value,No
6120-RJKLU,Two year,Yes,Credit card (automatic),79.95,High,4819.75,High Value,No
9572-WUKSB,Month-to-month,Yes,Electronic check,29.9,Low,92.25,Low Value,Yes
5893-KCLGT,Two year,Yes,Mailed check,19.75,Low,1567,Medium Value,No
0076-LVEPS,Month-to-month,Yes,Mailed check,45,Medium,1242.45,Medium Value,Yes
3640-JQGJG,Month-to-month,No,Bank transfer (automatic),44.8,Medium,559.2,Low Value,Yes
4919-MOAVT,Month-to-month,No,Electronic check,69.65,Medium,220.1,Low Value,Yes
1596-OQSPS,Month-to-month,No,Electronic check,51.1,Medium,531.15,Low Value,Yes
9867-XOBQA,Two year,No,Mailed check,53.15,Medium,1183.2,Medium Value,No
9546-KDTRB,Month-to-month,No,Bank transfer (automatic),24.7,Low,465.85,Low Value,Yes
3090-HAWSU,Two year,Yes,Credit card (automatic),111.6,Very High,6876.05,High Value,No
9820-RMCQV,Month-to-month,No,Credit card (automatic),48.55,Medium,501,Low Value,Yes
3174-RKMOW,Month-to-month,Yes,Electronic check,109.95,Very High,3782.4,High Value,Yes
1760-CAZHT,Month-to-month,No,Mailed check,20.8,Low,460.2,Low Value,Yes
7839-QRKXN,Month-to-month,Yes,Mailed check,20.2,Low,20.2,Low Value,Yes
8441-SHIPE,Two year,Yes,Bank transfer (automatic),25.6,Low,1790.35,Medium Value,No
5204-QZXPU,Month-to-month,Yes,Electronic check,39.65,Medium,733.35,Medium Value,Yes
4597-ELFTS,One year,No,Electronic check,24.9,Low,1334,Medium Value,No
1320-GVNHT,Two year,Yes,Credit card (automatic),108.4,Very High,7767.25,High Value,No
1047-RNXZV,Two year,No,Mailed check,19.55,Low,876.15,Medium Value,No
3541-ZNUHK,Month-to-month,Yes,Electronic check,85.1,High,4600.95,High Value,Yes
8450-JOVAH,Month-to-month,No,Mailed check,56.7,Medium,113.55,Low Value,Yes
8725-JEDFD,Month-to-month,Yes,Mailed check,69.05,Medium,1793.25,Medium Value,Yes
7562-UXTPG,Month-to-month,Yes,Mailed check,70.15,Medium,886.7,Medium Value,Yes
8071-SBTRN,Two year,Yes,Mailed check,111.15,Very High,7737.55,High Value,No
1113-IUJYX,One year,No,Mailed check,105.95,Very High,1348.9,Medium Value,No
6668-CNMFP,One year,Yes,Bank transfer (automatic),89.35,High,1686.85,Medium Value,No
5626-MGTUK,Month-to-month,Yes,Bank transfer (automatic),89.1,High,1879.25,Medium Value,Yes
5681-LLOEI,One year,Yes,Credit card (automatic),91.25,Very High,4013.8,High Value,No
8212-DJRCH,Month-to-month,Yes,Mailed check,90.35,Very High,434.5,Low Value,Yes
4323-OHFOW,One year,Yes,Bank transfer (automatic),105.55,Very High,7195.35,High Value,No
4933-BSAIP,Two year,No,Mailed check,19.1,Low,780.1,Medium Value,No
2030-BTZRO,Two year,Yes,Credit card (automatic),20.4,Low,107.6,Low Value,No
1116-DXXDF,Two year,Yes,Electronic check,100.45,Very High,3801.7,High Value,No
9274-CNFMO,Month-to-month,No,Electronic check,74.95,High,308.7,Low Value,Yes
7758-XKCBS,Month-to-month,Yes,Electronic check,29.7,Low,438.25,Low Value,Yes
8992-JQYUN,Month-to-month,Yes,Electronic check,50.35,Medium,50.35,Low Value,Yes
6563-VNPMN,Month-to-month,Yes,Bank transfer (automatic),85.7,High,3778.1,High Value,Yes
0617-AQNWT,Two year,No,Electronic check,47.85,Medium,3147.5,High Value,No
2267-WTPYD,Month-to-month,No,Credit card (automatic),94,Very High,5438.95,High Value,Yes
0270-THENM,Two year,No,Bank transfer (automatic),69.85,Medium,5102.35,High Value,No
2446-PLQVO,Month-to-month,Yes,Electronic check,70.3,Medium,70.3,Low Value,Yes
4707-MAXGU,Two year,No,Credit card (automatic),25.85,Low,1872.2,Medium Value,No
2710-WYVXG,Two year,No,Mailed check,71.1,High,213.35,Low Value,No
3005-NFMTA,Month-to-month,Yes,Electronic check,98.8,Very High,5617.75,High Value,Yes
6300-BWMJX,Month-to-month,No,Electronic check,93.35,Very High,5386.5,High Value,Yes
8784-CGILN,Month-to-month,Yes,Bank transfer (automatic),99.85,Very High,1776.95,Medium Value,Yes
5389-FFVKB,Month-to-month,Yes,Credit card (automatic),80.3,High,2483.05,Medium Value,Yes
7009-LGECI,Month-to-month,Yes,Bank transfer (automatic),50.55,Medium,235.65,Low Value,Yes
8444-WRIDW,Month-to-month,Yes,Credit card (automatic),80.45,High,5224.35,High Value,Yes
5022-KVDQT,Month-to-month,Yes,Electronic check,81.3,High,2272.8,Medium Value,Yes
7976-CICYS,Month-to-month,Yes,Credit card (automatic),20.7,Low,83.75,Low Value,Yes
1036-GUDCL,Month-to-month,Yes,Credit card (automatic),79.05,High,4663.4,High Value,Yes
2005-DWQZJ,Two year,No,Mailed check,19.05,Low,201.7,Low Value,No
8148-WOCMK,Two year,No,Credit card (automatic),19.6,Low,125,Low Value,No
7815-PDTHL,Two year,Yes,Mailed check,20.2,Low,684.4,Medium Value,No
9451-LPGOO,Month-to-month,Yes,Electronic check,86.8,High,620.35,Low Value,Yes
9173-IVZVP,Two year,No,Mailed check,20.9,Low,1146.05,Medium Value,No
9129-UXERG,Month-to-month,Yes,Credit card (automatic),103.6,Very High,1806.35,Medium Value,Yes
3635-JBPSG,Two year,Yes,Mailed check,38.8,Medium,603,Low Value,No
7964-ZRKKG,One year,Yes,Bank transfer (automatic),88.4,High,5798.3,High Value,No
5868-YWPDW,Month-to-month,Yes,Electronic check,84.2,High,519.15,Low Value,Yes
6229-LSCKB,Month-to-month,Yes,Electronic check,79.7,High,497.6,Low Value,Yes
2025-JKFWI,Month-to-month,Yes,Mailed check,99,Very High,1301.7,Medium Value,Yes
4078-SAYYN,Month-to-month,Yes,Electronic check,100.75,Very High,1129.75,Medium Value,Yes
1724-IQWNM,Month-to-month,Yes,Mailed check,19.3,Low,19.3,Low Value,Yes
8217-QYOHV,Month-to-month,Yes,Mailed check,55.75,Medium,266.95,Low Value,Yes
5546-QUERU,One year,Yes,Mailed check,19.95,Low,257,Low Value,No
9940-HPQPG,Month-to-month,No,Bank transfer (automatic),91.75,Very High,865.8,Medium Value,Yes
6897-UUBNU,Month-to-month,No,Mailed check,89.65,High,2623.65,Medium Value,Yes
6127-IYJOZ,Month-to-month,Yes,Mailed check,45.85,Medium,45.85,Low Value,Yes
6618-RYATB,Month-to-month,Yes,Mailed check,79.55,High,79.55,Low Value,Yes
8930-XOTDP,Month-to-month,No,Mailed check,55.95,Medium,1082.8,Medium Value,Yes
5916-QEWPT,Month-to-month,No,Credit card (automatic),69,Medium,147.8,Low Value,Yes
5060-TQUQN,Month-to-month,Yes,Bank transfer (automatic),83.55,High,2570.2,Medium Value,Yes
0531-XBKMM,Two year,No,Bank transfer (automatic),65.7,Medium,4378.9,High Value,No
8465-SBRXP,Two year,Yes,Bank transfer (automatic),94.9,Very High,3616.25,High Value,No
2408-PSJVE,Month-to-month,Yes,Mailed check,61.9,Medium,2924.05,High Value,Yes
9079-YEXQJ,Month-to-month,No,Electronic check,111.1,Very High,6014.85,High Value,Yes
9700-ZCLOT,Month-to-month,No,Mailed check,20,Low,32.7,Low Value,Yes
8738-JOKAR,One year,Yes,Mailed check,67.7,Medium,2882.25,High Value,No
4534-WGCIR,Two year,No,Credit card (automatic),25.15,Low,1509.9,Medium Value,No
1930-WNXSB,Month-to-month,Yes,Electronic check,92.85,Very High,5305.05,High Value,Yes
2685-SREOM,Month-to-month,Yes,Electronic check,89.1,High,2368.4,Medium Value,Yes
3508-CFVZL,Two year,No,Mailed check,111.3,Very High,7985.9,High Value,No
0402-CQAJN,Month-to-month,Yes,Bank transfer (automatic),101.9,Very High,3545.35,High Value,Yes
6692-UDPJC,Month-to-month,Yes,Electronic check,91.65,Very High,1301,Medium Value,Yes
1273-MTETI,Month-to-month,Yes,Electronic check,88.85,High,372.45,Low Value,Yes
0657-DOGUM,One year,Yes,Bank transfer (automatic),60.6,Medium,2985.25,High Value,No
5480-HPRRX,Month-to-month,No,Electronic check,25.3,Low,77.75,Low Value,Yes
8792-AOROI,Two year,No,Mailed check,65.5,Medium,564.35,Low Value,No
0295-PPHDO,Month-to-month,Yes,Electronic check,95.45,Very High,95.45,Low Value,Yes
5146-YYFRZ,Two year,No,Bank transfer (automatic),19.95,Low,1311.75,Medium Value,No
1195-OIYEJ,Month-to-month,Yes,Electronic check,91.1,Very High,1135.7,Medium Value,Yes
5906-CVLHP,One year,Yes,Credit card (automatic),54.15,Medium,2319.8,Medium Value,No
3452-SRFEG,Month-to-month,Yes,Bank transfer (automatic),74.6,High,3720.35,High Value,Yes
4070-OKWVH,Month-to-month,No,Bank transfer (automatic),94.6,Very High,5025.8,High Value,Yes
5297-MDOIR,One year,Yes,Credit card (automatic),81.15,High,5224.5,High Value,No
6369-MCAKO,Two year,Yes,Bank transfer (automatic),89.05,High,6185.8,High Value,No
4926-UMJZD,Month-to-month,Yes,Mailed check,49.2,Medium,1498.55,Medium Value,Yes
6848-HJTXY,Two year,No,Credit card (automatic),19.45,Low,1208.6,Medium Value,No
6341-AEVKX,One year,Yes,Electronic check,104.3,Very High,6613.65,High Value,No
4501-EQDRN,Month-to-month,No,Bank transfer (automatic),69.7,Medium,69.7,Low Value,Yes
2990-HWIML,Month-to-month,Yes,Electronic check,89.5,High,573.3,Low Value,Yes
0682-USIXD,Month-to-month,Yes,Electronic check,86.05,High,1818.9,Medium Value,Yes
6976-BWGLQ,Two year,No,Bank transfer (automatic),25.2,Low,1787.35,Medium Value,No
7078-NVFAM,Month-to-month,Yes,Electronic check,35.15,Low,1051.05,Medium Value,Yes
8065-QBYTO,One year,Yes,Credit card (automatic),99.65,Very High,7181.25,High Value,No
2133-TSRRM,Month-to-month,Yes,Bank transfer (automatic),105.35,Very High,3688.6,High Value,Yes
7384-GHBPI,Month-to-month,Yes,Electronic check,35.15,Low,99.75,Low Value,Yes
7603-USHJS,Month-to-month,Yes,Credit card (automatic),73.75,High,871.4,Medium Value,Yes
7234-FECYN,Month-to-month,No,Electronic check,101.35,Very High,780.5,Medium Value,Yes
2511-ALLCS,Two year,No,Bank transfer (automatic),24.3,Low,821.6,Medium Value,No
3191-CSNMG,Month-to-month,Yes,Electronic check,80.7,High,239.45,Low Value,Yes
7952-OBOYL,Month-to-month,Yes,Mailed check,89.85,High,244.45,Low Value,Yes
7470-DYNOE,One year,Yes,Electronic check,61.1,Medium,3357.9,High Value,No
7853-OETYL,Month-to-month,Yes,Electronic check,29.05,Low,129.6,Low Value,Yes
1545-ACTAS,One year,Yes,Bank transfer (automatic),99.7,Very High,4977.2,High Value,No
5876-HZVZM,Month-to-month,No,Credit card (automatic),55.9,Medium,365.35,Low Value,Yes
1400-MMYXY,Month-to-month,Yes,Electronic check,105.9,Very High,334.65,Low Value,Yes
5126-RCXYW,Two year,No,Credit card (automatic),46,Medium,2424.05,Medium Value,No
3085-QUOZK,Month-to-month,No,Mailed check,43.95,Medium,43.95,Low Value,Yes
2363-BJLSL,Month-to-month,Yes,Bank transfer (automatic),80.4,High,4981.15,High Value,Yes
1956-YIFGE,One year,Yes,Mailed check,100.05,Very High,2090.25,Medium Value,No
3926-CUQZX,Month-to-month,Yes,Bank transfer (automatic),45.1,Medium,45.1,Low Value,Yes
7921-LMDFQ,One year,Yes,Bank transfer (automatic),94,Very High,4905.75,High Value,No
2925-MXLSX,One year,Yes,Credit card (automatic),68.95,Medium,2038.7,Medium Value,No
5820-PTRYM,One year,Yes,Credit card (automatic),68.45,Medium,4014,High Value,No
9609-BENEA,One year,Yes,Electronic check,69,Medium,2441.7,Medium Value,No
6211-WHMYA,Month-to-month,Yes,Electronic check,43.85,Medium,2751,High Value,Yes
4459-BBGHE,Month-to-month,Yes,Electronic check,44.5,Medium,1307.8,Medium Value,Yes
9945-PSVIP,Two year,Yes,Mailed check,18.7,Low,383.65,Low Value,No
1041-RXHRA,Month-to-month,No,Bank transfer (automatic),70.25,Medium,2868.05,High Value,Yes
1750-CSKKM,Month-to-month,No,Electronic check,55.35,Medium,449.75,Low Value,Yes
9108-EJFJP,Month-to-month,Yes,Mailed check,53.55,Medium,53.55,Low Value,Yes
0530-IJVDB,Two year,Yes,Electronic check,114.6,Very High,7882.5,High Value,No
0508-SQWPL,Two year,Yes,Bank transfer (automatic),20.1,Low,1087.7,Medium Value,No
2215-ZAFGX,Month-to-month,Yes,Electronic check,85.5,High,791.7,Medium Value,Yes
8213-TAZPM,One year,Yes,Bank transfer (automatic),108.75,Very High,7493.05,High Value,No
7142-HVGBG,Month-to-month,Yes,Electronic check,103,Very High,4414.3,High Value,Yes
1304-SEGFY,Two year,Yes,Electronic check,97.85,Very High,6841.3,High Value,No
7242-EDTYC,Two year,No,Bank transfer (automatic),19.55,Low,819.95,Medium Value,No
2904-GGUAZ,Two year,Yes,Bank transfer (automatic),84.05,High,6052.25,High Value,No
8267-ZNYVZ,One year,Yes,Electronic check,103.75,Very High,3361.05,High Value,No
5136-GFPMB,Month-to-month,No,Credit card (automatic),89.4,High,4869.5,High Value,Yes
2595-KIWPV,Two year,No,Credit card (automatic),19.7,Low,509.3,Low Value,No
5243-SAOTC,Month-to-month,Yes,Bank transfer (automatic),79.85,High,4308.25,High Value,Yes
9398-MMQTO,Month-to-month,No,Credit card (automatic),74.45,High,221.1,Low Value,Yes
7619-PLRLP,One year,No,Bank transfer (automatic),74.1,High,3833.95,High Value,No
6457-GIRWB,Month-to-month,Yes,Electronic check,69.35,Medium,69.35,Low Value,Yes
6508-NJYRO,One year,No,Mailed check,18.8,Low,294.95,Low Value,No
1450-SKCVI,Month-to-month,Yes,Electronic check,73.85,High,4092.85,High Value,Yes
4710-NKCAW,Month-to-month,No,Credit card (automatic),64.4,Medium,316.9,Low Value,Yes
5306-BVTKJ,One year,Yes,Credit card (automatic),55.8,Medium,2651.2,Medium Value,No
0357-NVCRI,Month-to-month,No,Credit card (automatic),20.05,Low,471.7,Low Value,Yes
5570-PTWEH,Month-to-month,Yes,Credit card (automatic),75.15,High,216.75,Low Value,Yes
2371-KFUOG,One year,No,Bank transfer (automatic),99.15,Very High,5720.95,High Value,No
0463-ZSDNT,Month-to-month,Yes,Bank transfer (automatic),56.75,Medium,503.25,Low Value,Yes
6502-MJQAE,Month-to-month,Yes,Electronic check,69.6,Medium,69.6,Low Value,Yes
6257-DTAYD,Two year,Yes,Credit card (automatic),104.15,Very High,7365.3,High Value,No
4616-ULAOA,Two year,Yes,Credit card (automatic),110.8,Very High,7245.9,High Value,No
7693-LCKZL,Month-to-month,Yes,Electronic check,80.15,High,385,Low Value,Yes
7746-AWNQW,Month-to-month,Yes,Mailed check,35.75,Medium,961.4,Medium Value,Yes
5996-EBTKM,Two year,Yes,Bank transfer (automatic),69.9,Medium,4615.9,High Value,No
2758-RNWXS,One year,Yes,Electronic check,89.2,High,3251.3,High Value,No
2314-TNDJQ,Two year,No,Credit card (automatic),55.65,Medium,3880.05,High Value,No
2405-LBMUW,One year,Yes,Bank transfer (automatic),50.7,Medium,3088.75,High Value,No
3454-JFUBC,Two year,Yes,Credit card (automatic),20,Low,1396,Medium Value,No
0032-PGELS,Month-to-month,No,Bank transfer (automatic),30.5,Low,30.5,Low Value,Yes
9039-ZVJDC,Month-to-month,Yes,Mailed check,19.1,Low,53.05,Low Value,Yes
6797-LNAQX,Two year,No,Bank transfer (automatic),98.3,Very High,6859.5,High Value,No
9013-AQORL,Month-to-month,No,Credit card (automatic),45.55,Medium,2108.35,Medium Value,Yes
2898-MRKPI,One year,Yes,Credit card (automatic),101.05,Very High,6770.5,High Value,No
2750-BJLSB,One year,Yes,Electronic check,103.7,Very High,4730.6,High Value,No
3648-GZPHF,One year,Yes,Mailed check,36.25,Medium,1151.05,Medium Value,No
2075-RMJIK,Month-to-month,Yes,Mailed check,49.4,Medium,232.55,Low Value,Yes
9588-YRFHY,Two year,Yes,Credit card (automatic),19.9,Low,1022.6,Medium Value,No
6394-MFYNG,Month-to-month,Yes,Bank transfer (automatic),107.4,Very High,5121.3,High Value,Yes
1564-NTYXF,Month-to-month,Yes,Electronic check,82,High,1127.2,Medium Value,Yes
9364-YKUVW,Month-to-month,Yes,Mailed check,19.8,Low,309.4,Low Value,Yes
5392-AKEMH,Month-to-month,Yes,Electronic check,45.05,Medium,523.1,Low Value,Yes
2451-YMUXS,Two year,Yes,Bank transfer (automatic),64.55,Medium,4250.1,High Value,No
3914-FDRHP,Month-to-month,No,Electronic check,86.25,High,770.5,Medium Value,Yes
3078-ZKNTS,Two year,Yes,Bank transfer (automatic),19.75,Low,246.7,Low Value,No
1024-KPRBB,One year,Yes,Mailed check,89.1,High,3342,High Value,No
4690-PKDQG,Month-to-month,Yes,Electronic check,95.55,Very High,3930.6,High Value,Yes
8155-IBNHG,Month-to-month,Yes,Credit card (automatic),75.4,High,1747.85,Medium Value,Yes
0886-QGENL,Month-to-month,Yes,Electronic check,101.25,Very High,2754.45,High Value,Yes
9547-ITEFG,Month-to-month,Yes,Credit card (automatic),102.6,Very High,897.75,Medium Value,Yes
1264-FUHCX,One year,Yes,Credit card (automatic),56.3,Medium,2780.6,High Value,No
7789-CRUVC,Month-to-month,Yes,Credit card (automatic),94.2,Very High,5895.45,High Value,Yes
6598-KELSS,One year,Yes,Bank transfer (automatic),43.05,Medium,2208.05,Medium Value,No
8739-WWKDU,Month-to-month,Yes,Electronic check,89.5,High,2196.15,Medium Value,Yes
8685-WHQPW,Month-to-month,Yes,Bank transfer (automatic),74.4,High,1692.6,Medium Value,Yes
4745-LSPLO,Month-to-month,No,Mailed check,20.5,Low,20.5,Low Value,Yes
8083-YTZES,Month-to-month,Yes,Electronic check,74.35,High,265.35,Low Value,Yes
7240-FQLHE,Month-to-month,No,Bank transfer (automatic),99.75,Very High,1836.25,Medium Value,Yes
6664-FPDAC,One year,Yes,Electronic check,111.95,Very High,6418.9,High Value,No
9972-VAFJJ,One year,Yes,Electronic check,94,Very High,4871.45,High Value,No
0422-UXFAP,One year,Yes,Electronic check,98.85,Very High,4947.55,High Value,No
1904-WAJAA,Two year,No,Electronic check,64.35,Medium,1558.65,Medium Value,No
5130-YPIRV,Two year,Yes,Credit card (automatic),72,High,4284.2,High Value,No
2843-CQMEG,Month-to-month,Yes,Mailed check,49.7,Medium,1218.25,Medium Value,Yes
6439-PKTRR,Two year,No,Electronic check,80.7,High,5617.95,High Value,No
5351-QESIO,Month-to-month,No,Mailed check,24.2,Low,24.2,Low Value,Yes
0786-VSSUD,Month-to-month,Yes,Mailed check,39,Medium,679.85,Medium Value,Yes
5568-DMXZS,Month-to-month,Yes,Electronic check,65.45,Medium,554.45,Low Value,Yes
8468-FZTOE,Two year,Yes,Electronic check,74.35,High,5237.4,High Value,No
6633-SYEUS,Month-to-month,No,Bank transfer (automatic),83.2,High,2032.3,Medium Value,Yes
6447-GORXK,Month-to-month,No,Credit card (automatic),25,Low,789.2,Medium Value,Yes
6967-PEJLL,One year,Yes,Electronic check,40.2,Medium,1525.35,Medium Value,No
3976-BWUCK,Month-to-month,Yes,Credit card (automatic),94.1,Very High,2804.45,High Value,Yes
5981-ZVXOT,One year,Yes,Electronic check,108.35,Very High,3726.15,High Value,No
1684-FLBGS,Month-to-month,Yes,Credit card (automatic),69.5,Medium,1652.1,Medium Value,Yes
1389-WNUIB,One year,No,Bank transfer (automatic),76,High,1588.75,Medium Value,No
0376-OIWME,Month-to-month,Yes,Electronic check,93.6,Very High,3366.05,High Value,Yes
3585-ISXZP,Month-to-month,No,Bank transfer (automatic),95.65,Very High,778.1,Medium Value,Yes
0218-QNVAS,One year,No,Bank transfer (automatic),100.55,Very High,7113.75,High Value,No
6583-QGCSI,Month-to-month,Yes,Electronic check,88.05,High,4367.35,High Value,Yes
0804-YGEQV,One year,Yes,Bank transfer (automatic),24.45,Low,993.15,Medium Value,No
7164-BPTUT,Two year,No,Mailed check,89.55,High,5012.35,High Value,No
4174-LPGTI,One year,Yes,Bank transfer (automatic),66.5,Medium,2728.6,Medium Value,No
2523-EWWZL,Month-to-month,Yes,Electronic check,76.1,High,2093.4,Medium Value,Yes
0928-XUTSN,Month-to-month,Yes,Electronic check,80.5,High,1011.8,Medium Value,Yes
2108-XWMPY,Month-to-month,Yes,Mailed check,35.45,Low,106.85,Low Value,Yes
0052-YNYOT,One year,No,Electronic check,20.55,Low,1343.4,Medium Value,No
6304-IJFSQ,Month-to-month,Yes,Mailed check,49.9,Medium,130.1,Low Value,Yes
9586-JGQKH,Two year,Yes,Bank transfer (automatic),105.4,Very High,6794.75,High Value,No
4501-VCPFK,Month-to-month,No,Electronic check,35.75,Medium,1022.5,Medium Value,Yes
6075-SLNIL,Month-to-month,Yes,Credit card (automatic),95.1,Very High,3691.2,High Value,Yes
9347-AERRL,One year,No,Credit card (automatic),19.3,Low,486.2,Low Value,No
0093-XWZFY,Month-to-month,Yes,Credit card (automatic),104.5,Very High,4036.85,High Value,Yes
2274-XUATA,Two year,Yes,Bank transfer (automatic),63.1,Medium,4685.55,High Value,No
1980-KXVPM,Month-to-month,Yes,Credit card (automatic),75.05,High,256.25,Low Value,Yes
7703-ZEKEF,Month-to-month,Yes,Electronic check,81,High,1917.1,Medium Value,Yes
0723-DRCLG,Month-to-month,Yes,Electronic check,74.45,High,74.45,Low Value,Yes
5482-NUPNA,Month-to-month,Yes,Mailed check,60.4,Medium,272.15,Low Value,Yes
6691-CCIHA,Two year,Yes,Electronic check,84.95,High,5150.55,High Value,No
1685-BQULA,Month-to-month,Yes,Bank transfer (automatic),93.4,Very High,3756.4,High Value,Yes
9053-EJUNL,Month-to-month,Yes,Electronic check,89.2,High,3645.75,High Value,Yes
0666-UXTJO,Month-to-month,Yes,Credit card (automatic),85.2,High,2874.45,High Value,Yes
1471-GIQKQ,Month-to-month,No,Electronic check,49.95,Medium,49.95,Low Value,Yes
4807-IZYOZ,Two year,No,Bank transfer (automatic),20.65,Low,1020.75,Medium Value,No
1122-JWTJW,Month-to-month,Yes,Mailed check,70.65,High,70.65,Low Value,Yes
9710-NJERN,Two year,No,Mailed check,20.15,Low,826,Medium Value,No
9837-FWLCH,Month-to-month,Yes,Electronic check,19.2,Low,239,Low Value,Yes
1699-HPSBG,One year,Yes,Electronic check,59.8,Medium,727.8,Medium Value,No
7203-OYKCT,One year,Yes,Electronic check,104.95,Very High,7544.3,High Value,No
1035-IPQPU,Month-to-month,Yes,Electronic check,103.5,Very High,6479.4,High Value,Yes
7398-LXGYX,Month-to-month,Yes,Credit card (automatic),84.8,High,3626.35,High Value,Yes
2823-LKABH,Month-to-month,Yes,Bank transfer (automatic),95.05,Very High,1679.4,Medium Value,Yes
8775-CEBBJ,Month-to-month,Yes,Bank transfer (automatic),44.2,Medium,403.35,Low Value,Yes
0550-DCXLH,Month-to-month,No,Mailed check,73.35,High,931.55,Medium Value,Yes
9281-CEDRU,Two year,No,Bank transfer (automatic),64.1,Medium,4326.25,High Value,No
2235-DWLJU,Month-to-month,Yes,Electronic check,44.4,Medium,263.05,Low Value,Yes
0871-OPBXW,Month-to-month,Yes,Mailed check,20.05,Low,39.25,Low Value,Yes
3605-JISKB,One year,No,Credit card (automatic),60,Medium,3316.1,High Value,No
6894-LFHLY,Month-to-month,Yes,Electronic check,75.75,High,75.75,Low Value,Yes
9767-FFLEM,Month-to-month,Yes,Credit card (automatic),69.5,Medium,2625.25,Medium Value,Yes
0639-TSIQW,Month-to-month,Yes,Credit card (automatic),102.95,Very High,6886.25,High Value,Yes
8456-QDAVC,Month-to-month,Yes,Bank transfer (automatic),78.7,High,1495.1,Medium Value,Yes
7750-EYXWZ,One year,No,Electronic check,60.65,Medium,743.3,Medium Value,No
2569-WGERO,Two year,Yes,Bank transfer (automatic),21.15,Low,1419.4,Medium Value,No
6840-RESVB,One year,Yes,Mailed check,84.8,High,1990.5,Medium Value,No
2234-XADUH,One year,Yes,Credit card (automatic),103.2,Very High,7362.9,High Value,No
4801-JZAZL,Month-to-month,Yes,Electronic check,29.6,Low,346.45,Low Value,Yes
8361-LTMKD,Month-to-month,Yes,Mailed check,74.4,High,306.6,Low Value,Yes
3186-AJIEK,Two year,Yes,Bank transfer (automatic),105.65,Very High,6844.5,High Value,No
